Algorithm,Development_Row,Fold,y_true,y_probability,y_prediction,Threshold
LogisticRegression,0,3,0,0.690398857697116,1,0.5
LogisticRegression,1,3,1,0.523342296478299,1,0.5
LogisticRegression,2,5,0,0.5099803775399484,1,0.5
LogisticRegression,3,3,1,0.9445574340202294,1,0.5
LogisticRegression,4,2,0,0.47288213146582236,0,0.5
LogisticRegression,5,4,0,0.1405726612684875,0,0.5
LogisticRegression,6,3,0,0.4814542685706476,0,0.5
LogisticRegression,7,2,1,0.6402611415110383,1,0.5
LogisticRegression,8,3,1,0.830387162720672,1,0.5
LogisticRegression,9,2,0,0.5627373546805488,1,0.5
LogisticRegression,10,3,0,0.8728437536277291,1,0.5
LogisticRegression,11,4,0,0.6248338681697495,1,0.5
LogisticRegression,12,3,0,0.4324893265234667,0,0.5
LogisticRegression,13,2,1,0.6283365701120148,1,0.5
LogisticRegression,14,5,1,0.877515140842937,1,0.5
LogisticRegression,15,2,0,0.28655401055587715,0,0.5
LogisticRegression,16,3,0,0.527414962859978,1,0.5
LogisticRegression,17,4,0,0.09539236326147313,0,0.5
LogisticRegression,18,3,0,0.3235433480827836,0,0.5
LogisticRegression,19,4,0,0.26805917979638966,0,0.5
LogisticRegression,20,2,1,0.7620160971656387,1,0.5
LogisticRegression,21,5,0,0.5867758079451195,1,0.5
LogisticRegression,22,4,0,0.34805239258586124,0,0.5
LogisticRegression,23,3,0,0.6321496335489342,1,0.5
LogisticRegression,24,4,1,0.5930461229684831,1,0.5
LogisticRegression,25,4,0,0.06855292758882996,0,0.5
LogisticRegression,26,5,0,0.1464129142340314,0,0.5
LogisticRegression,27,4,0,0.027518895443777336,0,0.5
LogisticRegression,28,3,0,0.29010839555462875,0,0.5
LogisticRegression,29,5,0,0.05715214503129885,0,0.5
LogisticRegression,30,2,0,0.6055517623023292,1,0.5
LogisticRegression,31,3,0,0.4394922321539031,0,0.5
LogisticRegression,32,3,1,0.5345448900989077,1,0.5
LogisticRegression,33,2,1,0.8528471345224742,1,0.5
LogisticRegression,34,5,1,0.0006148025705469864,0,0.5
LogisticRegression,35,3,1,0.48953281782906616,0,0.5
LogisticRegression,36,4,0,0.897935523265804,1,0.5
LogisticRegression,37,5,0,0.002829962299960494,0,0.5
LogisticRegression,38,5,0,0.7973653259877719,1,0.5
LogisticRegression,39,2,0,0.5977179404995993,1,0.5
LogisticRegression,40,3,0,0.09784992670993639,0,0.5
LogisticRegression,41,4,0,0.09991102141580854,0,0.5
LogisticRegression,42,2,0,0.06731041441517668,0,0.5
LogisticRegression,43,5,0,0.09320900440416544,0,0.5
LogisticRegression,44,5,0,0.03534192407075021,0,0.5
LogisticRegression,45,2,0,0.025609351544783197,0,0.5
LogisticRegression,46,3,0,0.012482440184528308,0,0.5
LogisticRegression,47,3,0,0.06859574109440304,0,0.5
LogisticRegression,48,4,0,0.12199385790885608,0,0.5
LogisticRegression,49,5,0,0.028275590189171113,0,0.5
LogisticRegression,50,4,0,0.6791671221672054,1,0.5
LogisticRegression,51,5,0,0.4613695410698923,0,0.5
LogisticRegression,52,3,0,0.797887108909885,1,0.5
LogisticRegression,53,2,0,0.449223356275942,0,0.5
LogisticRegression,54,3,1,0.3023641489976715,0,0.5
LogisticRegression,55,4,0,0.5890996484196791,1,0.5
LogisticRegression,56,5,0,0.1294015813278047,0,0.5
LogisticRegression,57,5,0,0.6680181881741942,1,0.5
LogisticRegression,58,3,0,0.4358531983696451,0,0.5
LogisticRegression,59,2,0,0.5078242705436945,1,0.5
LogisticRegression,60,4,0,0.09036000829644586,0,0.5
LogisticRegression,61,4,0,0.5074690515401853,1,0.5
LogisticRegression,62,5,0,0.029297745395652552,0,0.5
LogisticRegression,63,3,0,0.3062707433646463,0,0.5
LogisticRegression,64,5,0,0.0324168926959954,0,0.5
LogisticRegression,65,3,0,0.5095213350801416,1,0.5
LogisticRegression,66,2,0,0.6485773184962385,1,0.5
LogisticRegression,67,4,0,0.12191527434792786,0,0.5
LogisticRegression,68,4,0,0.35865421289365806,0,0.5
LogisticRegression,69,5,0,0.13216793868549387,0,0.5
LogisticRegression,70,3,0,0.3576059705865722,0,0.5
LogisticRegression,71,2,0,0.3464172696697795,0,0.5
LogisticRegression,72,3,0,0.2993812693038106,0,0.5
LogisticRegression,73,4,0,0.12370947745734492,0,0.5
LogisticRegression,74,2,0,0.6807147419608147,1,0.5
LogisticRegression,75,2,0,0.5315197383786966,1,0.5
LogisticRegression,76,3,1,0.16027040159427128,0,0.5
LogisticRegression,77,3,0,0.7294838425910186,1,0.5
LogisticRegression,78,3,0,0.5519187904809442,1,0.5
LogisticRegression,79,5,0,0.4576492113006547,0,0.5
LogisticRegression,80,3,0,0.23995541876017265,0,0.5
LogisticRegression,81,3,0,0.5637080840662773,1,0.5
LogisticRegression,82,3,0,0.7665449327243828,1,0.5
LogisticRegression,83,2,0,0.16707156270294707,0,0.5
LogisticRegression,84,3,0,0.728515402480324,1,0.5
LogisticRegression,85,5,0,0.4922436105691726,0,0.5
LogisticRegression,86,2,0,0.07869539305511808,0,0.5
LogisticRegression,87,4,1,0.9684198524149563,1,0.5
LogisticRegression,88,4,0,0.3129651979833667,0,0.5
LogisticRegression,89,3,0,0.8104599797588915,1,0.5
LogisticRegression,90,3,0,0.14183156091876076,0,0.5
LogisticRegression,91,2,0,0.4766707679468841,0,0.5
LogisticRegression,92,4,1,0.7707185917258077,1,0.5
LogisticRegression,93,5,0,0.2718624460743195,0,0.5
LogisticRegression,94,2,0,0.5414713822354865,1,0.5
LogisticRegression,95,3,0,0.25232624996003045,0,0.5
LogisticRegression,96,2,0,0.2648237563213471,0,0.5
LogisticRegression,97,3,0,0.4622661014030751,0,0.5
LogisticRegression,98,5,0,0.1614660936090808,0,0.5
LogisticRegression,99,2,0,0.053648210486076035,0,0.5
LogisticRegression,100,4,0,0.5025317799996689,1,0.5
LogisticRegression,101,2,0,0.23759756138181207,0,0.5
LogisticRegression,102,3,0,0.03377345225274188,0,0.5
LogisticRegression,103,4,0,0.3640823189233447,0,0.5
LogisticRegression,104,5,0,0.008439133614545237,0,0.5
LogisticRegression,105,3,0,0.2396649317408609,0,0.5
LogisticRegression,106,3,0,0.5868601832262403,1,0.5
LogisticRegression,107,5,0,0.037257805823852914,0,0.5
LogisticRegression,108,3,0,0.3509855421371043,0,0.5
LogisticRegression,109,4,0,0.17065587833960166,0,0.5
LogisticRegression,110,5,0,0.05924533769673686,0,0.5
LogisticRegression,111,2,0,0.052808908923474285,0,0.5
LogisticRegression,112,3,0,0.03281572936207096,0,0.5
LogisticRegression,113,4,0,0.029607091826696193,0,0.5
LogisticRegression,114,5,0,0.27918220763839624,0,0.5
LogisticRegression,115,5,0,0.03341024141199701,0,0.5
LogisticRegression,116,2,0,0.031194796273271156,0,0.5
LogisticRegression,117,3,0,0.022679419610547303,0,0.5
LogisticRegression,118,4,1,0.6797351219775287,1,0.5
LogisticRegression,119,5,1,0.16806597000216428,0,0.5
LogisticRegression,120,3,1,0.8393237793934314,1,0.5
LogisticRegression,121,3,0,0.7901520707867152,1,0.5
LogisticRegression,122,4,0,0.5935998115285673,1,0.5
LogisticRegression,123,2,0,0.6750244653226632,1,0.5
LogisticRegression,124,2,0,0.42301488147768984,0,0.5
LogisticRegression,125,4,0,0.8751855584584788,1,0.5
LogisticRegression,126,3,0,0.5723665221762063,1,0.5
LogisticRegression,127,2,0,0.7701538074032072,1,0.5
LogisticRegression,128,4,1,0.7337648151643575,1,0.5
LogisticRegression,129,5,1,0.13272857930473114,0,0.5
LogisticRegression,130,3,0,0.4717957284390678,0,0.5
LogisticRegression,131,3,0,0.5763381180918625,1,0.5
LogisticRegression,132,5,0,0.0292160633789017,0,0.5
LogisticRegression,133,3,0,0.6902701180538809,1,0.5
LogisticRegression,134,3,0,0.5816588404512857,1,0.5
LogisticRegression,135,3,0,0.2951492011463431,0,0.5
LogisticRegression,136,3,0,0.5003939805630903,1,0.5
LogisticRegression,137,3,0,0.4105674544182318,0,0.5
LogisticRegression,138,3,0,0.6163932509679091,1,0.5
LogisticRegression,139,2,0,0.47448028998458186,0,0.5
LogisticRegression,140,4,0,0.5467039885297456,1,0.5
LogisticRegression,141,4,0,0.8288185104615103,1,0.5
LogisticRegression,142,5,0,0.41077305982542106,0,0.5
LogisticRegression,143,3,0,0.45130466067929553,0,0.5
LogisticRegression,144,2,0,0.3363756784057594,0,0.5
LogisticRegression,145,4,0,0.40878831238457347,0,0.5
LogisticRegression,146,5,0,0.34218063540960675,0,0.5
LogisticRegression,147,3,0,0.08925246447696562,0,0.5
LogisticRegression,148,2,0,0.28654320429364777,0,0.5
LogisticRegression,149,3,0,0.2141847438169457,0,0.5
LogisticRegression,150,4,0,0.29182161969351783,0,0.5
LogisticRegression,151,5,0,0.156617269408653,0,0.5
LogisticRegression,152,2,0,0.15634972266357655,0,0.5
LogisticRegression,153,5,0,0.0712973592808439,0,0.5
LogisticRegression,154,3,0,0.06881057196023356,0,0.5
LogisticRegression,155,5,0,0.030770942683809956,0,0.5
LogisticRegression,156,2,0,0.03229015159782797,0,0.5
LogisticRegression,157,3,0,0.01408337556637689,0,0.5
LogisticRegression,158,5,0,0.011088079785523335,0,0.5
LogisticRegression,159,5,1,0.3158533688526552,0,0.5
LogisticRegression,160,2,0,0.3698337492027943,0,0.5
LogisticRegression,161,3,1,0.44253158249976354,0,0.5
LogisticRegression,162,3,0,0.498079815163266,0,0.5
LogisticRegression,163,3,0,0.704571441924023,1,0.5
LogisticRegression,164,3,0,0.5152307862188414,1,0.5
LogisticRegression,165,3,0,0.5139204924024875,1,0.5
LogisticRegression,166,5,0,0.40120567112293337,0,0.5
LogisticRegression,167,5,0,0.14796892826032482,0,0.5
LogisticRegression,168,2,0,0.23017756515072232,0,0.5
LogisticRegression,169,2,0,0.06529130063641374,0,0.5
LogisticRegression,170,4,0,0.507975778073121,1,0.5
LogisticRegression,171,4,0,0.35427500553782104,0,0.5
LogisticRegression,172,4,0,0.42728921312603274,0,0.5
LogisticRegression,173,4,0,0.5802124631412472,1,0.5
LogisticRegression,174,5,0,0.17963345299978126,0,0.5
LogisticRegression,175,2,0,0.16821775118506035,0,0.5
LogisticRegression,176,3,0,0.15688626908337805,0,0.5
LogisticRegression,177,3,0,0.8361713385427388,1,0.5
LogisticRegression,178,4,0,0.25987234139053844,0,0.5
LogisticRegression,179,5,0,0.4955818304772282,0,0.5
LogisticRegression,180,4,0,0.4139773150368227,0,0.5
LogisticRegression,181,4,0,0.6528087564799786,1,0.5
LogisticRegression,182,2,0,0.3008039790890244,0,0.5
LogisticRegression,183,4,0,2.2361725502737405e-07,0,0.5
LogisticRegression,184,5,0,0.6539946721670712,1,0.5
LogisticRegression,185,2,1,0.4078479167464504,0,0.5
LogisticRegression,186,4,0,0.34328035093804715,0,0.5
LogisticRegression,187,3,0,0.5892386903618605,1,0.5
LogisticRegression,188,3,0,0.6416714083142709,1,0.5
LogisticRegression,189,2,0,0.43032807699572645,0,0.5
LogisticRegression,190,3,0,0.6983088091458475,1,0.5
LogisticRegression,191,2,1,0.8459276976800396,1,0.5
LogisticRegression,192,3,0,0.17486321132058202,0,0.5
LogisticRegression,193,5,0,0.17897025036654463,0,0.5
LogisticRegression,194,2,0,0.08669467311001597,0,0.5
LogisticRegression,195,5,1,0.009431484450706408,0,0.5
LogisticRegression,196,2,0,0.8257819856148841,1,0.5
LogisticRegression,197,4,0,0.48954253802785885,0,0.5
LogisticRegression,198,3,0,0.9995572625249434,1,0.5
LogisticRegression,199,3,0,0.2828180671587247,0,0.5
LogisticRegression,200,4,1,0.4020388717797203,0,0.5
LogisticRegression,201,2,0,0.48545583242466184,0,0.5
LogisticRegression,202,2,1,0.8176071653148517,1,0.5
LogisticRegression,203,2,0,0.5854326122415239,1,0.5
LogisticRegression,204,2,0,0.3818341053513221,0,0.5
LogisticRegression,205,3,0,0.9960273807583037,1,0.5
LogisticRegression,206,4,0,0.23380157405879426,0,0.5
LogisticRegression,207,3,0,0.3368743401818537,0,0.5
LogisticRegression,208,4,0,0.5325326611016016,1,0.5
LogisticRegression,209,2,1,0.49495502060505164,0,0.5
LogisticRegression,210,3,0,0.10179658452781373,0,0.5
LogisticRegression,211,4,1,0.5694495303013349,1,0.5
LogisticRegression,212,3,1,0.49092049222025474,0,0.5
LogisticRegression,213,4,0,0.1030795569534129,0,0.5
LogisticRegression,214,5,0,0.6490021301455441,1,0.5
LogisticRegression,215,2,1,0.5279559979358752,1,0.5
LogisticRegression,216,4,0,0.6841722293184661,1,0.5
LogisticRegression,217,2,0,0.9164750624208282,1,0.5
LogisticRegression,218,3,1,0.8251301719864674,1,0.5
LogisticRegression,219,4,1,0.9818650558513435,1,0.5
LogisticRegression,220,2,1,0.7174269608815852,1,0.5
LogisticRegression,221,2,1,0.8095150122028751,1,0.5
LogisticRegression,222,3,0,0.6633402717473778,1,0.5
LogisticRegression,223,2,0,0.8664843931092104,1,0.5
LogisticRegression,224,3,1,0.6504210124584042,1,0.5
LogisticRegression,225,2,0,0.19065645293785868,0,0.5
LogisticRegression,226,3,1,0.4402660921867653,0,0.5
LogisticRegression,227,3,0,0.40524542374525147,0,0.5
LogisticRegression,228,2,1,0.21995664700822673,0,0.5
LogisticRegression,229,3,0,0.3376605973732479,0,0.5
LogisticRegression,230,2,0,0.41080600932117395,0,0.5
LogisticRegression,231,3,0,0.5342476313652758,1,0.5
LogisticRegression,232,4,0,0.2344758133367079,0,0.5
LogisticRegression,233,5,1,0.7474816195851361,1,0.5
LogisticRegression,234,3,0,0.501622035404083,1,0.5
LogisticRegression,235,3,0,0.5382960433005639,1,0.5
LogisticRegression,236,2,0,0.13529038762622922,0,0.5
LogisticRegression,237,4,0,0.8210986218633467,1,0.5
LogisticRegression,238,3,1,0.2129970415619985,0,0.5
LogisticRegression,239,4,0,0.15502842745930956,0,0.5
LogisticRegression,240,2,0,0.3305296241999801,0,0.5
LogisticRegression,241,4,0,0.416525960265515,0,0.5
LogisticRegression,242,3,0,0.2779649797750797,0,0.5
LogisticRegression,243,3,0,0.25703517004748744,0,0.5
LogisticRegression,244,2,0,0.6578071564663177,1,0.5
LogisticRegression,245,3,0,0.5361799990533856,1,0.5
LogisticRegression,246,3,0,0.2787174761730818,0,0.5
LogisticRegression,247,3,0,0.21670442451681948,0,0.5
LogisticRegression,248,2,1,0.3301671166721735,0,0.5
LogisticRegression,249,5,0,0.4287530077344137,0,0.5
LogisticRegression,250,3,0,0.051191661558409596,0,0.5
LogisticRegression,251,3,0,0.3224583686934601,0,0.5
LogisticRegression,252,3,0,0.326932600389293,0,0.5
LogisticRegression,253,4,0,0.39537928267976363,0,0.5
LogisticRegression,254,3,0,0.24635173702048843,0,0.5
LogisticRegression,255,5,0,0.05393755356014457,0,0.5
LogisticRegression,256,2,0,0.35482791763388344,0,0.5
LogisticRegression,257,5,0,0.7085142920902285,1,0.5
LogisticRegression,258,5,0,0.23145500454186568,0,0.5
LogisticRegression,259,2,0,0.053155595518847486,0,0.5
LogisticRegression,260,4,0,0.03908647032251245,0,0.5
LogisticRegression,261,3,0,0.2601130805973567,0,0.5
LogisticRegression,262,2,0,0.32946999028325813,0,0.5
LogisticRegression,263,3,0,0.07358464308954006,0,0.5
LogisticRegression,264,3,0,0.340355852396296,0,0.5
LogisticRegression,265,5,0,0.012300638606750632,0,0.5
LogisticRegression,266,3,0,0.44721408255342066,0,0.5
LogisticRegression,267,3,0,0.0010626098352619455,0,0.5
LogisticRegression,268,3,0,0.4952781484533377,0,0.5
LogisticRegression,269,3,1,0.8153313131775702,1,0.5
LogisticRegression,270,3,0,0.2795535192112499,0,0.5
LogisticRegression,271,3,0,0.8018705165868948,1,0.5
LogisticRegression,272,5,1,0.24143265766855204,0,0.5
LogisticRegression,273,4,0,0.6385418260913833,1,0.5
LogisticRegression,274,5,0,0.1505956761961224,0,0.5
LogisticRegression,275,2,0,0.1096796236276764,0,0.5
LogisticRegression,276,3,0,0.49775905795775743,0,0.5
LogisticRegression,277,3,0,0.21176808038219835,0,0.5
LogisticRegression,278,3,0,0.24877163055438295,0,0.5
LogisticRegression,279,3,1,0.13920892859420825,0,0.5
LogisticRegression,280,2,0,0.019761086438650342,0,0.5
LogisticRegression,281,3,0,0.5445459075085854,1,0.5
LogisticRegression,282,3,0,0.23404419950227942,0,0.5
LogisticRegression,283,2,0,0.031610316304448625,0,0.5
LogisticRegression,284,4,0,0.5255451182731183,1,0.5
LogisticRegression,285,2,0,0.14770862084267813,0,0.5
LogisticRegression,286,5,1,0.5782526014351357,1,0.5
LogisticRegression,287,3,0,0.32306463083250303,0,0.5
LogisticRegression,288,4,0,0.48735682115082435,0,0.5
LogisticRegression,289,5,0,0.14347416170095306,0,0.5
LogisticRegression,290,3,0,0.5509801368395246,1,0.5
LogisticRegression,291,2,1,0.7657111482792942,1,0.5
LogisticRegression,292,3,0,0.869734240211312,1,0.5
LogisticRegression,293,4,0,0.18608558402249561,0,0.5
LogisticRegression,294,5,0,0.5502160005965303,1,0.5
LogisticRegression,295,2,0,0.838786236685293,1,0.5
LogisticRegression,296,5,0,0.005320303042477451,0,0.5
LogisticRegression,297,3,0,0.5970791360741633,1,0.5
LogisticRegression,298,2,0,0.5589120326682253,1,0.5
LogisticRegression,299,3,0,0.16373543233980423,0,0.5
LogisticRegression,300,4,1,0.7461319122549182,1,0.5
LogisticRegression,301,5,0,0.5182340921909524,1,0.5
LogisticRegression,302,5,0,0.05450134657367235,0,0.5
LogisticRegression,303,2,0,0.12280779412579196,0,0.5
LogisticRegression,304,5,0,0.3041105735043153,0,0.5
LogisticRegression,305,3,0,0.3350617125834635,0,0.5
LogisticRegression,306,3,0,0.30345798943995994,0,0.5
LogisticRegression,307,3,1,0.1831854047333156,0,0.5
LogisticRegression,308,3,0,0.07705970901470979,0,0.5
LogisticRegression,309,3,0,0.0003268643403067444,0,0.5
LogisticRegression,310,3,0,0.05748945395132669,0,0.5
LogisticRegression,311,4,0,5.602660702449352e-05,0,0.5
LogisticRegression,312,5,0,0.00028114406535611477,0,0.5
LogisticRegression,313,5,0,0.12581262339452992,0,0.5
LogisticRegression,314,5,0,0.05747319897272931,0,0.5
LogisticRegression,315,3,0,0.17518709820945616,0,0.5
LogisticRegression,316,3,0,0.17265906453066884,0,0.5
LogisticRegression,317,5,0,0.09315080656307934,0,0.5
LogisticRegression,318,3,1,0.11810709783112812,0,0.5
LogisticRegression,319,5,0,0.4843463969540982,0,0.5
LogisticRegression,320,3,0,0.27278850678054545,0,0.5
LogisticRegression,321,3,1,0.1172348861995042,0,0.5
LogisticRegression,322,3,1,0.22494535418215136,0,0.5
LogisticRegression,323,4,0,0.00022097775383108295,0,0.5
LogisticRegression,324,4,0,0.02159565700384782,0,0.5
LogisticRegression,325,4,0,0.0789340837998758,0,0.5
LogisticRegression,326,5,0,0.053936206565756956,0,0.5
LogisticRegression,327,3,0,0.14065730676342408,0,0.5
LogisticRegression,328,2,0,0.18187564685875304,0,0.5
LogisticRegression,329,2,0,0.08218268838802667,0,0.5
LogisticRegression,330,3,1,0.44329795429082813,0,0.5
LogisticRegression,331,4,0,0.764223736297398,1,0.5
LogisticRegression,332,3,0,0.5199388104320641,1,0.5
LogisticRegression,333,2,0,0.2462659646457846,0,0.5
LogisticRegression,334,3,0,0.5801507515473616,1,0.5
LogisticRegression,335,2,0,0.7210619069882821,1,0.5
LogisticRegression,336,5,0,0.000131924316305597,0,0.5
LogisticRegression,337,2,0,0.37867356204793823,0,0.5
LogisticRegression,338,3,1,0.5582751657288809,1,0.5
LogisticRegression,339,3,0,0.3420339837960523,0,0.5
LogisticRegression,340,4,0,0.4933153717760691,0,0.5
LogisticRegression,341,5,0,0.09913585288447789,0,0.5
LogisticRegression,342,3,0,0.0782301674190193,0,0.5
LogisticRegression,343,3,0,0.2732619217075538,0,0.5
LogisticRegression,344,2,0,0.669219938848753,1,0.5
LogisticRegression,345,5,1,0.9974015845157994,1,0.5
LogisticRegression,346,5,0,0.008189660585661276,0,0.5
LogisticRegression,347,5,0,0.022986970238787735,0,0.5
LogisticRegression,348,4,0,0.07260258096478883,0,0.5
LogisticRegression,349,3,0,0.02279236590776238,0,0.5
LogisticRegression,350,2,0,0.24255592312445956,0,0.5
LogisticRegression,351,3,0,0.18320257655930813,0,0.5
LogisticRegression,352,5,0,0.3765665799851496,0,0.5
LogisticRegression,353,3,0,0.5877663016422724,1,0.5
LogisticRegression,354,3,0,0.2630163257663667,0,0.5
LogisticRegression,355,3,0,0.08863879999218745,0,0.5
LogisticRegression,356,3,0,0.048189284057307324,0,0.5
LogisticRegression,357,4,0,0.6967407470996811,1,0.5
LogisticRegression,358,3,0,0.09845923331686701,0,0.5
LogisticRegression,359,5,0,0.04920809588525843,0,0.5
LogisticRegression,360,3,0,0.15983999115710845,0,0.5
LogisticRegression,361,3,0,0.10665194897460664,0,0.5
LogisticRegression,362,3,0,0.21991413958021036,0,0.5
LogisticRegression,363,3,0,0.233345160490939,0,0.5
LogisticRegression,364,3,1,0.4319019579788863,0,0.5
LogisticRegression,365,4,0,0.03154221958063105,0,0.5
LogisticRegression,366,3,1,0.31730551117772277,0,0.5
LogisticRegression,367,3,0,0.2310369363007612,0,0.5
LogisticRegression,368,2,0,0.6918476514804803,1,0.5
LogisticRegression,369,2,0,0.5433806635834281,1,0.5
LogisticRegression,370,3,0,0.03519664752865811,0,0.5
LogisticRegression,371,5,0,0.5195674998337508,1,0.5
LogisticRegression,372,3,0,0.28261169161500516,0,0.5
LogisticRegression,373,2,0,0.11259982485898017,0,0.5
LogisticRegression,374,3,1,0.36429705635379084,0,0.5
LogisticRegression,375,4,0,0.03483144820176754,0,0.5
LogisticRegression,376,4,0,0.6187210695167503,1,0.5
LogisticRegression,377,2,0,0.3365854161301294,0,0.5
LogisticRegression,378,3,1,0.48918550671337147,0,0.5
LogisticRegression,379,4,0,0.06171467540200893,0,0.5
LogisticRegression,380,3,0,0.2463894431404678,0,0.5
LogisticRegression,381,5,1,0.5993573785141925,1,0.5
LogisticRegression,382,5,0,0.47714825128388566,0,0.5
LogisticRegression,383,2,0,0.06664221725652754,0,0.5
LogisticRegression,384,3,0,0.3273149996458566,0,0.5
LogisticRegression,385,3,0,0.15887195215485506,0,0.5
LogisticRegression,386,4,0,0.025551060415978842,0,0.5
LogisticRegression,387,3,0,0.6269688846392408,1,0.5
LogisticRegression,388,3,0,0.3546840761626652,0,0.5
LogisticRegression,389,3,0,0.2690601973734514,0,0.5
LogisticRegression,390,4,0,0.07941227196434665,0,0.5
LogisticRegression,391,2,0,0.3377814604748954,0,0.5
LogisticRegression,392,3,0,0.4583865156990899,0,0.5
LogisticRegression,393,3,0,0.17997123828046505,0,0.5
LogisticRegression,394,3,1,0.5229589139938868,1,0.5
LogisticRegression,395,3,0,0.22100500919495503,0,0.5
LogisticRegression,396,3,0,0.11001075770346795,0,0.5
LogisticRegression,397,3,0,0.010738486322249224,0,0.5
LogisticRegression,398,3,0,0.33858013587549146,0,0.5
LogisticRegression,399,3,0,0.21591800011433848,0,0.5
LogisticRegression,400,3,0,0.3870223405364268,0,0.5
LogisticRegression,401,4,0,0.36393403091903753,0,0.5
LogisticRegression,402,5,0,0.014882683662206403,0,0.5
LogisticRegression,403,2,0,0.1594857614339236,0,0.5
LogisticRegression,404,4,0,0.36235896922218613,0,0.5
LogisticRegression,405,4,0,0.7717043009746772,1,0.5
LogisticRegression,406,3,0,0.5356230853744065,1,0.5
LogisticRegression,407,3,0,0.42776300050445015,0,0.5
LogisticRegression,408,3,0,0.6639049311166247,1,0.5
LogisticRegression,409,5,0,0.10086761043004756,0,0.5
LogisticRegression,410,3,0,0.5623443144897885,1,0.5
LogisticRegression,411,5,1,0.011712305445533502,0,0.5
LogisticRegression,412,2,0,0.1867631814766772,0,0.5
LogisticRegression,413,4,0,0.25590046063817373,0,0.5
LogisticRegression,414,3,0,0.039549703279442065,0,0.5
LogisticRegression,415,5,0,4.278037061967953e-06,0,0.5
LogisticRegression,416,4,0,0.053757588410855546,0,0.5
LogisticRegression,417,3,0,0.029602351302800808,0,0.5
LogisticRegression,418,4,0,0.0031600482718959727,0,0.5
LogisticRegression,419,5,0,9.945727006821974e-10,0,0.5
LogisticRegression,420,4,0,1.4735875199200242e-06,0,0.5
LogisticRegression,421,2,0,0.034628887177018876,0,0.5
LogisticRegression,422,3,0,0.001984769630310349,0,0.5
LogisticRegression,423,3,0,0.00041243795455922163,0,0.5
LogisticRegression,424,3,0,0.007521550817389352,0,0.5
LogisticRegression,425,5,0,0.0006683771004495538,0,0.5
LogisticRegression,426,4,0,0.000665998820563814,0,0.5
LogisticRegression,427,5,0,0.25734032961726383,0,0.5
LogisticRegression,428,3,0,0.022273582457666172,0,0.5
LogisticRegression,429,2,0,0.001074125388455774,0,0.5
LogisticRegression,430,3,0,0.0024520908906416447,0,0.5
LogisticRegression,431,4,0,0.26753910172304746,0,0.5
LogisticRegression,432,2,0,0.3051178417296255,0,0.5
LogisticRegression,433,3,0,0.09838024777120025,0,0.5
LogisticRegression,434,4,0,0.015009420919344476,0,0.5
LogisticRegression,435,5,0,0.30228110610435577,0,0.5
LogisticRegression,436,3,0,0.016795658282385034,0,0.5
LogisticRegression,437,3,0,0.028335169257522323,0,0.5
LogisticRegression,438,2,0,0.3709846240189675,0,0.5
LogisticRegression,439,3,0,0.30302383617225703,0,0.5
LogisticRegression,440,4,0,0.3099154341485085,0,0.5
LogisticRegression,441,2,0,0.1608325836920119,0,0.5
LogisticRegression,442,5,0,0.7112086468255443,1,0.5
LogisticRegression,443,5,0,0.14074225282201752,0,0.5
LogisticRegression,444,3,1,0.7485518506222497,1,0.5
LogisticRegression,445,2,0,0.3641557155918539,0,0.5
LogisticRegression,446,2,0,0.07839640256089173,0,0.5
LogisticRegression,447,3,0,0.6264946047055034,1,0.5
LogisticRegression,448,4,0,0.82371948185497,1,0.5
LogisticRegression,449,2,0,0.09071681378828372,0,0.5
LogisticRegression,450,5,0,0.1351798879595085,0,0.5
LogisticRegression,451,3,0,0.08098454941254597,0,0.5
LogisticRegression,452,4,1,0.53498076972523,1,0.5
LogisticRegression,453,2,0,0.5777741569079805,1,0.5
LogisticRegression,454,4,0,0.38323115116302664,0,0.5
LogisticRegression,455,5,0,0.055937475979984955,0,0.5
LogisticRegression,456,3,0,0.6472699787458243,1,0.5
LogisticRegression,457,2,0,0.47545369449022723,0,0.5
LogisticRegression,458,4,0,0.38168261338680126,0,0.5
LogisticRegression,459,3,0,0.051979514791570675,0,0.5
LogisticRegression,460,2,0,0.015589444330582434,0,0.5
LogisticRegression,461,3,0,0.3972531767596712,0,0.5
LogisticRegression,462,3,0,0.30179290820261007,0,0.5
LogisticRegression,463,4,0,0.6851068062558441,1,0.5
LogisticRegression,464,4,0,0.17579376504671695,0,0.5
LogisticRegression,465,3,0,0.7414043083966911,1,0.5
LogisticRegression,466,3,0,0.8368776454082189,1,0.5
LogisticRegression,467,5,1,0.5075118028563596,1,0.5
LogisticRegression,468,3,0,0.12350525920823341,0,0.5
LogisticRegression,469,3,0,0.2389437967664048,0,0.5
LogisticRegression,470,3,0,0.24334473055266764,0,0.5
LogisticRegression,471,2,0,0.1717600182088824,0,0.5
LogisticRegression,472,3,0,0.01664739356185742,0,0.5
LogisticRegression,473,5,0,0.1310058176131393,0,0.5
LogisticRegression,474,4,0,0.4555340656559061,0,0.5
LogisticRegression,475,5,0,0.12969249507898545,0,0.5
LogisticRegression,476,2,0,0.14726768687100614,0,0.5
LogisticRegression,477,3,0,0.1416994509383697,0,0.5
LogisticRegression,478,3,0,0.26313268045430976,0,0.5
LogisticRegression,479,4,0,0.40692287474629996,0,0.5
LogisticRegression,480,5,0,0.07861224737329435,0,0.5
LogisticRegression,481,3,0,0.05404168704088079,0,0.5
LogisticRegression,482,4,1,0.8986029575180884,1,0.5
LogisticRegression,483,5,0,0.8055076208588229,1,0.5
LogisticRegression,484,2,0,0.9856039957671393,1,0.5
LogisticRegression,485,3,0,0.39405377644715156,0,0.5
LogisticRegression,486,3,0,0.636272575602218,1,0.5
LogisticRegression,487,4,1,0.8158344622952413,1,0.5
LogisticRegression,488,2,1,0.7424825888858442,1,0.5
LogisticRegression,489,4,0,0.1042652663391645,0,0.5
LogisticRegression,490,3,0,0.26698951128299164,0,0.5
LogisticRegression,491,4,0,0.30230718167040305,0,0.5
LogisticRegression,492,5,0,0.15786806383446125,0,0.5
LogisticRegression,493,3,0,0.43150214202752246,0,0.5
LogisticRegression,494,2,0,0.20546252588227637,0,0.5
LogisticRegression,495,5,0,0.2179374988197434,0,0.5
LogisticRegression,496,3,0,0.1729787138811505,0,0.5
LogisticRegression,497,2,0,0.003289062808110121,0,0.5
LogisticRegression,498,5,0,0.9747466777548933,1,0.5
LogisticRegression,499,5,0,0.6132452878921805,1,0.5
LogisticRegression,500,5,1,0.4599127085146392,0,0.5
LogisticRegression,501,3,1,0.6635863197411741,1,0.5
LogisticRegression,502,2,1,0.8273508608137493,1,0.5
LogisticRegression,503,3,0,0.37321432196956494,0,0.5
LogisticRegression,504,4,0,0.0004913769413508436,0,0.5
LogisticRegression,505,5,0,0.6525438217885134,1,0.5
LogisticRegression,506,2,0,0.5007844881290089,1,0.5
LogisticRegression,507,3,0,0.41497103657353773,0,0.5
LogisticRegression,508,3,1,0.5847134121644691,1,0.5
LogisticRegression,509,3,0,0.4207232798234596,0,0.5
LogisticRegression,510,4,0,0.038306133563389355,0,0.5
LogisticRegression,511,5,1,0.7515501987091113,1,0.5
LogisticRegression,512,2,1,0.8081132781190672,1,0.5
LogisticRegression,513,3,0,5.337819196065308e-10,0,0.5
LogisticRegression,514,3,0,0.23314557491813787,0,0.5
LogisticRegression,515,5,0,0.6315224255707919,1,0.5
LogisticRegression,516,4,0,0.37159986485240615,0,0.5
LogisticRegression,517,3,0,0.4935451330023181,0,0.5
LogisticRegression,518,2,0,0.5237738209600488,1,0.5
LogisticRegression,519,5,0,0.11590533734579168,0,0.5
LogisticRegression,520,5,0,0.18500394600230907,0,0.5
LogisticRegression,521,4,0,0.2291821634714594,0,0.5
LogisticRegression,522,5,0,0.202580257946691,0,0.5
LogisticRegression,523,3,1,0.6983109965413046,1,0.5
LogisticRegression,524,3,0,0.5174802464515097,1,0.5
LogisticRegression,525,2,0,0.5398087635562269,1,0.5
LogisticRegression,526,3,0,0.33548815881855576,0,0.5
LogisticRegression,527,3,0,0.14068533478965412,0,0.5
LogisticRegression,528,4,0,0.5329604340651654,1,0.5
LogisticRegression,529,5,0,0.2008306753761815,0,0.5
LogisticRegression,530,3,0,0.7169548637372892,1,0.5
LogisticRegression,531,2,1,0.4162644238215594,0,0.5
LogisticRegression,532,3,1,0.738509715675407,1,0.5
LogisticRegression,533,4,0,0.13509226040755928,0,0.5
LogisticRegression,534,5,0,0.33830032141695004,0,0.5
LogisticRegression,535,5,0,0.20815592594532042,0,0.5
LogisticRegression,536,3,0,0.28024761725511155,0,0.5
LogisticRegression,537,2,1,0.48455106204544446,0,0.5
LogisticRegression,538,2,0,0.09942097231717797,0,0.5
LogisticRegression,539,4,0,0.014819342955622625,0,0.5
LogisticRegression,540,4,0,0.08910058299490026,0,0.5
LogisticRegression,541,5,0,0.007132413194854611,0,0.5
LogisticRegression,542,2,0,0.24788518007438481,0,0.5
LogisticRegression,543,2,0,0.0013629928681871677,0,0.5
LogisticRegression,544,5,0,0.7945039062548417,1,0.5
LogisticRegression,545,2,0,0.08713592083392513,0,0.5
LogisticRegression,546,4,0,0.16044802171363776,0,0.5
LogisticRegression,547,4,0,0.5984724870462325,1,0.5
LogisticRegression,548,2,0,0.00045926667659790016,0,0.5
LogisticRegression,549,2,0,0.6188235183506756,1,0.5
LogisticRegression,550,2,0,0.055626493383328195,0,0.5
LogisticRegression,551,3,0,0.336343467119946,0,0.5
LogisticRegression,552,3,0,0.23737681628854007,0,0.5
LogisticRegression,553,2,0,0.19016984931313058,0,0.5
LogisticRegression,554,3,0,0.4425407276224761,0,0.5
LogisticRegression,555,4,0,0.0784677639322902,0,0.5
LogisticRegression,556,5,1,0.10966415671853891,0,0.5
LogisticRegression,557,3,0,0.06973805221401431,0,0.5
LogisticRegression,558,2,1,0.49915272441441777,0,0.5
LogisticRegression,559,2,0,0.002819656745807913,0,0.5
LogisticRegression,560,5,0,0.22834630199460254,0,0.5
LogisticRegression,561,3,0,0.466470864578496,0,0.5
LogisticRegression,562,3,1,0.3203969998227058,0,0.5
LogisticRegression,563,2,0,0.7581388675424302,1,0.5
LogisticRegression,564,3,0,0.6794846246517109,1,0.5
LogisticRegression,565,4,0,0.3596133098252076,0,0.5
LogisticRegression,566,2,0,0.4357974270592858,0,0.5
LogisticRegression,567,4,0,0.25323599601492186,0,0.5
LogisticRegression,568,5,0,6.0458862256486285e-06,0,0.5
LogisticRegression,569,5,0,0.01004157747458581,0,0.5
LogisticRegression,570,4,0,0.2575470776902687,0,0.5
LogisticRegression,571,5,0,0.20040575965633592,0,0.5
LogisticRegression,572,5,0,0.27480819148779817,0,0.5
LogisticRegression,573,2,0,0.24784635765824364,0,0.5
LogisticRegression,574,2,0,0.04939520265288287,0,0.5
LogisticRegression,575,2,0,0.08212934770312466,0,0.5
LogisticRegression,576,3,0,0.2831190316849232,0,0.5
LogisticRegression,577,5,0,0.12951706972961924,0,0.5
LogisticRegression,578,2,0,0.26594527384381855,0,0.5
LogisticRegression,579,5,0,0.13209611570012167,0,0.5
LogisticRegression,580,2,0,0.1721217864199569,0,0.5
LogisticRegression,581,5,0,0.14051179431904798,0,0.5
LogisticRegression,582,3,0,0.4568665838259092,0,0.5
LogisticRegression,583,5,0,0.31521436490505594,0,0.5
LogisticRegression,584,2,0,0.04127153320803055,0,0.5
LogisticRegression,585,4,0,0.0389045927492996,0,0.5
LogisticRegression,586,4,0,9.260251328451589e-05,0,0.5
LogisticRegression,587,2,0,0.6707860348416821,1,0.5
LogisticRegression,588,3,0,0.21905999143892127,0,0.5
LogisticRegression,589,3,0,0.3100296240625856,0,0.5
LogisticRegression,590,5,1,0.7762525285795773,1,0.5
LogisticRegression,591,3,0,0.0004736152783935483,0,0.5
LogisticRegression,592,3,1,0.16643666154604317,0,0.5
LogisticRegression,593,2,0,0.04991291216930479,0,0.5
LogisticRegression,594,3,0,0.23112003338418574,0,0.5
LogisticRegression,595,3,0,0.43696221690804127,0,0.5
LogisticRegression,596,3,1,0.21911540896034865,0,0.5
LogisticRegression,597,5,0,0.24748803070806893,0,0.5
LogisticRegression,598,2,0,0.25494879798720244,0,0.5
LogisticRegression,599,2,0,0.3542588851628603,0,0.5
LogisticRegression,600,3,0,0.12389549352994521,0,0.5
LogisticRegression,601,5,0,0.02417550398239773,0,0.5
LogisticRegression,602,3,0,0.2693486489954584,0,0.5
LogisticRegression,603,4,0,0.002409149013230612,0,0.5
LogisticRegression,604,3,0,0.1944902384139886,0,0.5
LogisticRegression,605,3,0,0.25012235148170386,0,0.5
LogisticRegression,606,2,0,3.8868479603085295e-05,0,0.5
LogisticRegression,607,3,0,0.4161031303033464,0,0.5
LogisticRegression,608,3,0,0.3263359512029924,0,0.5
LogisticRegression,609,5,0,0.7102358086992255,1,0.5
LogisticRegression,610,4,0,0.009586330489750544,0,0.5
LogisticRegression,611,3,0,0.2842616325925856,0,0.5
LogisticRegression,612,2,0,0.210107481051236,0,0.5
LogisticRegression,613,2,0,0.22216024337331033,0,0.5
LogisticRegression,614,3,0,0.0038618277909420635,0,0.5
LogisticRegression,615,2,0,0.00018278030216633775,0,0.5
LogisticRegression,616,3,1,0.6125123888268844,1,0.5
LogisticRegression,617,3,1,0.363694108414705,0,0.5
LogisticRegression,618,3,0,0.5544441634009852,1,0.5
LogisticRegression,619,3,0,0.3590013781184687,0,0.5
LogisticRegression,620,3,0,0.4304144107348649,0,0.5
LogisticRegression,621,3,0,0.29594324758114593,0,0.5
LogisticRegression,622,3,1,0.6118086436212848,1,0.5
LogisticRegression,623,5,0,2.5134756048059963e-08,0,0.5
LogisticRegression,624,5,0,0.100893561917079,0,0.5
LogisticRegression,625,3,0,0.11357807223473626,0,0.5
LogisticRegression,626,5,0,0.0011430591589883395,0,0.5
LogisticRegression,627,2,0,0.017878176470215695,0,0.5
LogisticRegression,628,3,0,0.02352466369604169,0,0.5
LogisticRegression,629,3,0,0.3568974991722824,0,0.5
LogisticRegression,630,2,0,0.006319393251169595,0,0.5
LogisticRegression,631,2,0,0.1746556241740317,0,0.5
LogisticRegression,632,3,0,0.30907112085935473,0,0.5
LogisticRegression,633,3,0,0.3723324879623074,0,0.5
LogisticRegression,634,3,0,0.163356024916585,0,0.5
LogisticRegression,635,3,0,0.06538685942695988,0,0.5
LogisticRegression,636,2,0,0.06112201700541259,0,0.5
LogisticRegression,637,3,0,0.15262064447794432,0,0.5
LogisticRegression,638,5,0,0.23473777569524387,0,0.5
LogisticRegression,639,3,1,0.23052512637843867,0,0.5
LogisticRegression,640,3,0,0.2171595878907396,0,0.5
LogisticRegression,641,5,0,0.5309772352297059,1,0.5
LogisticRegression,642,5,0,0.5294505887889497,1,0.5
LogisticRegression,643,3,0,0.4581488379927481,0,0.5
LogisticRegression,644,3,0,0.4571848338555227,0,0.5
LogisticRegression,645,3,1,0.5914111551875004,1,0.5
LogisticRegression,646,4,0,0.07455872347109231,0,0.5
LogisticRegression,647,4,0,0.03941658660759002,0,0.5
LogisticRegression,648,3,0,0.058877622168935474,0,0.5
LogisticRegression,649,5,0,0.3145107525313868,0,0.5
LogisticRegression,650,4,1,0.02578124138803448,0,0.5
LogisticRegression,651,2,0,0.01938427138108993,0,0.5
LogisticRegression,652,3,0,0.09640172802106325,0,0.5
LogisticRegression,653,3,0,0.27272008020731553,0,0.5
LogisticRegression,654,3,0,0.09343506877290654,0,0.5
LogisticRegression,655,3,0,0.11132561784717294,0,0.5
LogisticRegression,656,3,0,0.007425560058925917,0,0.5
LogisticRegression,657,2,0,0.014770384780072554,0,0.5
LogisticRegression,658,3,0,0.19765530815876634,0,0.5
LogisticRegression,659,3,0,0.2047017846644561,0,0.5
LogisticRegression,660,3,1,0.2814143406089687,0,0.5
LogisticRegression,661,3,1,0.33116449704986906,0,0.5
LogisticRegression,662,3,0,0.36233192126387465,0,0.5
LogisticRegression,663,3,0,0.09037325349822803,0,0.5
LogisticRegression,664,4,0,0.0037715223942638948,0,0.5
LogisticRegression,665,5,0,0.049206278682802064,0,0.5
LogisticRegression,666,3,0,0.2661113225295506,0,0.5
LogisticRegression,667,3,0,0.16870629321050212,0,0.5
LogisticRegression,668,2,0,0.06939433427320352,0,0.5
LogisticRegression,669,3,0,0.30320171023671816,0,0.5
LogisticRegression,670,4,0,0.1488662562796917,0,0.5
LogisticRegression,671,3,0,0.2983305602390037,0,0.5
LogisticRegression,672,4,0,0.23603394704658517,0,0.5
LogisticRegression,673,2,0,0.15897335158995954,0,0.5
LogisticRegression,674,2,1,0.35124530922945735,0,0.5
LogisticRegression,675,5,0,0.023023097676975305,0,0.5
LogisticRegression,676,3,1,0.3345830340156756,0,0.5
LogisticRegression,677,3,1,0.2872279648371306,0,0.5
LogisticRegression,678,5,0,0.249115626657279,0,0.5
LogisticRegression,679,3,0,0.09735537652132167,0,0.5
LogisticRegression,680,3,0,0.31302791287723314,0,0.5
LogisticRegression,681,4,0,0.11976021688232653,0,0.5
LogisticRegression,682,4,0,0.027630716086964036,0,0.5
LogisticRegression,683,5,0,0.13156862854201903,0,0.5
LogisticRegression,684,5,0,0.013897500027960615,0,0.5
LogisticRegression,685,2,0,0.02962210505218978,0,0.5
LogisticRegression,686,4,0,0.20363257598201573,0,0.5
LogisticRegression,687,4,0,0.00946314743278322,0,0.5
LogisticRegression,688,3,1,0.28791266367193785,0,0.5
LogisticRegression,689,5,0,0.6345091149456974,1,0.5
LogisticRegression,690,5,0,0.005643870816993959,0,0.5
LogisticRegression,691,2,0,0.506889344921043,1,0.5
LogisticRegression,692,4,0,0.19640199809291306,0,0.5
LogisticRegression,693,2,1,0.7253330323404614,1,0.5
LogisticRegression,694,2,0,0.38300845833674213,0,0.5
LogisticRegression,695,2,0,0.454405178267755,0,0.5
LogisticRegression,696,5,0,0.508067751331175,1,0.5
LogisticRegression,697,4,0,0.3947649653982691,0,0.5
LogisticRegression,698,4,0,0.45813536245279446,0,0.5
LogisticRegression,699,5,0,0.013501437637679399,0,0.5
LogisticRegression,700,2,0,0.09825825471433781,0,0.5
LogisticRegression,701,2,0,0.4320764908218855,0,0.5
LogisticRegression,702,2,0,0.7310672947409872,1,0.5
LogisticRegression,703,2,0,0.10838917066508207,0,0.5
LogisticRegression,704,3,0,0.11028011773694962,0,0.5
LogisticRegression,705,4,0,0.04288944934379869,0,0.5
LogisticRegression,706,3,1,0.3715178220945923,0,0.5
LogisticRegression,707,2,0,0.01709914624101069,0,0.5
LogisticRegression,708,3,0,0.3016550277310638,0,0.5
LogisticRegression,709,3,0,0.4643719434862486,0,0.5
LogisticRegression,710,5,1,0.32606958422783633,0,0.5
LogisticRegression,711,3,0,0.3719292056925242,0,0.5
LogisticRegression,712,3,0,0.2240653666114816,0,0.5
LogisticRegression,713,3,0,0.28808712386459284,0,0.5
LogisticRegression,714,3,0,0.41804214894472175,0,0.5
LogisticRegression,715,3,0,0.04918921870258569,0,0.5
LogisticRegression,716,3,1,0.2136153307190558,0,0.5
LogisticRegression,717,4,1,0.6601921040599185,1,0.5
LogisticRegression,718,3,0,0.6500451719621566,1,0.5
LogisticRegression,719,2,0,0.05578244909403079,0,0.5
LogisticRegression,720,3,0,0.271715808968238,0,0.5
LogisticRegression,721,5,0,0.058153635502721526,0,0.5
LogisticRegression,722,2,0,0.5117707426052878,1,0.5
LogisticRegression,723,4,0,0.046343934052295976,0,0.5
LogisticRegression,724,3,0,0.15842530582857012,0,0.5
LogisticRegression,725,3,0,0.5214212186184964,1,0.5
LogisticRegression,726,3,1,0.15093393424313042,0,0.5
LogisticRegression,727,3,1,0.283227831252081,0,0.5
LogisticRegression,728,4,0,0.09377486562887012,0,0.5
LogisticRegression,729,5,0,0.008660947417232088,0,0.5
LogisticRegression,730,3,0,0.36741907722550327,0,0.5
LogisticRegression,731,2,1,0.1462528141216148,0,0.5
LogisticRegression,732,5,0,0.00650833900353837,0,0.5
LogisticRegression,733,3,0,0.8368271702615108,1,0.5
LogisticRegression,734,5,0,0.6802103231808222,1,0.5
LogisticRegression,735,3,0,0.16813955711155706,0,0.5
LogisticRegression,736,4,0,0.4389020935244794,0,0.5
LogisticRegression,737,5,1,0.04099531352166902,0,0.5
LogisticRegression,738,3,1,0.7476600640222532,1,0.5
LogisticRegression,739,4,0,0.7983028744075958,1,0.5
LogisticRegression,740,3,0,0.4165220378829277,0,0.5
LogisticRegression,741,3,0,0.07054063022302046,0,0.5
LogisticRegression,742,2,0,0.5179157228944875,1,0.5
LogisticRegression,743,2,0,0.5642334746052539,1,0.5
LogisticRegression,744,2,0,0.12096698977449086,0,0.5
LogisticRegression,745,5,0,0.0007645335254274652,0,0.5
LogisticRegression,746,2,0,3.760124262670848e-07,0,0.5
LogisticRegression,747,5,0,0.06881273345386968,0,0.5
LogisticRegression,748,2,0,0.25838587524902795,0,0.5
LogisticRegression,749,2,0,0.321990785053991,0,0.5
LogisticRegression,750,3,0,0.3920923832761298,0,0.5
LogisticRegression,751,4,0,0.30062861203431085,0,0.5
LogisticRegression,752,5,0,0.31932738279295275,0,0.5
LogisticRegression,753,3,0,0.6972369912448517,1,0.5
LogisticRegression,754,3,1,0.7378324690497304,1,0.5
LogisticRegression,755,3,0,0.21876972322601218,0,0.5
LogisticRegression,756,5,0,0.22049505407485542,0,0.5
LogisticRegression,757,3,0,0.03271791952673408,0,0.5
LogisticRegression,758,5,0,0.21458803552433556,0,0.5
LogisticRegression,759,5,0,0.46880458749630005,0,0.5
LogisticRegression,760,5,0,0.29619841607190944,0,0.5
LogisticRegression,761,3,0,0.4612117452615159,0,0.5
LogisticRegression,762,3,0,0.4498759364026699,0,0.5
LogisticRegression,763,5,0,0.4674197970391835,0,0.5
LogisticRegression,764,2,1,0.7319543945916798,1,0.5
LogisticRegression,765,4,1,0.2683708140828769,0,0.5
LogisticRegression,766,3,0,0.5182417998621897,1,0.5
LogisticRegression,767,4,0,0.00225125082143212,0,0.5
LogisticRegression,768,4,1,0.1353956172323349,0,0.5
LogisticRegression,769,2,0,0.6666316628634422,1,0.5
LogisticRegression,770,5,0,0.30935576384604613,0,0.5
LogisticRegression,771,3,0,0.36175502387685754,0,0.5
LogisticRegression,772,2,0,0.1560018931852028,0,0.5
LogisticRegression,773,3,0,0.3054968343973801,0,0.5
LogisticRegression,774,4,0,0.0032990694268032073,0,0.5
LogisticRegression,775,3,0,0.3751682687424864,0,0.5
LogisticRegression,776,5,0,0.13737837868702832,0,0.5
LogisticRegression,777,2,1,0.6256870255186434,1,0.5
LogisticRegression,778,3,0,0.8247868251445314,1,0.5
LogisticRegression,779,5,0,0.03302407965289059,0,0.5
LogisticRegression,780,4,0,0.08736838997910865,0,0.5
LogisticRegression,781,2,0,0.539131938746595,1,0.5
LogisticRegression,782,3,0,0.09550938700456732,0,0.5
LogisticRegression,783,3,0,0.8178051125374399,1,0.5
LogisticRegression,784,4,0,0.14642160782535038,0,0.5
LogisticRegression,785,4,0,0.5236585272185159,1,0.5
LogisticRegression,786,3,0,0.32251392295001047,0,0.5
LogisticRegression,787,5,0,0.3139801646153027,0,0.5
LogisticRegression,788,3,0,0.059716960861055435,0,0.5
LogisticRegression,789,5,0,0.6032498131833028,1,0.5
LogisticRegression,790,5,0,0.21802285927498027,0,0.5
LogisticRegression,791,3,1,0.3963368130428106,0,0.5
LogisticRegression,792,3,0,0.019873858372788506,0,0.5
LogisticRegression,793,2,0,0.377514353761768,0,0.5
LogisticRegression,794,3,0,0.2507947159024021,0,0.5
LogisticRegression,795,2,1,0.7980906556110229,1,0.5
LogisticRegression,796,5,0,0.8279557586830202,1,0.5
LogisticRegression,797,3,1,0.8294569426617493,1,0.5
LogisticRegression,798,5,0,0.9953107647129252,1,0.5
LogisticRegression,799,2,0,0.513637484791638,1,0.5
LogisticRegression,800,3,0,0.18591648987639622,0,0.5
LogisticRegression,801,4,0,0.34490244226596983,0,0.5
LogisticRegression,802,3,0,0.34202799673886425,0,0.5
LogisticRegression,803,4,0,0.6782889514145288,1,0.5
LogisticRegression,804,5,0,0.4459742247010198,0,0.5
LogisticRegression,805,2,0,0.09262402956773226,0,0.5
LogisticRegression,806,5,0,0.019083325218007183,0,0.5
LogisticRegression,807,4,0,0.0037729346430732395,0,0.5
LogisticRegression,808,3,0,0.4675253345572851,0,0.5
LogisticRegression,809,3,0,0.5572129443146698,1,0.5
LogisticRegression,810,2,1,0.007645707243839875,0,0.5
LogisticRegression,811,5,0,0.16606527833185908,0,0.5
LogisticRegression,812,4,0,0.5159033721687584,1,0.5
LogisticRegression,813,2,0,0.0007693694346883577,0,0.5
LogisticRegression,814,4,1,0.00884844068871306,0,0.5
LogisticRegression,815,3,0,2.9885342117958725e-06,0,0.5
LogisticRegression,816,4,0,0.012551261682834453,0,0.5
LogisticRegression,817,3,0,0.09891842262685559,0,0.5
LogisticRegression,818,2,0,0.11862976579822035,0,0.5
LogisticRegression,819,5,0,0.043025594753356676,0,0.5
LogisticRegression,820,4,0,0.1514215987758568,0,0.5
LogisticRegression,821,2,0,0.010703713027501506,0,0.5
LogisticRegression,822,4,0,0.027521458439848653,0,0.5
LogisticRegression,823,2,0,0.09365831836491523,0,0.5
LogisticRegression,824,2,0,0.09101819486510608,0,0.5
LogisticRegression,825,3,0,0.2758064881634557,0,0.5
LogisticRegression,826,3,0,0.19445121239936938,0,0.5
LogisticRegression,827,3,0,0.042446129166155804,0,0.5
LogisticRegression,828,4,0,0.00812708785900925,0,0.5
LogisticRegression,829,5,0,0.007813510574888535,0,0.5
LogisticRegression,830,4,0,0.30789370737381566,0,0.5
LogisticRegression,831,2,0,0.06009549374528657,0,0.5
LogisticRegression,832,3,0,0.015590216024427422,0,0.5
LogisticRegression,833,2,0,0.29254527074336323,0,0.5
LogisticRegression,834,5,1,0.5440655768834813,1,0.5
LogisticRegression,835,5,0,0.00015888329091284185,0,0.5
LogisticRegression,836,4,0,0.3124822877386673,0,0.5
LogisticRegression,837,2,1,0.051523579599055,0,0.5
LogisticRegression,838,3,0,0.7358623107163834,1,0.5
LogisticRegression,839,5,0,0.4246251989809437,0,0.5
LogisticRegression,840,2,0,0.5007223097710498,1,0.5
LogisticRegression,841,4,0,0.2846145854944452,0,0.5
LogisticRegression,842,5,0,0.4596956955825515,0,0.5
LogisticRegression,843,5,0,0.1488960473131213,0,0.5
LogisticRegression,844,4,1,0.1472262685865502,0,0.5
LogisticRegression,845,2,0,0.00015341020855197588,0,0.5
LogisticRegression,846,3,0,0.13613442278142368,0,0.5
LogisticRegression,847,3,0,0.03116674375278191,0,0.5
LogisticRegression,848,4,0,0.02751458070655374,0,0.5
LogisticRegression,849,2,0,0.6118382203141662,1,0.5
LogisticRegression,850,3,0,0.3541874032947439,0,0.5
LogisticRegression,851,5,0,0.35304432605746006,0,0.5
LogisticRegression,852,4,0,0.08541407920578432,0,0.5
LogisticRegression,853,3,0,0.29697239024061167,0,0.5
LogisticRegression,854,3,0,0.059485028859408144,0,0.5
LogisticRegression,855,2,0,0.03281378647276262,0,0.5
LogisticRegression,856,3,0,0.31580895122972874,0,0.5
LogisticRegression,857,3,0,0.36185354904204364,0,0.5
LogisticRegression,858,5,1,0.5810036160953292,1,0.5
LogisticRegression,859,4,0,0.11844106736135004,0,0.5
LogisticRegression,860,4,0,0.1973001041974588,0,0.5
LogisticRegression,861,3,0,0.35503205597847504,0,0.5
LogisticRegression,862,2,0,0.014728852780954049,0,0.5
LogisticRegression,863,2,0,7.498752997446967e-06,0,0.5
LogisticRegression,864,3,0,0.0013488712287389921,0,0.5
LogisticRegression,865,4,0,0.418827814439011,0,0.5
LogisticRegression,866,5,0,0.3033841904350387,0,0.5
LogisticRegression,867,3,0,0.21578601420670715,0,0.5
LogisticRegression,868,2,0,0.08199306369773932,0,0.5
LogisticRegression,869,4,0,0.00243560622686329,0,0.5
LogisticRegression,870,5,0,0.016665961505104694,0,0.5
LogisticRegression,871,2,0,0.01848838923417111,0,0.5
LogisticRegression,872,5,0,0.0019641672275117323,0,0.5
LogisticRegression,873,3,0,0.03295821726741243,0,0.5
LogisticRegression,874,2,0,0.049449742742442855,0,0.5
LogisticRegression,875,5,0,0.26382670385404655,0,0.5
LogisticRegression,876,4,0,0.3521375032924611,0,0.5
LogisticRegression,877,4,0,0.09754632044445119,0,0.5
LogisticRegression,878,3,0,0.2419508743378712,0,0.5
LogisticRegression,879,3,1,0.19529478897966032,0,0.5
LogisticRegression,880,2,0,0.15547929417416093,0,0.5
LogisticRegression,881,3,0,0.11786556545506738,0,0.5
LogisticRegression,882,4,0,0.26514584946045433,0,0.5
LogisticRegression,883,5,0,0.3632248769142311,0,0.5
LogisticRegression,884,3,0,0.915259510961731,1,0.5
LogisticRegression,885,4,0,0.7909260228583463,1,0.5
LogisticRegression,886,5,0,0.22118511980658975,0,0.5
LogisticRegression,887,3,0,0.27964537539845913,0,0.5
LogisticRegression,888,3,0,0.24987289839075422,0,0.5
LogisticRegression,889,4,0,0.0002519967136327109,0,0.5
LogisticRegression,890,3,0,0.10184812286781565,0,0.5
LogisticRegression,891,4,0,0.002181902047363347,0,0.5
LogisticRegression,892,3,0,0.0695824981206108,0,0.5
LogisticRegression,893,5,0,0.2637270564987058,0,0.5
LogisticRegression,894,2,0,0.01849562622048459,0,0.5
LogisticRegression,895,2,0,0.004863312783599658,0,0.5
LogisticRegression,896,3,0,1.8781038986687927e-05,0,0.5
LogisticRegression,897,4,0,0.05398644456334143,0,0.5
LogisticRegression,898,5,0,0.06958529285265229,0,0.5
LogisticRegression,899,3,0,0.09188114566784526,0,0.5
LogisticRegression,900,4,0,0.050431481620544866,0,0.5
LogisticRegression,901,2,0,0.00045259382833579985,0,0.5
LogisticRegression,902,5,0,7.612957962519576e-05,0,0.5
LogisticRegression,903,5,0,3.442756867915708e-06,0,0.5
LogisticRegression,904,2,0,0.024334250113615983,0,0.5
LogisticRegression,905,3,0,0.013075987634891345,0,0.5
LogisticRegression,906,4,0,0.009557969430051437,0,0.5
LogisticRegression,907,3,0,0.0023832900874599583,0,0.5
LogisticRegression,908,2,0,0.0065598505796251915,0,0.5
LogisticRegression,909,4,0,0.042381996609056824,0,0.5
LogisticRegression,910,5,0,0.001863839354180132,0,0.5
LogisticRegression,911,2,0,0.010699552114695306,0,0.5
LogisticRegression,912,4,0,0.1948028453765791,0,0.5
LogisticRegression,913,3,0,0.07565452946796529,0,0.5
LogisticRegression,914,5,0,0.002792276444268151,0,0.5
LogisticRegression,915,2,0,0.13355424883878186,0,0.5
LogisticRegression,916,5,0,0.270377320749352,0,0.5
LogisticRegression,917,3,0,0.08277946584053171,0,0.5
LogisticRegression,918,3,0,0.05108436261809133,0,0.5
LogisticRegression,919,2,0,0.6570882834117977,1,0.5
LogisticRegression,920,3,0,0.0694020552336254,0,0.5
LogisticRegression,921,3,1,0.24654186228885408,0,0.5
LogisticRegression,922,4,0,0.04253027708096341,0,0.5
LogisticRegression,923,4,0,0.15250395879939474,0,0.5
LogisticRegression,924,5,0,0.10260711560213431,0,0.5
LogisticRegression,925,3,0,0.06272346567464235,0,0.5
LogisticRegression,926,2,0,0.0032024774929233597,0,0.5
LogisticRegression,927,5,0,0.04502989082627517,0,0.5
LogisticRegression,928,3,0,0.15533758362163946,0,0.5
LogisticRegression,929,2,0,0.28652188213395496,0,0.5
LogisticRegression,930,4,0,0.12991920244058633,0,0.5
LogisticRegression,931,5,0,0.0339586037664781,0,0.5
LogisticRegression,932,2,0,0.006217562546306219,0,0.5
LogisticRegression,933,3,0,0.020581747928793706,0,0.5
LogisticRegression,934,2,0,0.005291079446529103,0,0.5
LogisticRegression,935,4,0,0.00014626278404057742,0,0.5
LogisticRegression,936,5,0,0.07278490881087989,0,0.5
LogisticRegression,937,2,0,0.00022275590503077996,0,0.5
LogisticRegression,938,3,0,0.028465932355737616,0,0.5
LogisticRegression,939,5,0,0.06805381225852378,0,0.5
LogisticRegression,940,4,0,0.08507674828526125,0,0.5
LogisticRegression,941,2,0,0.20758590800911705,0,0.5
LogisticRegression,942,3,1,0.10214485254558085,0,0.5
LogisticRegression,943,3,0,5.7547332216103595e-05,0,0.5
LogisticRegression,944,3,0,0.12860447499011388,0,0.5
LogisticRegression,945,3,0,0.2008561040965497,0,0.5
LogisticRegression,946,5,0,0.2998040047591673,0,0.5
LogisticRegression,947,4,0,0.11008781882631719,0,0.5
LogisticRegression,948,4,0,0.019445803268059492,0,0.5
LogisticRegression,949,2,0,0.036652667986242796,0,0.5
LogisticRegression,950,5,0,0.037875250007809516,0,0.5
LogisticRegression,951,3,0,0.04936325784635417,0,0.5
LogisticRegression,952,2,0,0.22146761498806028,0,0.5
LogisticRegression,953,4,0,0.09308754280391082,0,0.5
LogisticRegression,954,3,0,0.004141989295430312,0,0.5
LogisticRegression,955,5,0,0.08275350459289291,0,0.5
LogisticRegression,956,3,0,0.08233714368739643,0,0.5
LogisticRegression,957,2,0,0.006104414786538176,0,0.5
LogisticRegression,958,2,0,0.16800932233040494,0,0.5
LogisticRegression,959,3,0,0.07216593186315555,0,0.5
LogisticRegression,960,4,0,0.007274896089684186,0,0.5
LogisticRegression,961,2,0,0.00013542692994632742,0,0.5
LogisticRegression,962,2,0,0.03426332941499166,0,0.5
LogisticRegression,963,5,0,0.0016221114490907029,0,0.5
LogisticRegression,964,4,0,0.00015313882751478804,0,0.5
LogisticRegression,965,3,0,0.0009278898664808344,0,0.5
LogisticRegression,966,5,0,0.04124167969502155,0,0.5
LogisticRegression,967,3,0,0.10798569775791976,0,0.5
LogisticRegression,968,4,0,0.18896186102751292,0,0.5
LogisticRegression,969,2,0,0.045052166257714035,0,0.5
LogisticRegression,970,2,0,0.0007159740927143411,0,0.5
LogisticRegression,971,3,0,0.020585230902084393,0,0.5
LogisticRegression,972,5,0,0.04432341237157521,0,0.5
LogisticRegression,973,5,0,0.04913733206708433,0,0.5
LogisticRegression,974,4,0,0.23373484073542458,0,0.5
LogisticRegression,975,5,0,0.989375918327478,1,0.5
LogisticRegression,976,3,0,0.0003806986016636748,0,0.5
LogisticRegression,977,4,0,2.5227742741153886e-06,0,0.5
LogisticRegression,978,2,0,0.02404922791599611,0,0.5
LogisticRegression,979,5,0,0.0038197709735644627,0,0.5
LogisticRegression,980,3,0,0.00041168016058728825,0,0.5
LogisticRegression,981,3,0,0.019888628107590157,0,0.5
LogisticRegression,982,2,0,0.059582382433514526,0,0.5
LogisticRegression,983,5,0,0.133971631859421,0,0.5
LogisticRegression,984,4,0,4.429846880472321e-05,0,0.5
LogisticRegression,985,2,0,0.027625081831547656,0,0.5
LogisticRegression,986,3,0,0.01672871836051984,0,0.5
LogisticRegression,987,5,0,0.0024297150426348304,0,0.5
LogisticRegression,988,3,0,0.02545581909901456,0,0.5
LogisticRegression,989,2,0,0.001233414762305963,0,0.5
LogisticRegression,990,4,0,0.25185577643844675,0,0.5
LogisticRegression,991,4,0,0.005546754007448068,0,0.5
LogisticRegression,992,2,0,0.0017244949583972884,0,0.5
LogisticRegression,993,3,0,0.002868268185858645,0,0.5
LogisticRegression,994,3,0,0.0004913900460476416,0,0.5
LogisticRegression,995,5,0,0.011821071654731341,0,0.5
LogisticRegression,996,4,0,0.23914742735381553,0,0.5
LogisticRegression,997,2,0,0.002403159114535724,0,0.5
LogisticRegression,998,3,0,0.06115417370525417,0,0.5
LogisticRegression,999,4,0,0.3291504258175886,0,0.5
LogisticRegression,1000,3,0,0.005901935376907283,0,0.5
LogisticRegression,1001,3,0,0.05143735332828805,0,0.5
LogisticRegression,1002,3,0,0.03739276337151945,0,0.5
LogisticRegression,1003,4,0,0.0027110804891699344,0,0.5
LogisticRegression,1004,5,0,0.06820198164360441,0,0.5
LogisticRegression,1005,4,0,0.0014442525332489984,0,0.5
LogisticRegression,1006,2,0,0.017385024549657343,0,0.5
LogisticRegression,1007,2,0,0.07220760698342571,0,0.5
LogisticRegression,1008,2,0,0.345326236756165,0,0.5
LogisticRegression,1009,3,0,0.05321327319165338,0,0.5
LogisticRegression,1010,5,0,0.21151614435144125,0,0.5
LogisticRegression,1011,4,0,0.0009537962556900205,0,0.5
LogisticRegression,1012,5,0,0.4485767049828338,0,0.5
LogisticRegression,1013,4,0,0.07800709364890432,0,0.5
LogisticRegression,1014,2,0,0.12412462720791147,0,0.5
LogisticRegression,1015,3,0,0.017176623521805413,0,0.5
LogisticRegression,1016,3,0,0.11781407692927193,0,0.5
LogisticRegression,1017,2,0,0.0027218469410581324,0,0.5
LogisticRegression,1018,4,0,0.21155873502686956,0,0.5
LogisticRegression,1019,5,0,2.5541372108344877e-08,0,0.5
LogisticRegression,1020,2,0,0.08053778304271206,0,0.5
LogisticRegression,1021,3,0,0.016926419168639583,0,0.5
LogisticRegression,1022,3,0,0.10213509949813614,0,0.5
LogisticRegression,1023,4,0,0.4071058906257695,0,0.5
LogisticRegression,1024,5,0,0.3922401543039806,0,0.5
LogisticRegression,1025,3,0,0.004710609256961024,0,0.5
LogisticRegression,1026,3,0,0.04152098449117615,0,0.5
LogisticRegression,1027,3,0,0.30243759304080275,0,0.5
LogisticRegression,1028,4,0,0.16839418667180744,0,0.5
LogisticRegression,1029,5,1,0.6622941702744655,1,0.5
LogisticRegression,1030,2,0,0.7841200604670484,1,0.5
LogisticRegression,1031,3,0,0.1574193150214614,0,0.5
LogisticRegression,1032,4,0,0.15400214801389098,0,0.5
LogisticRegression,1033,3,0,0.26134795592907734,0,0.5
LogisticRegression,1034,4,0,0.03289068857584568,0,0.5
LogisticRegression,1035,3,0,0.008167315692744223,0,0.5
LogisticRegression,1036,3,0,0.04853582962946522,0,0.5
LogisticRegression,1037,5,0,0.11569609081149466,0,0.5
LogisticRegression,1038,5,0,0.09531317845212588,0,0.5
LogisticRegression,1039,2,0,0.35039971347539206,0,0.5
LogisticRegression,1040,3,0,0.27023608367506047,0,0.5
LogisticRegression,1041,3,0,0.16310244227278523,0,0.5
LogisticRegression,1042,5,0,0.1747840360011607,0,0.5
LogisticRegression,1043,2,0,0.007510959765415961,0,0.5
LogisticRegression,1044,5,0,0.023134468822179656,0,0.5
LogisticRegression,1045,3,0,0.31753232625489475,0,0.5
LogisticRegression,1046,2,0,0.5137469266701222,1,0.5
LogisticRegression,1047,3,1,0.24622825573061086,0,0.5
LogisticRegression,1048,3,0,0.19946558847264043,0,0.5
LogisticRegression,1049,4,0,0.6189910096495267,1,0.5
LogisticRegression,1050,3,0,0.3573013973000871,0,0.5
LogisticRegression,1051,3,0,0.843091866027935,1,0.5
LogisticRegression,1052,2,1,0.1215655967707452,0,0.5
LogisticRegression,1053,3,0,7.775803291109833e-11,0,0.5
LogisticRegression,1054,4,0,0.35449645662634954,0,0.5
LogisticRegression,1055,3,0,0.20011918835877224,0,0.5
LogisticRegression,1056,3,0,0.41554777299292905,0,0.5
LogisticRegression,1057,5,0,0.04052171087006356,0,0.5
LogisticRegression,1058,4,0,0.34873579622390405,0,0.5
LogisticRegression,1059,3,0,0.4473522711291763,0,0.5
LogisticRegression,1060,5,1,0.5086194003173609,1,0.5
LogisticRegression,1061,2,1,0.7813187954567764,1,0.5
LogisticRegression,1062,4,0,0.2682653805993379,0,0.5
LogisticRegression,1063,2,0,0.05929428869247123,0,0.5
LogisticRegression,1064,2,1,0.8229599761750883,1,0.5
LogisticRegression,1065,4,0,0.9779207202894168,1,0.5
LogisticRegression,1066,3,0,0.6934345489718153,1,0.5
LogisticRegression,1067,2,0,0.5856039883520058,1,0.5
LogisticRegression,1068,5,0,0.8602583697230431,1,0.5
LogisticRegression,1069,2,0,0.6373932734127263,1,0.5
LogisticRegression,1070,5,0,0.20350825456572208,0,0.5
LogisticRegression,1071,2,1,0.40841022941460386,0,0.5
LogisticRegression,1072,4,1,0.18217797051432252,0,0.5
LogisticRegression,1073,3,0,0.08580721176328447,0,0.5
LogisticRegression,1074,2,0,0.06646243110255147,0,0.5
LogisticRegression,1075,2,0,0.0005071783366179161,0,0.5
LogisticRegression,1076,4,0,0.06722576120736355,0,0.5
LogisticRegression,1077,3,0,0.4324291359134092,0,0.5
LogisticRegression,1078,3,0,0.3187137306518836,0,0.5
LogisticRegression,1079,3,0,0.08044511915645845,0,0.5
LogisticRegression,1080,3,0,0.3895849653945552,0,0.5
LogisticRegression,1081,5,0,0.5989780116497679,1,0.5
LogisticRegression,1082,3,0,0.29867211085281686,0,0.5
LogisticRegression,1083,4,0,0.48316545122231563,0,0.5
LogisticRegression,1084,2,0,0.2956526134118471,0,0.5
LogisticRegression,1085,4,0,0.012262714715446947,0,0.5
LogisticRegression,1086,3,0,0.23315360096861415,0,0.5
LogisticRegression,1087,3,1,0.37160084635269247,0,0.5
LogisticRegression,1088,5,0,0.014684622010982482,0,0.5
LogisticRegression,1089,4,0,0.0021877009255060233,0,0.5
LogisticRegression,1090,2,0,0.022177724686338166,0,0.5
LogisticRegression,1091,3,1,0.6426441538425195,1,0.5
LogisticRegression,1092,5,0,0.40262806507713367,0,0.5
LogisticRegression,1093,3,0,0.7817741826654421,1,0.5
LogisticRegression,1094,2,1,0.3344337350863197,0,0.5
LogisticRegression,1095,2,0,0.5756296503561495,1,0.5
LogisticRegression,1096,4,0,0.9213824455241209,1,0.5
LogisticRegression,1097,2,0,0.26943472526639956,0,0.5
LogisticRegression,1098,3,1,0.9618488656905679,1,0.5
LogisticRegression,1099,4,1,0.9195799743106995,1,0.5
LogisticRegression,1100,5,1,0.8614575270925258,1,0.5
LogisticRegression,1101,4,1,0.8452190718865238,1,0.5
LogisticRegression,1102,3,0,0.14566042023815812,0,0.5
LogisticRegression,1103,5,0,0.39960233552989827,0,0.5
LogisticRegression,1104,3,0,0.21750827271885917,0,0.5
LogisticRegression,1105,3,0,0.4164199160679112,0,0.5
LogisticRegression,1106,3,0,0.27487142838756506,0,0.5
LogisticRegression,1107,5,1,0.8059997872454995,1,0.5
LogisticRegression,1108,3,0,0.3473594956584125,0,0.5
LogisticRegression,1109,4,0,0.12122815200939806,0,0.5
LogisticRegression,1110,3,0,0.09479803064825669,0,0.5
LogisticRegression,1111,4,1,0.8712165135576023,1,0.5
LogisticRegression,1112,2,1,0.7108787882747875,1,0.5
LogisticRegression,1113,3,0,0.5080627986478891,1,0.5
LogisticRegression,1114,3,0,0.18808229901122,0,0.5
LogisticRegression,1115,4,0,0.4263593218641056,0,0.5
LogisticRegression,1116,3,0,0.0971120631097246,0,0.5
LogisticRegression,1117,5,0,0.5192178066135252,1,0.5
LogisticRegression,1118,3,0,0.27135735964572594,0,0.5
LogisticRegression,1119,3,1,0.8545148853011214,1,0.5
LogisticRegression,1120,4,1,0.8338756004891096,1,0.5
LogisticRegression,1121,4,1,0.6617772041363211,1,0.5
LogisticRegression,1122,3,1,0.9278882820770231,1,0.5
LogisticRegression,1123,3,0,0.9264567831994563,1,0.5
LogisticRegression,1124,3,0,0.9320812099111448,1,0.5
LogisticRegression,1125,2,1,0.9157201722936861,1,0.5
LogisticRegression,1126,3,0,0.9238058264623846,1,0.5
LogisticRegression,1127,3,0,0.9546460355296874,1,0.5
LogisticRegression,1128,3,0,0.17084942651006127,0,0.5
LogisticRegression,1129,2,0,3.0014778344739495e-05,0,0.5
LogisticRegression,1130,5,0,1.0079009533438949e-07,0,0.5
LogisticRegression,1131,3,0,3.553910167289385e-06,0,0.5
LogisticRegression,1132,5,0,1.3568217951585752e-07,0,0.5
LogisticRegression,1133,5,0,0.2520926801730667,0,0.5
LogisticRegression,1134,2,1,0.7097489770408276,1,0.5
LogisticRegression,1135,3,0,0.18497836760651884,0,0.5
LogisticRegression,1136,3,1,0.2552768165928771,0,0.5
LogisticRegression,1137,3,1,0.5278857123037194,1,0.5
LogisticRegression,1138,3,0,0.26219949517275754,0,0.5
LogisticRegression,1139,4,0,0.5317148458911528,1,0.5
LogisticRegression,1140,5,0,0.8332829734003815,1,0.5
LogisticRegression,1141,3,0,0.22219161297713497,0,0.5
LogisticRegression,1142,4,0,0.19657666330143878,0,0.5
LogisticRegression,1143,4,0,0.434098870772073,0,0.5
LogisticRegression,1144,5,0,0.6290657556653102,1,0.5
LogisticRegression,1145,5,0,0.026294155596189542,0,0.5
LogisticRegression,1146,3,0,0.9726617889286817,1,0.5
LogisticRegression,1147,3,0,0.7537246188197267,1,0.5
LogisticRegression,1148,2,1,0.8213443439572701,1,0.5
LogisticRegression,1149,2,1,0.7599503464256141,1,0.5
LogisticRegression,1150,5,1,0.825273067443584,1,0.5
LogisticRegression,1151,3,1,0.6390454701517805,1,0.5
LogisticRegression,1152,2,1,0.7885855061805291,1,0.5
LogisticRegression,1153,3,0,0.16279169080038453,0,0.5
LogisticRegression,1154,4,0,0.58647432818683,1,0.5
LogisticRegression,1155,4,0,0.4112780805431848,0,0.5
LogisticRegression,1156,3,0,0.4434487436275019,0,0.5
LogisticRegression,1157,4,0,0.15823096691849126,0,0.5
LogisticRegression,1158,4,0,0.2135746238771503,0,0.5
LogisticRegression,1159,2,0,0.31063741733547845,0,0.5
LogisticRegression,1160,2,0,0.6629606866029969,1,0.5
LogisticRegression,1161,4,1,0.5022971097958919,1,0.5
LogisticRegression,1162,3,0,0.7602814423743859,1,0.5
LogisticRegression,1163,5,0,1.1196991653814607e-06,0,0.5
LogisticRegression,1164,5,0,4.227981074744479e-08,0,0.5
LogisticRegression,1165,3,0,3.625796804971256e-06,0,0.5
LogisticRegression,1166,5,0,0.14561897140634905,0,0.5
LogisticRegression,1167,4,0,0.3796389969987839,0,0.5
LogisticRegression,1168,5,0,0.8799291328132857,1,0.5
LogisticRegression,1169,3,0,0.23851911913437568,0,0.5
LogisticRegression,1170,3,1,0.7145879239982714,1,0.5
LogisticRegression,1171,5,1,0.12747879370560306,0,0.5
LogisticRegression,1172,5,0,0.1022662293301098,0,0.5
LogisticRegression,1173,5,0,0.054094898071707295,0,0.5
LogisticRegression,1174,5,0,0.25581434032951206,0,0.5
LogisticRegression,1175,5,0,0.16374925678572977,0,0.5
LogisticRegression,1176,5,0,0.14255130030274826,0,0.5
LogisticRegression,1177,5,0,0.1655007322469417,0,0.5
LogisticRegression,1178,3,0,2.424385428567601e-05,0,0.5
LogisticRegression,1179,5,0,0.28785740924176845,0,0.5
LogisticRegression,1180,2,1,0.8413806649805597,1,0.5
LogisticRegression,1181,4,0,0.8068873615946773,1,0.5
LogisticRegression,1182,5,1,0.8085153306710302,1,0.5
LogisticRegression,1183,2,0,0.48220755987796843,0,0.5
LogisticRegression,1184,5,0,0.5634321044710808,1,0.5
LogisticRegression,1185,4,1,0.3999880154558997,0,0.5
LogisticRegression,1186,2,0,0.16423801111553962,0,0.5
LogisticRegression,1187,5,0,0.6409386219659932,1,0.5
LogisticRegression,1188,2,0,0.33906307210090464,0,0.5
LogisticRegression,1189,3,0,0.464042296520843,0,0.5
LogisticRegression,1190,3,0,0.5224377250082729,1,0.5
LogisticRegression,1191,4,0,0.1302005894310688,0,0.5
LogisticRegression,1192,2,0,0.594721809306964,1,0.5
LogisticRegression,1193,5,0,0.16618464508256117,0,0.5
LogisticRegression,1194,2,0,0.4677520942214758,0,0.5
LogisticRegression,1195,3,0,0.3847563898480169,0,0.5
LogisticRegression,1196,5,0,0.5889258294504409,1,0.5
LogisticRegression,1197,2,0,0.454091216653461,0,0.5
LogisticRegression,1198,2,0,0.36217605241278744,0,0.5
LogisticRegression,1199,4,0,0.5346041923482527,1,0.5
LogisticRegression,1200,3,0,0.5406831195009912,1,0.5
LogisticRegression,1201,2,0,0.11152440814189904,0,0.5
LogisticRegression,1202,4,1,0.10644566708737263,0,0.5
LogisticRegression,1203,5,0,0.20452320112670905,0,0.5
LogisticRegression,1204,2,0,0.0362209946609469,0,0.5
LogisticRegression,1205,5,0,0.21909713202358141,0,0.5
LogisticRegression,1206,4,0,0.34334355164341024,0,0.5
LogisticRegression,1207,3,1,0.9036456305404769,1,0.5
LogisticRegression,1208,2,0,0.1349555339961781,0,0.5
LogisticRegression,1209,4,0,0.44382537851297027,0,0.5
LogisticRegression,1210,3,0,0.4585063184430052,0,0.5
LogisticRegression,1211,3,0,0.2361067700638501,0,0.5
LogisticRegression,1212,2,0,0.055817334295844435,0,0.5
LogisticRegression,1213,5,0,0.24721392803659642,0,0.5
LogisticRegression,1214,5,0,0.3493264576959928,0,0.5
LogisticRegression,1215,5,0,0.1205831025951504,0,0.5
LogisticRegression,1216,5,0,0.1435585521430384,0,0.5
LogisticRegression,1217,1,0,0.5630725876309092,1,0.5
LogisticRegression,1218,2,0,0.040689456656158064,0,0.5
LogisticRegression,1219,4,0,0.3463082250976957,0,0.5
LogisticRegression,1220,2,0,0.01299752763098206,0,0.5
LogisticRegression,1221,3,0,0.38859442113125264,0,0.5
LogisticRegression,1222,5,0,0.5991948060327744,1,0.5
LogisticRegression,1223,2,0,0.43790488665357535,0,0.5
LogisticRegression,1224,3,0,0.3385373661689133,0,0.5
LogisticRegression,1225,5,0,0.050434928215248344,0,0.5
LogisticRegression,1226,3,0,0.2709429592722132,0,0.5
LogisticRegression,1227,3,1,0.6524136871158026,1,0.5
LogisticRegression,1228,3,0,0.1351682824777619,0,0.5
LogisticRegression,1229,3,0,0.04856268431041483,0,0.5
LogisticRegression,1230,4,0,0.59932018079274,1,0.5
LogisticRegression,1231,2,0,0.36686321605967354,0,0.5
LogisticRegression,1232,5,0,0.030225348669311324,0,0.5
LogisticRegression,1233,2,0,0.3172543106015461,0,0.5
LogisticRegression,1234,5,0,0.7638819928766202,1,0.5
LogisticRegression,1235,2,0,0.02921421251947356,0,0.5
LogisticRegression,1236,3,1,0.8364861741194932,1,0.5
LogisticRegression,1237,2,1,0.46633255860272865,0,0.5
LogisticRegression,1238,3,0,0.38189071055620183,0,0.5
LogisticRegression,1239,2,0,0.28802031742124273,0,0.5
LogisticRegression,1240,2,0,0.21458208653181907,0,0.5
LogisticRegression,1241,4,0,0.7799835901663833,1,0.5
LogisticRegression,1242,2,0,0.005188624070755983,0,0.5
LogisticRegression,1243,2,0,0.47982865886278026,0,0.5
LogisticRegression,1244,4,0,0.2159776629926879,0,0.5
LogisticRegression,1245,3,0,0.16146811306980016,0,0.5
LogisticRegression,1246,4,0,0.7211264383472249,1,0.5
LogisticRegression,1247,3,0,7.74472200565863e-05,0,0.5
LogisticRegression,1248,3,0,0.4247534291607289,0,0.5
LogisticRegression,1249,5,0,0.2897141516191343,0,0.5
LogisticRegression,1250,4,0,0.346939043402332,0,0.5
LogisticRegression,1251,3,0,0.24225405075226708,0,0.5
LogisticRegression,1252,2,0,0.7932135774754728,1,0.5
LogisticRegression,1253,5,0,0.7503493478267659,1,0.5
LogisticRegression,1254,3,0,0.29513515773023463,0,0.5
LogisticRegression,1255,5,0,0.28684541571337685,0,0.5
LogisticRegression,1256,5,0,0.004936860415732863,0,0.5
LogisticRegression,1257,5,0,0.3046729943622867,0,0.5
LogisticRegression,1258,3,0,0.13509972198001094,0,0.5
LogisticRegression,1259,4,0,0.007590867268296008,0,0.5
LogisticRegression,1260,4,0,0.8614358137269243,1,0.5
LogisticRegression,1261,5,0,0.6229196338175761,1,0.5
LogisticRegression,1262,3,0,0.2504201474422056,0,0.5
LogisticRegression,1263,2,0,0.39465877549713535,0,0.5
LogisticRegression,1264,4,1,0.8289648828967134,1,0.5
LogisticRegression,1265,3,0,0.25003693043871367,0,0.5
LogisticRegression,1266,5,0,0.16762172574838935,0,0.5
LogisticRegression,1267,5,1,0.4840632339031781,0,0.5
LogisticRegression,1268,5,0,0.5862417219569501,1,0.5
LogisticRegression,1269,5,0,0.6471622744650237,1,0.5
LogisticRegression,1270,3,0,0.3022596172798866,0,0.5
LogisticRegression,1271,4,0,0.29148877053634875,0,0.5
LogisticRegression,1272,3,0,0.02658511769535211,0,0.5
LogisticRegression,1273,2,1,0.94046149595994,1,0.5
LogisticRegression,1274,3,0,0.134505688543946,0,0.5
LogisticRegression,1275,3,1,0.8691630419086407,1,0.5
LogisticRegression,1276,3,1,0.8640152969734114,1,0.5
LogisticRegression,1277,4,0,0.8864686765928177,1,0.5
LogisticRegression,1278,3,0,0.893522468095395,1,0.5
LogisticRegression,1279,3,1,0.920679075144245,1,0.5
LogisticRegression,1280,5,1,0.569857162935825,1,0.5
LogisticRegression,1281,3,1,0.8124688244403213,1,0.5
LogisticRegression,1282,4,1,0.8866378203842431,1,0.5
LogisticRegression,1283,5,1,0.9966735788587291,1,0.5
LogisticRegression,1284,3,1,0.8997264228992865,1,0.5
LogisticRegression,1285,2,1,0.8899946434172181,1,0.5
LogisticRegression,1286,3,1,0.8719457319371736,1,0.5
LogisticRegression,1287,3,1,0.8944433424084183,1,0.5
LogisticRegression,1288,3,1,0.9449270752735952,1,0.5
LogisticRegression,1289,4,1,0.9754255946937006,1,0.5
LogisticRegression,1290,5,1,0.9299876027236745,1,0.5
LogisticRegression,1291,3,1,0.8957905384364927,1,0.5
LogisticRegression,1292,4,1,0.8152781032879505,1,0.5
LogisticRegression,1293,4,0,0.8460890567113866,1,0.5
LogisticRegression,1294,3,1,0.8337694877453234,1,0.5
LogisticRegression,1295,4,1,0.8374528249491416,1,0.5
LogisticRegression,1296,3,1,0.8890402421741805,1,0.5
LogisticRegression,1297,3,1,0.8472622530535393,1,0.5
LogisticRegression,1298,3,1,0.8796834415947105,1,0.5
LogisticRegression,1299,3,1,0.8161896212199335,1,0.5
LogisticRegression,1300,3,1,0.8656297621377101,1,0.5
LogisticRegression,1301,3,1,0.9511590237494805,1,0.5
LogisticRegression,1302,5,1,0.821746948930797,1,0.5
LogisticRegression,1303,2,1,0.6908249209028687,1,0.5
LogisticRegression,1304,5,1,0.8797236371064588,1,0.5
LogisticRegression,1305,2,1,0.7861105319742747,1,0.5
LogisticRegression,1306,4,1,0.7962740531790806,1,0.5
LogisticRegression,1307,3,1,0.7621432975596671,1,0.5
LogisticRegression,1308,3,1,0.9222788076293864,1,0.5
LogisticRegression,1309,5,1,0.3215347808491393,0,0.5
LogisticRegression,1310,4,1,0.9711851261007601,1,0.5
LogisticRegression,1311,2,1,0.7110997766871496,1,0.5
LogisticRegression,1312,3,1,0.9555611340830066,1,0.5
LogisticRegression,1313,4,1,0.9591799048654484,1,0.5
LogisticRegression,1314,5,1,0.7702010848012474,1,0.5
LogisticRegression,1315,4,0,0.5555541711971869,1,0.5
LogisticRegression,1316,3,1,0.911265879537198,1,0.5
LogisticRegression,1317,3,1,0.9483749365986153,1,0.5
LogisticRegression,1318,3,1,0.9510211335592408,1,0.5
LogisticRegression,1319,5,1,0.9708732411631676,1,0.5
LogisticRegression,1320,4,1,0.9900370941073764,1,0.5
LogisticRegression,1321,2,0,0.28214393884298006,0,0.5
LogisticRegression,1322,3,0,0.7524413185966504,1,0.5
LogisticRegression,1323,3,1,0.3925618646760425,0,0.5
LogisticRegression,1324,3,0,0.6924168784152016,1,0.5
LogisticRegression,1325,3,1,0.7602267316514763,1,0.5
LogisticRegression,1326,3,0,0.8466829803849449,1,0.5
LogisticRegression,1327,5,0,0.049749677527873376,0,0.5
LogisticRegression,1328,4,0,0.07744006900683226,0,0.5
LogisticRegression,1329,3,0,0.5133247240744625,1,0.5
LogisticRegression,1330,3,0,0.31894331921718505,0,0.5
LogisticRegression,1331,3,0,0.6050889560551801,1,0.5
LogisticRegression,1332,4,1,0.9632062321291861,1,0.5
LogisticRegression,1333,3,1,0.9616162236932945,1,0.5
LogisticRegression,1334,2,1,0.9175408374910927,1,0.5
LogisticRegression,1335,4,0,0.8263325552692168,1,0.5
LogisticRegression,1336,3,0,0.10578974899722571,0,0.5
LogisticRegression,1337,5,1,0.9611289099703829,1,0.5
LogisticRegression,1338,4,1,0.9690504544624264,1,0.5
LogisticRegression,1339,2,1,0.9720998422797589,1,0.5
LogisticRegression,1340,4,0,0.5516534017866995,1,0.5
LogisticRegression,1341,3,1,0.9677923559801058,1,0.5
LogisticRegression,1342,2,1,0.7527148090850886,1,0.5
LogisticRegression,1343,3,0,0.9449740656638638,1,0.5
LogisticRegression,1344,3,0,0.6619060062418939,1,0.5
LogisticRegression,1345,2,1,0.9957031960771158,1,0.5
LogisticRegression,1346,4,1,0.8169158469320884,1,0.5
LogisticRegression,1347,5,0,0.7767112619300613,1,0.5
LogisticRegression,1348,2,0,0.9800389903849673,1,0.5
LogisticRegression,1349,3,0,0.9841599135987368,1,0.5
LogisticRegression,1350,2,1,0.8331046038962325,1,0.5
LogisticRegression,1351,2,1,0.978078984819053,1,0.5
LogisticRegression,1352,4,1,0.9514592570346372,1,0.5
LogisticRegression,1353,4,1,0.9947109994698694,1,0.5
LogisticRegression,1354,5,1,0.8486237999324554,1,0.5
LogisticRegression,1355,4,1,0.9223303781703511,1,0.5
LogisticRegression,1356,3,0,0.3552136370822717,0,0.5
LogisticRegression,1357,5,0,0.0030186323948589128,0,0.5
LogisticRegression,1358,2,0,0.6464228008595791,1,0.5
LogisticRegression,1359,3,0,0.842366075354473,1,0.5
LogisticRegression,1360,5,0,0.26130746024526613,0,0.5
LogisticRegression,1361,3,1,0.10608146024873483,0,0.5
LogisticRegression,1362,3,1,0.875809000640424,1,0.5
LogisticRegression,1363,3,0,0.4570059590146296,0,0.5
LogisticRegression,1364,2,0,0.08969450037419618,0,0.5
LogisticRegression,1365,2,0,0.7787750006951311,1,0.5
LogisticRegression,1366,2,1,0.6193588223014557,1,0.5
LogisticRegression,1367,3,0,0.8619326387665094,1,0.5
LogisticRegression,1368,5,1,0.35769036232971463,0,0.5
LogisticRegression,1369,5,0,0.30436627198894645,0,0.5
LogisticRegression,1370,2,0,0.19562433631273005,0,0.5
LogisticRegression,1371,4,1,0.8303115563442707,1,0.5
LogisticRegression,1372,3,1,0.8012928944545261,1,0.5
LogisticRegression,1373,5,1,0.9292157636310896,1,0.5
LogisticRegression,1374,3,1,0.47874364071983333,0,0.5
LogisticRegression,1375,2,0,0.7624551177500413,1,0.5
LogisticRegression,1376,5,0,0.47647155766177257,0,0.5
LogisticRegression,1377,3,1,0.4490813301336216,0,0.5
LogisticRegression,1378,2,1,0.6843897921318642,1,0.5
LogisticRegression,1379,5,0,0.7404560201252053,1,0.5
LogisticRegression,1380,4,0,0.7573862808985787,1,0.5
LogisticRegression,1381,2,0,0.6310283692559461,1,0.5
LogisticRegression,1382,3,1,0.8303282372053612,1,0.5
LogisticRegression,1383,5,1,0.7819031303083811,1,0.5
LogisticRegression,1384,4,1,0.7650115901744997,1,0.5
LogisticRegression,1385,2,0,0.6508287621455472,1,0.5
LogisticRegression,1386,4,1,0.8645310769895663,1,0.5
LogisticRegression,1387,3,1,0.8226689432804865,1,0.5
LogisticRegression,1388,2,1,0.8457119810996035,1,0.5
LogisticRegression,1389,5,1,0.9385175841410054,1,0.5
LogisticRegression,1390,5,1,0.4139257679381265,0,0.5
LogisticRegression,1391,5,0,0.10199684655559434,0,0.5
LogisticRegression,1392,5,0,0.16121956588483302,0,0.5
LogisticRegression,1393,3,0,0.2963153218475666,0,0.5
LogisticRegression,1394,3,0,0.3978011742541606,0,0.5
LogisticRegression,1395,2,0,0.46252188808699934,0,0.5
LogisticRegression,1396,3,0,0.5892925882555166,1,0.5
LogisticRegression,1397,3,0,0.08105653084457495,0,0.5
LogisticRegression,1398,3,0,0.24600289625096247,0,0.5
LogisticRegression,1399,5,0,0.7308329995569295,1,0.5
LogisticRegression,1400,2,0,0.9030037185959641,1,0.5
LogisticRegression,1401,3,0,0.603735601778009,1,0.5
LogisticRegression,1402,4,0,0.636572723098859,1,0.5
LogisticRegression,1403,2,0,0.2999705934322524,0,0.5
LogisticRegression,1404,3,1,0.7317093220184588,1,0.5
LogisticRegression,1405,5,0,0.6284976652452104,1,0.5
LogisticRegression,1406,5,0,0.2736747263831456,0,0.5
LogisticRegression,1407,3,0,0.17589245347515708,0,0.5
LogisticRegression,1408,3,1,0.5013020245700465,1,0.5
LogisticRegression,1409,3,1,0.6074271335868621,1,0.5
LogisticRegression,1410,4,1,0.8877609457479575,1,0.5
LogisticRegression,1411,2,1,0.9268836406745131,1,0.5
LogisticRegression,1412,3,1,0.9180566905638693,1,0.5
LogisticRegression,1413,5,1,0.9754582584855628,1,0.5
LogisticRegression,1414,3,1,0.9825604351159866,1,0.5
LogisticRegression,1415,4,0,0.8762910048729987,1,0.5
LogisticRegression,1416,2,1,0.96137627349974,1,0.5
LogisticRegression,1417,3,0,0.758190456882006,1,0.5
LogisticRegression,1418,5,1,0.9513251686267593,1,0.5
LogisticRegression,1419,2,1,0.8688245807976052,1,0.5
LogisticRegression,1420,3,0,0.4350279306324337,0,0.5
LogisticRegression,1421,4,1,0.9433323765781588,1,0.5
LogisticRegression,1422,5,1,0.8890585732663636,1,0.5
LogisticRegression,1423,5,0,0.9978641932445351,1,0.5
LogisticRegression,1424,3,1,0.5559774568446432,1,0.5
LogisticRegression,1425,3,0,0.37206673429332227,0,0.5
LogisticRegression,1426,5,1,0.22979840471862156,0,0.5
LogisticRegression,1427,2,0,0.22867084761286505,0,0.5
LogisticRegression,1428,5,1,0.8576290217054895,1,0.5
LogisticRegression,1429,3,0,1.1373009753493404e-05,0,0.5
LogisticRegression,1430,4,0,0.6331992499180169,1,0.5
LogisticRegression,1431,2,1,0.736190047263354,1,0.5
LogisticRegression,1432,2,0,0.30453853552199406,0,0.5
LogisticRegression,1433,2,0,0.5241329658047966,1,0.5
LogisticRegression,1434,4,0,0.45857719128189667,0,0.5
LogisticRegression,1435,3,0,0.8540722668477242,1,0.5
LogisticRegression,1436,2,0,0.591393510726479,1,0.5
LogisticRegression,1437,3,0,0.4549313415867024,0,0.5
LogisticRegression,1438,3,0,0.21359416309242268,0,0.5
LogisticRegression,1439,4,0,0.4605502769629708,0,0.5
LogisticRegression,1440,3,1,0.7579572677056718,1,0.5
LogisticRegression,1441,4,0,0.08705178482125858,0,0.5
LogisticRegression,1442,3,0,0.34892092400104113,0,0.5
LogisticRegression,1443,4,0,0.37843103391497757,0,0.5
LogisticRegression,1444,2,1,0.792898090419431,1,0.5
LogisticRegression,1445,2,0,0.0927963321222094,0,0.5
LogisticRegression,1446,3,0,0.1914528150269361,0,0.5
LogisticRegression,1447,5,0,0.9238496036744768,1,0.5
LogisticRegression,1448,3,0,0.923981797919262,1,0.5
LogisticRegression,1449,3,0,0.027317435866524107,0,0.5
LogisticRegression,1450,3,0,0.09062242432974031,0,0.5
LogisticRegression,1451,4,1,0.825251659655292,1,0.5
LogisticRegression,1452,3,1,0.8704218330048444,1,0.5
LogisticRegression,1453,3,0,0.22541553299956293,0,0.5
LogisticRegression,1454,3,0,0.48186627374593094,0,0.5
LogisticRegression,1455,4,0,0.3216544055045044,0,0.5
LogisticRegression,1456,3,0,0.11292367795045724,0,0.5
LogisticRegression,1457,3,1,0.18780613438363286,0,0.5
LogisticRegression,1458,3,0,0.20799319398490593,0,0.5
LogisticRegression,1459,3,0,0.44925782683537235,0,0.5
LogisticRegression,1460,3,1,0.46896743948897673,0,0.5
LogisticRegression,1461,3,1,0.30947743298805,0,0.5
LogisticRegression,1462,3,0,0.4335311740187414,0,0.5
LogisticRegression,1463,3,0,0.39463532195710826,0,0.5
LogisticRegression,1464,3,1,0.6071613079792588,1,0.5
LogisticRegression,1465,3,1,0.33965372314461617,0,0.5
LogisticRegression,1466,3,1,0.49863734741336263,0,0.5
LogisticRegression,1467,3,1,0.17683121282458647,0,0.5
LogisticRegression,1468,5,0,0.41480282428060844,0,0.5
LogisticRegression,1469,3,0,0.6416300521763092,1,0.5
LogisticRegression,1470,3,0,0.2477965500211777,0,0.5
LogisticRegression,1471,3,0,0.24044345974386447,0,0.5
LogisticRegression,1472,3,1,0.3132172889390054,0,0.5
LogisticRegression,1473,3,0,0.6444944585567879,1,0.5
LogisticRegression,1474,2,0,0.5522540399638417,1,0.5
LogisticRegression,1475,5,1,0.4733574596372995,0,0.5
LogisticRegression,1476,4,0,0.4492677598856696,0,0.5
LogisticRegression,1477,2,1,0.35325528323130334,0,0.5
LogisticRegression,1478,4,1,0.5595647579175123,1,0.5
LogisticRegression,1479,3,0,0.3830771869897172,0,0.5
LogisticRegression,1480,3,1,0.771002978261201,1,0.5
LogisticRegression,1481,4,1,0.7337427700505196,1,0.5
LogisticRegression,1482,3,0,0.6800227793552371,1,0.5
LogisticRegression,1483,3,0,0.3892706815771727,0,0.5
LogisticRegression,1484,3,1,0.2722484308480367,0,0.5
LogisticRegression,1485,5,0,0.8048893686200564,1,0.5
LogisticRegression,1486,2,0,0.45814657309995904,0,0.5
LogisticRegression,1487,2,1,0.8462073065785647,1,0.5
LogisticRegression,1488,2,0,0.004382344401207148,0,0.5
LogisticRegression,1489,2,0,0.005359067663249297,0,0.5
LogisticRegression,1490,5,0,0.6436985783959376,1,0.5
LogisticRegression,1491,2,0,0.7587413583852476,1,0.5
LogisticRegression,1492,4,0,0.5853793574164569,1,0.5
LogisticRegression,1493,3,0,0.3681370118480177,0,0.5
LogisticRegression,1494,5,0,0.7783528944826,1,0.5
LogisticRegression,1495,3,0,0.7098277724704738,1,0.5
LogisticRegression,1496,2,0,0.7789999353668792,1,0.5
LogisticRegression,1497,5,0,0.4538106998717101,0,0.5
LogisticRegression,1498,3,0,0.3845742336314852,0,0.5
LogisticRegression,1499,3,0,0.3558766639305228,0,0.5
LogisticRegression,1500,4,1,0.3284166654915244,0,0.5
LogisticRegression,1501,5,0,0.14162172257554195,0,0.5
LogisticRegression,1502,3,0,0.4259881878545944,0,0.5
LogisticRegression,1503,2,0,0.7291196773432033,1,0.5
LogisticRegression,1504,3,1,0.6856092196891412,1,0.5
LogisticRegression,1505,4,1,0.785683293350806,1,0.5
LogisticRegression,1506,3,0,0.5864572112302371,1,0.5
LogisticRegression,1507,4,0,0.4668744702455533,0,0.5
LogisticRegression,1508,3,0,0.5708395237821946,1,0.5
LogisticRegression,1509,3,0,0.10423029212827849,0,0.5
LogisticRegression,1510,3,0,0.06700756887220559,0,0.5
LogisticRegression,1511,2,0,0.29455028755227886,0,0.5
LogisticRegression,1512,3,0,0.3693805041740462,0,0.5
LogisticRegression,1513,5,0,0.009976674884321234,0,0.5
LogisticRegression,1514,3,0,0.27873436503251037,0,0.5
LogisticRegression,1515,5,0,0.14115630694173148,0,0.5
LogisticRegression,1516,5,0,0.18029258041082008,0,0.5
LogisticRegression,1517,3,0,0.4206350026692384,0,0.5
LogisticRegression,1518,3,0,0.4981128402508745,0,0.5
LogisticRegression,1519,3,0,0.471576810084432,0,0.5
LogisticRegression,1520,5,0,0.26029845694507037,0,0.5
LogisticRegression,1521,3,0,0.45103080878483903,0,0.5
LogisticRegression,1522,4,0,0.149553517035056,0,0.5
LogisticRegression,1523,3,0,0.12843525640625209,0,0.5
LogisticRegression,1524,3,0,0.021420593285545395,0,0.5
LogisticRegression,1525,5,0,0.7591433336005186,1,0.5
LogisticRegression,1526,2,0,0.4780162389930017,0,0.5
LogisticRegression,1527,3,0,0.5508350216363976,1,0.5
LogisticRegression,1528,4,0,0.5732804785724874,1,0.5
LogisticRegression,1529,4,0,0.13004457629634392,0,0.5
LogisticRegression,1530,3,0,0.36010709375112576,0,0.5
LogisticRegression,1531,5,0,0.6716700123950325,1,0.5
LogisticRegression,1532,3,0,0.0347679635466352,0,0.5
LogisticRegression,1533,5,0,0.023725964939560754,0,0.5
LogisticRegression,1534,4,0,0.2277968872580806,0,0.5
LogisticRegression,1535,3,0,0.19732194140617532,0,0.5
LogisticRegression,1536,2,1,0.8548563884711297,1,0.5
LogisticRegression,1537,4,0,0.0736813316985143,0,0.5
LogisticRegression,1538,4,0,0.9409782402059059,1,0.5
LogisticRegression,1539,5,1,0.9443268733484721,1,0.5
LogisticRegression,1540,4,0,0.11184956505932611,0,0.5
LogisticRegression,1541,3,0,0.40583318223059883,0,0.5
LogisticRegression,1542,4,0,0.3884369918333873,0,0.5
LogisticRegression,1543,2,0,0.30571238550732666,0,0.5
LogisticRegression,1544,3,0,0.44641263090271743,0,0.5
LogisticRegression,1545,3,0,0.48685724268387154,0,0.5
LogisticRegression,1546,2,0,0.8281304742877633,1,0.5
LogisticRegression,1547,5,0,0.4497243549034813,0,0.5
LogisticRegression,1548,3,0,0.7130707213083469,1,0.5
LogisticRegression,1549,2,0,0.3397718618246941,0,0.5
LogisticRegression,1550,3,0,0.3747088506100836,0,0.5
LogisticRegression,1551,3,0,0.0713890394727265,0,0.5
LogisticRegression,1552,4,0,0.5760460185844056,1,0.5
LogisticRegression,1553,5,0,0.0753425001790283,0,0.5
LogisticRegression,1554,3,0,0.42848041353771865,0,0.5
LogisticRegression,1555,3,0,0.3492434256522692,0,0.5
LogisticRegression,1556,5,0,0.482666211174411,0,0.5
LogisticRegression,1557,5,1,0.35026192036878,0,0.5
LogisticRegression,1558,3,1,0.24110973281940976,0,0.5
LogisticRegression,1559,3,0,0.1763517001428345,0,0.5
LogisticRegression,1560,3,0,0.49930232040313455,0,0.5
LogisticRegression,1561,3,0,0.4476655470374717,0,0.5
LogisticRegression,1562,3,0,0.508904423563655,1,0.5
LogisticRegression,1563,5,0,0.7152999974749994,1,0.5
LogisticRegression,1564,3,1,0.9126729152589492,1,0.5
LogisticRegression,1565,3,0,0.18524612165882923,0,0.5
LogisticRegression,1566,3,1,0.2766708466796422,0,0.5
LogisticRegression,1567,3,0,0.5473166500962877,1,0.5
LogisticRegression,1568,3,0,2.5396930679126115e-06,0,0.5
LogisticRegression,1569,4,0,3.787453331603106e-07,0,0.5
LogisticRegression,1570,3,0,0.008448430467545136,0,0.5
LogisticRegression,1571,4,0,5.38534545776834e-07,0,0.5
LogisticRegression,1572,2,0,0.2651422126447832,0,0.5
LogisticRegression,1573,2,0,0.04406991587183685,0,0.5
LogisticRegression,1574,2,0,0.02528212660097754,0,0.5
LogisticRegression,1575,4,0,0.08034118736193994,0,0.5
LogisticRegression,1576,5,0,0.03323573655358337,0,0.5
LogisticRegression,1577,5,0,0.013490646714726932,0,0.5
LogisticRegression,1578,5,0,0.010689554639701013,0,0.5
LogisticRegression,1579,4,0,0.07185657080751383,0,0.5
LogisticRegression,1580,4,0,0.08994604403305037,0,0.5
LogisticRegression,1581,4,0,0.3506501960491354,0,0.5
LogisticRegression,1582,2,1,0.7216024483657074,1,0.5
LogisticRegression,1583,4,0,0.000916518570886813,0,0.5
LogisticRegression,1584,4,0,0.0010178767606539212,0,0.5
LogisticRegression,1585,3,0,0.4946120982241306,0,0.5
LogisticRegression,1586,2,0,0.28943447392896804,0,0.5
LogisticRegression,1587,5,1,0.12073758211129443,0,0.5
LogisticRegression,1588,5,0,0.5507257193182908,1,0.5
LogisticRegression,1589,3,0,0.6249033373918889,1,0.5
LogisticRegression,1590,4,0,0.6201021942644139,1,0.5
LogisticRegression,1591,4,0,0.2487054914711035,0,0.5
LogisticRegression,1592,2,0,0.0005099570589093642,0,0.5
LogisticRegression,1593,3,0,0.000810626578401022,0,0.5
LogisticRegression,1594,3,0,0.4355865404283258,0,0.5
LogisticRegression,1595,4,0,0.09990313184755663,0,0.5
LogisticRegression,1596,2,0,0.33932199430688775,0,0.5
LogisticRegression,1597,3,0,0.6235027393381455,1,0.5
LogisticRegression,1598,3,0,0.4054091293511538,0,0.5
LogisticRegression,1599,3,0,0.180488526010903,0,0.5
LogisticRegression,1600,3,0,0.3712412982439655,0,0.5
LogisticRegression,1601,3,0,0.6690795257640628,1,0.5
LogisticRegression,1602,2,0,0.214290042516002,0,0.5
LogisticRegression,1603,5,0,0.014047713971559864,0,0.5
LogisticRegression,1604,3,0,0.3125007320215716,0,0.5
LogisticRegression,1605,3,0,0.6962275830624025,1,0.5
LogisticRegression,1606,3,0,0.20166721768076554,0,0.5
LogisticRegression,1607,3,0,0.008133041050186694,0,0.5
LogisticRegression,1608,3,0,0.3520349216204918,0,0.5
LogisticRegression,1609,4,0,0.5909672999220986,1,0.5
LogisticRegression,1610,3,0,0.2637727372114782,0,0.5
LogisticRegression,1611,3,0,0.47185659284246234,0,0.5
LogisticRegression,1612,3,0,0.6241867831541771,1,0.5
LogisticRegression,1613,2,0,0.5047814827551124,1,0.5
LogisticRegression,1614,3,0,0.49686467824860253,0,0.5
LogisticRegression,1615,5,0,0.3874780990807581,0,0.5
LogisticRegression,1616,5,0,0.037857708071006795,0,0.5
LogisticRegression,1617,5,0,0.8205899921077247,1,0.5
LogisticRegression,1618,4,0,0.03858463174748059,0,0.5
LogisticRegression,1619,2,0,0.701057971827096,1,0.5
LogisticRegression,1620,3,1,0.4024357208925699,0,0.5
LogisticRegression,1621,3,0,0.5759018425633877,1,0.5
LogisticRegression,1622,3,0,0.6111648370139556,1,0.5
LogisticRegression,1623,4,0,0.21682358608039273,0,0.5
LogisticRegression,1624,4,0,0.6150934005773165,1,0.5
LogisticRegression,1625,2,1,0.8221807497109089,1,0.5
LogisticRegression,1626,5,0,0.5484962063468379,1,0.5
LogisticRegression,1627,3,0,0.03748845708000952,0,0.5
LogisticRegression,1628,3,0,0.05084951081745102,0,0.5
LogisticRegression,1629,3,0,0.052734546453702326,0,0.5
LogisticRegression,1630,3,0,0.10935590543384367,0,0.5
LogisticRegression,1631,5,0,0.026040696443932736,0,0.5
LogisticRegression,1632,3,0,0.024409803747962443,0,0.5
LogisticRegression,1633,5,0,0.15090416503647996,0,0.5
LogisticRegression,1634,3,1,0.9593978707265522,1,0.5
LogisticRegression,1635,3,0,0.29118556428259945,0,0.5
LogisticRegression,1636,4,0,0.5318581418516518,1,0.5
LogisticRegression,1637,2,0,0.6155206239595861,1,0.5
LogisticRegression,1638,3,0,0.5146760169553097,1,0.5
LogisticRegression,1639,4,0,0.4811521606342426,0,0.5
LogisticRegression,1640,5,0,0.012837813275918125,0,0.5
LogisticRegression,1641,2,1,0.635757727824808,1,0.5
LogisticRegression,1642,3,0,0.26902370122764024,0,0.5
LogisticRegression,1643,5,0,0.8270728232215105,1,0.5
LogisticRegression,1644,5,1,0.10215518641297759,0,0.5
LogisticRegression,1645,3,0,0.30984334076202363,0,0.5
LogisticRegression,1646,2,1,0.8987452801094277,1,0.5
LogisticRegression,1647,4,0,0.27475630446359034,0,0.5
LogisticRegression,1648,2,0,0.8295946201627595,1,0.5
LogisticRegression,1649,3,0,0.09461431916908737,0,0.5
LogisticRegression,1650,2,0,0.0026488303328025056,0,0.5
LogisticRegression,1651,3,0,0.030743008682147986,0,0.5
LogisticRegression,1652,4,0,0.5586389530839972,1,0.5
LogisticRegression,1653,5,0,0.21482689990082898,0,0.5
LogisticRegression,1654,2,0,0.30118836072510036,0,0.5
LogisticRegression,1655,3,0,0.4765463356364282,0,0.5
LogisticRegression,1656,5,0,0.7744945642779056,1,0.5
LogisticRegression,1657,3,0,0.0752911036726756,0,0.5
LogisticRegression,1658,3,0,0.4595929922669477,0,0.5
LogisticRegression,1659,3,0,0.4592601888356641,0,0.5
LogisticRegression,1660,3,0,0.48266303981101233,0,0.5
LogisticRegression,1661,3,0,0.4673127850978279,0,0.5
LogisticRegression,1662,5,0,0.22008024275670354,0,0.5
LogisticRegression,1663,3,0,0.05408403768502894,0,0.5
LogisticRegression,1664,4,0,0.01057525866643104,0,0.5
LogisticRegression,1665,4,0,0.27775877325557624,0,0.5
LogisticRegression,1666,2,0,0.8958542839989205,1,0.5
LogisticRegression,1667,3,0,0.8844485478626131,1,0.5
LogisticRegression,1668,5,1,0.9575078627055305,1,0.5
LogisticRegression,1669,3,1,0.8109565229639923,1,0.5
LogisticRegression,1670,3,1,0.9058483876742105,1,0.5
LogisticRegression,1671,3,1,0.9259433269003956,1,0.5
LogisticRegression,1672,4,1,0.9564170551073435,1,0.5
LogisticRegression,1673,3,0,0.921551404577709,1,0.5
LogisticRegression,1674,4,1,0.9590893901140952,1,0.5
LogisticRegression,1675,3,0,0.8358919365380988,1,0.5
LogisticRegression,1676,3,0,0.8279605214643085,1,0.5
LogisticRegression,1677,3,1,0.8345182844238963,1,0.5
LogisticRegression,1678,3,0,0.8043496218922778,1,0.5
LogisticRegression,1679,3,1,0.7134827005097346,1,0.5
LogisticRegression,1680,3,1,0.7574090141725281,1,0.5
LogisticRegression,1681,3,1,0.7045305540040983,1,0.5
LogisticRegression,1682,3,1,0.9075326487706993,1,0.5
LogisticRegression,1683,3,1,0.9273599272481514,1,0.5
LogisticRegression,1684,3,1,0.891337882266933,1,0.5
LogisticRegression,1685,3,1,0.8575663324302981,1,0.5
LogisticRegression,1686,3,1,0.821281023660222,1,0.5
LogisticRegression,1687,3,0,0.8407222110087169,1,0.5
LogisticRegression,1688,2,1,0.7617895501753538,1,0.5
LogisticRegression,1689,3,1,0.9812293620671481,1,0.5
LogisticRegression,1690,5,0,0.6425241008853089,1,0.5
LogisticRegression,1691,5,1,0.839189245000311,1,0.5
LogisticRegression,1692,2,1,0.963322306913578,1,0.5
LogisticRegression,1693,3,1,0.9670462348372166,1,0.5
LogisticRegression,1694,4,1,0.897625556398645,1,0.5
LogisticRegression,1695,4,1,0.9642330820355764,1,0.5
LogisticRegression,1696,3,0,0.9198633527363536,1,0.5
LogisticRegression,1697,3,0,0.6860799453015232,1,0.5
LogisticRegression,1698,3,1,0.7100895157698089,1,0.5
LogisticRegression,1699,4,0,0.6739038691313478,1,0.5
LogisticRegression,1700,3,1,1.914026880886323e-05,0,0.5
LogisticRegression,1701,4,1,0.645817718636634,1,0.5
LogisticRegression,1702,3,0,0.027178619968128172,0,0.5
LogisticRegression,1703,3,0,0.15702916543654397,0,0.5
LogisticRegression,1704,3,0,0.4128046090898615,0,0.5
LogisticRegression,1705,2,0,0.06920559960565303,0,0.5
LogisticRegression,1706,3,0,0.535654038997782,1,0.5
LogisticRegression,1707,2,0,0.23140993523467046,0,0.5
LogisticRegression,1708,2,0,0.4811427865313465,0,0.5
LogisticRegression,1709,2,0,0.9361469412453148,1,0.5
LogisticRegression,1710,4,0,0.5385349982440358,1,0.5
LogisticRegression,1711,3,0,0.6574731383576502,1,0.5
LogisticRegression,1712,4,0,0.6050388882315177,1,0.5
LogisticRegression,1713,3,1,0.43375548490235344,0,0.5
LogisticRegression,1714,5,0,0.19839671136970857,0,0.5
LogisticRegression,1715,5,0,0.07925872434040543,0,0.5
LogisticRegression,1716,4,0,0.257158713244777,0,0.5
LogisticRegression,1717,3,1,0.9380369542204426,1,0.5
LogisticRegression,1718,3,0,0.9085553846205633,1,0.5
LogisticRegression,1719,3,1,0.9006088627457012,1,0.5
LogisticRegression,1720,2,0,0.465410534270778,0,0.5
LogisticRegression,1721,2,1,0.052690494014433285,0,0.5
LogisticRegression,1722,3,0,0.8362570558386798,1,0.5
LogisticRegression,1723,4,0,0.02599270159571911,0,0.5
LogisticRegression,1724,3,0,0.7935799715389087,1,0.5
LogisticRegression,1725,5,0,0.05376958343098037,0,0.5
LogisticRegression,1726,5,0,0.01708256669630987,0,0.5
LogisticRegression,1727,4,0,0.1071629435922845,0,0.5
LogisticRegression,1728,2,0,0.41345653839585844,0,0.5
LogisticRegression,1729,3,0,0.8566554349817346,1,0.5
LogisticRegression,1730,5,1,0.22915160060839437,0,0.5
LogisticRegression,1731,2,0,0.13405100218545185,0,0.5
LogisticRegression,1732,5,0,0.21914261486994946,0,0.5
LogisticRegression,1733,3,0,0.3787414457440774,0,0.5
LogisticRegression,1734,3,0,0.45885428091013614,0,0.5
LogisticRegression,1735,3,0,0.7298374364987473,1,0.5
LogisticRegression,1736,3,0,0.42358695816934916,0,0.5
LogisticRegression,1737,3,1,0.24841787832244497,0,0.5
LogisticRegression,1738,5,0,0.1240916482909391,0,0.5
LogisticRegression,1739,3,0,0.2387505136908686,0,0.5
LogisticRegression,1740,3,0,0.18932415140939232,0,0.5
LogisticRegression,1741,3,0,0.6017673991663697,1,0.5
LogisticRegression,1742,3,0,0.5338711723364662,1,0.5
LogisticRegression,1743,3,1,0.554358096336741,1,0.5
LogisticRegression,1744,3,1,0.532942952036367,1,0.5
LogisticRegression,1745,4,0,0.2685450775936388,0,0.5
LogisticRegression,1746,2,0,0.06632531550414016,0,0.5
LogisticRegression,1747,3,0,0.703143091599463,1,0.5
LogisticRegression,1748,5,1,0.6971347793388434,1,0.5
LogisticRegression,1749,3,0,0.533261640506811,1,0.5
LogisticRegression,1750,3,0,0.7397974229746165,1,0.5
LogisticRegression,1751,4,1,0.6057318314347772,1,0.5
LogisticRegression,1752,3,1,0.8640789936871439,1,0.5
LogisticRegression,1753,3,0,0.3561007046270435,0,0.5
LogisticRegression,1754,2,0,0.8059397869960969,1,0.5
LogisticRegression,1755,3,0,0.5311706551641601,1,0.5
LogisticRegression,1756,2,0,0.7435678274179713,1,0.5
LogisticRegression,1757,4,0,0.6615787884599824,1,0.5
LogisticRegression,1758,2,0,0.1620067062985701,0,0.5
LogisticRegression,1759,5,1,0.0027439448461963707,0,0.5
LogisticRegression,1760,2,0,0.8079783122916505,1,0.5
LogisticRegression,1761,5,0,0.14907025416001088,0,0.5
LogisticRegression,1762,2,0,2.073706335829186e-06,0,0.5
LogisticRegression,1763,5,0,0.3952509599738563,0,0.5
LogisticRegression,1764,5,0,0.005336281375481897,0,0.5
LogisticRegression,1765,3,0,0.46119482893342734,0,0.5
LogisticRegression,1766,3,0,0.4319109833443707,0,0.5
LogisticRegression,1767,4,0,0.5855714671788306,1,0.5
LogisticRegression,1768,3,0,0.7464522822115781,1,0.5
LogisticRegression,1769,3,0,2.1425533944608627e-06,0,0.5
LogisticRegression,1770,5,0,0.1130146225104358,0,0.5
LogisticRegression,1771,3,0,0.20421912196693182,0,0.5
LogisticRegression,1772,4,0,4.993578713180438e-11,0,0.5
LogisticRegression,1773,5,0,4.5296509626440146e-10,0,0.5
LogisticRegression,1774,4,0,1.3682262951537092e-06,0,0.5
LogisticRegression,1775,2,0,0.21501199209604688,0,0.5
LogisticRegression,1776,4,0,0.2829532096238439,0,0.5
LogisticRegression,1777,2,0,0.011119364102195734,0,0.5
LogisticRegression,1778,5,0,0.16695133695728845,0,0.5
LogisticRegression,1779,2,0,0.522036176941622,1,0.5
LogisticRegression,1780,3,0,0.4336244620078776,0,0.5
LogisticRegression,1781,4,0,0.6054067857197973,1,0.5
LogisticRegression,1782,5,0,0.4488101218196829,0,0.5
LogisticRegression,1783,2,0,0.547376832122023,1,0.5
LogisticRegression,1784,3,0,0.5510367298326335,1,0.5
LogisticRegression,1785,3,0,0.47181270671057235,0,0.5
LogisticRegression,1786,3,0,0.1479776611961347,0,0.5
LogisticRegression,1787,3,0,0.0322063212601743,0,0.5
LogisticRegression,1788,3,0,0.07925266953570018,0,0.5
LogisticRegression,1789,5,0,0.0017809557864397918,0,0.5
LogisticRegression,1790,5,0,0.0017427106917613443,0,0.5
LogisticRegression,1791,5,0,0.01512321338424395,0,0.5
LogisticRegression,1792,3,0,0.2979631158602595,0,0.5
LogisticRegression,1793,3,0,0.18247492672690774,0,0.5
LogisticRegression,1794,3,0,0.2959793118460684,0,0.5
LogisticRegression,1795,2,0,0.7244369251820205,1,0.5
LogisticRegression,1796,2,0,7.81129437615196e-05,0,0.5
LogisticRegression,1797,3,0,0.47706706185859526,0,0.5
LogisticRegression,1798,5,0,0.038806976759739764,0,0.5
LogisticRegression,1799,3,1,0.5710147035401985,1,0.5
LogisticRegression,1800,3,0,0.6833218353929466,1,0.5
LogisticRegression,1801,3,0,0.6913716337044411,1,0.5
LogisticRegression,1802,3,1,0.7111161846677205,1,0.5
LogisticRegression,1803,3,0,0.3964424949620493,0,0.5
LogisticRegression,1804,4,0,0.3303122280317067,0,0.5
LogisticRegression,1805,4,0,0.34009833506650894,0,0.5
LogisticRegression,1806,4,0,0.5681916930395147,1,0.5
LogisticRegression,1807,3,0,0.7376015784679365,1,0.5
LogisticRegression,1808,3,0,0.21524337081808378,0,0.5
LogisticRegression,1809,5,0,4.533219922176409e-07,0,0.5
LogisticRegression,1810,2,0,0.0007570883279485313,0,0.5
LogisticRegression,1811,5,0,0.052909749409335856,0,0.5
LogisticRegression,1812,3,1,0.6006250129824955,1,0.5
LogisticRegression,1813,3,1,0.6249510035075174,1,0.5
LogisticRegression,1814,3,1,0.39810431599283425,0,0.5
LogisticRegression,1815,5,0,0.6152183089606694,1,0.5
LogisticRegression,1816,5,0,0.5902083875206181,1,0.5
LogisticRegression,1817,5,1,0.6726233747845739,1,0.5
LogisticRegression,1818,3,1,0.5740060572193959,1,0.5
LogisticRegression,1819,3,0,0.40458206828412757,0,0.5
LogisticRegression,1820,3,0,0.6811880098384975,1,0.5
LogisticRegression,1821,3,1,0.5733354975977454,1,0.5
LogisticRegression,1822,3,0,0.6015617392384235,1,0.5
LogisticRegression,1823,3,0,0.14659689083616315,0,0.5
LogisticRegression,1824,2,0,0.1126292811802544,0,0.5
LogisticRegression,1825,4,0,0.039292099524368074,0,0.5
LogisticRegression,1826,3,1,0.5354999157084995,1,0.5
LogisticRegression,1827,3,0,0.4344175171613354,0,0.5
LogisticRegression,1828,2,0,0.19269259400287456,0,0.5
LogisticRegression,1829,3,0,0.2004424025078533,0,0.5
LogisticRegression,1830,4,1,0.7269682754771183,1,0.5
LogisticRegression,1831,5,0,0.16403459135751247,0,0.5
LogisticRegression,1832,5,1,0.7961680541135279,1,0.5
LogisticRegression,1833,2,1,0.8044884227714392,1,0.5
LogisticRegression,1834,3,0,0.3474900698227127,0,0.5
LogisticRegression,1835,4,1,0.831457865634131,1,0.5
LogisticRegression,1836,4,0,0.33258334575007037,0,0.5
LogisticRegression,1837,5,1,0.8209990451617543,1,0.5
LogisticRegression,1838,4,1,0.9321622743124008,1,0.5
LogisticRegression,1839,2,1,0.8535746419485637,1,0.5
LogisticRegression,1840,3,0,0.741208827063964,1,0.5
LogisticRegression,1841,4,0,0.3109934605956713,0,0.5
LogisticRegression,1842,5,0,0.6847357792981096,1,0.5
LogisticRegression,1843,2,0,0.5340276039473334,1,0.5
LogisticRegression,1844,3,0,0.6926697911841183,1,0.5
LogisticRegression,1845,3,1,0.5054249284674581,1,0.5
LogisticRegression,1846,2,0,0.26529841231199,0,0.5
LogisticRegression,1847,4,0,0.0626950495646987,0,0.5
LogisticRegression,1848,5,1,0.897693872132255,1,0.5
LogisticRegression,1849,3,0,0.2852116490064341,0,0.5
LogisticRegression,1850,3,0,0.36746732749725486,0,0.5
LogisticRegression,1851,3,0,0.3797332477063421,0,0.5
LogisticRegression,1852,5,0,0.17649944206753873,0,0.5
LogisticRegression,1853,3,0,0.4566007129668683,0,0.5
LogisticRegression,1854,3,1,0.38555494736324475,0,0.5
LogisticRegression,1855,3,0,0.13394133303451794,0,0.5
LogisticRegression,1856,3,0,0.3304120152450671,0,0.5
LogisticRegression,1857,3,1,0.3377696035915522,0,0.5
LogisticRegression,1858,5,0,0.018738013884848057,0,0.5
LogisticRegression,1859,3,1,0.22630760806355704,0,0.5
LogisticRegression,1860,2,0,0.6570065136096797,1,0.5
LogisticRegression,1861,2,0,0.30393608926534826,0,0.5
LogisticRegression,1862,2,0,0.6394726854610684,1,0.5
LogisticRegression,1863,2,0,0.1872970840384359,0,0.5
LogisticRegression,1864,3,0,0.3400345531181766,0,0.5
LogisticRegression,1865,3,1,0.3732131082152698,0,0.5
LogisticRegression,1866,4,0,0.27038491555599836,0,0.5
LogisticRegression,1867,2,0,0.13431474016268882,0,0.5
LogisticRegression,1868,2,0,0.024149066352619347,0,0.5
LogisticRegression,1869,4,0,0.16060197580498597,0,0.5
LogisticRegression,1870,3,0,0.010498217972825076,0,0.5
LogisticRegression,1871,3,1,0.03081671935108973,0,0.5
LogisticRegression,1872,4,0,0.0009648681313035195,0,0.5
LogisticRegression,1873,5,0,0.15878746296706248,0,0.5
LogisticRegression,1874,4,0,0.15477447278962136,0,0.5
LogisticRegression,1875,5,0,0.1710695402132575,0,0.5
LogisticRegression,1876,5,0,0.31613372757927793,0,0.5
LogisticRegression,1877,4,0,0.02391080349696002,0,0.5
LogisticRegression,1878,2,0,0.12471779920009253,0,0.5
LogisticRegression,1879,2,0,0.005846677058500789,0,0.5
LogisticRegression,1880,3,0,0.023806038974591295,0,0.5
LogisticRegression,1881,2,0,0.16094778006407381,0,0.5
LogisticRegression,1882,4,0,0.18164056911261686,0,0.5
LogisticRegression,1883,3,1,0.5841225611783476,1,0.5
LogisticRegression,1884,3,0,0.36410565690653507,0,0.5
LogisticRegression,1885,3,0,0.5838344062051048,1,0.5
LogisticRegression,1886,5,1,0.7908039962329213,1,0.5
LogisticRegression,1887,4,0,0.04935799429056735,0,0.5
LogisticRegression,1888,5,0,0.14456346415633325,0,0.5
LogisticRegression,1889,3,0,0.38565125749165696,0,0.5
LogisticRegression,1890,5,0,0.21687170132519415,0,0.5
LogisticRegression,1891,2,0,0.6378169022505554,1,0.5
LogisticRegression,1892,2,0,0.07098766822901598,0,0.5
LogisticRegression,1893,5,1,0.06757721458267572,0,0.5
LogisticRegression,1894,2,0,0.2788213750765094,0,0.5
LogisticRegression,1895,3,0,0.009034630323155718,0,0.5
LogisticRegression,1896,2,0,0.08254447142566641,0,0.5
LogisticRegression,1897,3,0,0.3877459362256778,0,0.5
LogisticRegression,1898,2,0,0.11543691956669223,0,0.5
LogisticRegression,1899,4,0,0.0006914821290822145,0,0.5
LogisticRegression,1900,2,0,0.0031908432393673806,0,0.5
LogisticRegression,1901,3,1,0.6896633152729977,1,0.5
LogisticRegression,1902,4,0,0.16858954374537455,0,0.5
LogisticRegression,1903,3,0,0.015714666897495816,0,0.5
LogisticRegression,1904,4,0,0.1553919545756442,0,0.5
LogisticRegression,1905,5,0,0.0023313708272408554,0,0.5
LogisticRegression,1906,2,0,0.14048791078415696,0,0.5
LogisticRegression,1907,2,0,0.47334853336223387,0,0.5
LogisticRegression,1908,3,0,0.16854589637507747,0,0.5
LogisticRegression,1909,4,0,0.10338976281529681,0,0.5
LogisticRegression,1910,4,0,0.0014498293226515961,0,0.5
LogisticRegression,1911,4,0,0.048883816806417096,0,0.5
LogisticRegression,1912,3,0,0.02231309460615925,0,0.5
LogisticRegression,1913,3,0,0.26617778136527726,0,0.5
LogisticRegression,1914,2,0,0.4971626422700814,0,0.5
LogisticRegression,1915,4,0,0.3040849903611502,0,0.5
LogisticRegression,1916,4,0,0.2030141053680956,0,0.5
LogisticRegression,1917,4,0,0.2753240667310503,0,0.5
LogisticRegression,1918,4,0,0.22858300852017158,0,0.5
LogisticRegression,1919,2,0,0.1988211183304448,0,0.5
LogisticRegression,1920,5,0,0.5341367016038132,1,0.5
LogisticRegression,1921,4,1,0.10493455175869841,0,0.5
LogisticRegression,1922,3,0,0.0799294382273557,0,0.5
LogisticRegression,1923,3,0,0.030444075780450105,0,0.5
LogisticRegression,1924,3,0,0.018384404790380608,0,0.5
LogisticRegression,1925,3,0,0.030307284559008992,0,0.5
LogisticRegression,1926,3,0,0.14248298235023982,0,0.5
LogisticRegression,1927,3,0,0.12162900224969306,0,0.5
LogisticRegression,1928,3,0,0.20474577196638252,0,0.5
LogisticRegression,1929,3,0,0.04293473378460338,0,0.5
LogisticRegression,1930,3,0,0.11358909039268117,0,0.5
LogisticRegression,1931,3,0,0.12168921997189289,0,0.5
LogisticRegression,1932,3,0,0.3626495157974027,0,0.5
LogisticRegression,1933,3,0,0.22857711655983393,0,0.5
LogisticRegression,1934,5,0,0.00578240731351306,0,0.5
LogisticRegression,1935,3,0,0.11502270356982458,0,0.5
LogisticRegression,1936,3,0,0.14518343279973853,0,0.5
LogisticRegression,1937,3,0,0.2880387301814471,0,0.5
LogisticRegression,1938,4,0,0.3844433077338353,0,0.5
LogisticRegression,1939,3,1,0.5510511313532818,1,0.5
LogisticRegression,1940,5,0,0.1537879955278886,0,0.5
LogisticRegression,1941,2,0,0.0868192383448157,0,0.5
LogisticRegression,1942,3,0,0.0046909478466175625,0,0.5
LogisticRegression,1943,4,0,0.0010959291098230472,0,0.5
LogisticRegression,1944,5,0,0.04045095367467189,0,0.5
LogisticRegression,1945,2,0,0.015390077119541068,0,0.5
LogisticRegression,1946,3,0,0.009253199743564955,0,0.5
LogisticRegression,1947,5,0,3.973802237102374e-05,0,0.5
LogisticRegression,1948,3,0,0.44555228640622957,0,0.5
LogisticRegression,1949,4,1,0.6092584733664143,1,0.5
LogisticRegression,1950,4,0,0.060594373320747,0,0.5
LogisticRegression,1951,5,0,0.09049983656159218,0,0.5
LogisticRegression,1952,5,0,0.10250590678211002,0,0.5
LogisticRegression,1953,2,0,0.07061922795642807,0,0.5
LogisticRegression,1954,3,0,0.009693714207769362,0,0.5
LogisticRegression,1955,3,0,0.04751492119784641,0,0.5
LogisticRegression,1956,2,0,0.24108830178484822,0,0.5
LogisticRegression,1957,2,0,0.22823186618270092,0,0.5
LogisticRegression,1958,3,1,0.35180850209276093,0,0.5
LogisticRegression,1959,4,0,0.34232937037927064,0,0.5
LogisticRegression,1960,5,0,0.596577598877854,1,0.5
LogisticRegression,1961,2,0,0.44411049783537204,0,0.5
LogisticRegression,1962,2,1,0.060100113507237964,0,0.5
LogisticRegression,1963,5,0,0.5730095604997824,1,0.5
LogisticRegression,1964,2,0,0.016417080288857824,0,0.5
LogisticRegression,1965,4,0,0.08990461219741087,0,0.5
LogisticRegression,1966,4,0,0.12773939065136888,0,0.5
LogisticRegression,1967,2,0,0.00993605561312769,0,0.5
LogisticRegression,1968,5,0,0.13747064384156973,0,0.5
LogisticRegression,1969,2,0,0.018575633592444955,0,0.5
LogisticRegression,1970,5,0,0.00600697059437387,0,0.5
LogisticRegression,1971,3,0,0.20515610061927708,0,0.5
LogisticRegression,1972,3,0,0.25429329830239555,0,0.5
LogisticRegression,1973,3,1,0.21686998691835466,0,0.5
LogisticRegression,1974,3,0,0.21760103200390135,0,0.5
LogisticRegression,1975,5,0,0.03361529436289486,0,0.5
LogisticRegression,1976,4,0,0.010481089103151748,0,0.5
LogisticRegression,1977,4,0,0.1772688386196073,0,0.5
LogisticRegression,1978,3,0,0.4547473786768226,0,0.5
LogisticRegression,1979,4,0,0.2799088616185528,0,0.5
LogisticRegression,1980,2,0,1.7960624669711666e-07,0,0.5
LogisticRegression,1981,5,0,0.03852885091159289,0,0.5
LogisticRegression,1982,4,0,0.7781847024134432,1,0.5
LogisticRegression,1983,4,0,0.014763102171087693,0,0.5
LogisticRegression,1984,4,0,0.00036888328755213783,0,0.5
LogisticRegression,1985,4,0,0.08759002617503941,0,0.5
LogisticRegression,1986,4,0,0.051534331890209444,0,0.5
LogisticRegression,1987,4,0,0.9611841824600793,1,0.5
LogisticRegression,1988,2,0,0.07890152304421562,0,0.5
LogisticRegression,1989,4,0,0.03106113574318142,0,0.5
LogisticRegression,1990,3,0,0.3831263166403793,0,0.5
LogisticRegression,1991,3,0,0.38553621893575474,0,0.5
LogisticRegression,1992,4,0,0.034397338049109175,0,0.5
LogisticRegression,1993,3,0,0.3583447812858452,0,0.5
LogisticRegression,1994,5,0,0.08923445439029931,0,0.5
LogisticRegression,1995,3,0,8.122154433129879e-05,0,0.5
LogisticRegression,1996,2,0,0.3263648871150228,0,0.5
LogisticRegression,1997,5,0,0.1176570853563979,0,0.5
LogisticRegression,1998,2,0,0.3583975182834805,0,0.5
LogisticRegression,1999,5,0,0.07603188189581753,0,0.5
LogisticRegression,2000,5,0,0.06332516574873837,0,0.5
LogisticRegression,2001,4,0,0.3792669681811267,0,0.5
LogisticRegression,2002,3,0,0.48722867104218404,0,0.5
LogisticRegression,2003,5,0,0.10635376642018451,0,0.5
LogisticRegression,2004,4,0,0.20874642836283955,0,0.5
LogisticRegression,2005,3,0,0.23104680767019684,0,0.5
LogisticRegression,2006,4,0,0.49533796466864616,0,0.5
LogisticRegression,2007,2,1,0.38699530627493695,0,0.5
LogisticRegression,2008,2,0,0.0345629138559618,0,0.5
LogisticRegression,2009,3,0,0.3146112316110668,0,0.5
LogisticRegression,2010,4,0,0.0018345812590601315,0,0.5
LogisticRegression,2011,5,0,0.17943613573919656,0,0.5
LogisticRegression,2012,3,0,0.467947551046864,0,0.5
LogisticRegression,2013,4,0,0.5279846084586499,1,0.5
LogisticRegression,2014,4,0,0.16073610535146313,0,0.5
LogisticRegression,2015,4,0,0.10933035058952247,0,0.5
LogisticRegression,2016,2,0,0.013144213702789172,0,0.5
LogisticRegression,2017,4,0,0.025786668961792946,0,0.5
LogisticRegression,2018,2,0,0.015686057376266913,0,0.5
LogisticRegression,2019,5,0,0.029990770948628055,0,0.5
LogisticRegression,2020,4,0,0.4525636864295979,0,0.5
LogisticRegression,2021,4,0,0.12566169636635477,0,0.5
LogisticRegression,2022,3,0,0.2802189382606864,0,0.5
LogisticRegression,2023,3,0,0.15847192234583526,0,0.5
LogisticRegression,2024,3,0,0.2838582633377934,0,0.5
LogisticRegression,2025,3,0,0.2928319857491959,0,0.5
LogisticRegression,2026,2,0,0.150243416661449,0,0.5
LogisticRegression,2027,4,0,0.7615738950589074,1,0.5
LogisticRegression,2028,4,0,0.22188226186740795,0,0.5
LogisticRegression,2029,3,0,0.051454968110125524,0,0.5
LogisticRegression,2030,3,0,0.17714126314488057,0,0.5
LogisticRegression,2031,5,0,0.7061290992669373,1,0.5
LogisticRegression,2032,4,1,0.11605885862024203,0,0.5
LogisticRegression,2033,4,1,0.11737472521382197,0,0.5
LogisticRegression,2034,4,1,0.18247333386432724,0,0.5
LogisticRegression,2035,2,0,0.2701797080798888,0,0.5
LogisticRegression,2036,2,0,0.34335796727155654,0,0.5
LogisticRegression,2037,4,0,0.416375927572337,0,0.5
LogisticRegression,2038,5,0,0.5766959415964843,1,0.5
LogisticRegression,2039,2,0,0.38285329549447217,0,0.5
LogisticRegression,2040,5,0,0.34790631191928134,0,0.5
LogisticRegression,2041,3,0,0.4350515151995256,0,0.5
LogisticRegression,2042,4,0,0.5546534210668691,1,0.5
LogisticRegression,2043,3,0,0.1714832104576344,0,0.5
LogisticRegression,2044,3,0,0.07646467368810966,0,0.5
LogisticRegression,2045,3,0,0.2798377180423506,0,0.5
LogisticRegression,2046,3,1,0.16420345055296287,0,0.5
LogisticRegression,2047,3,1,0.30348288809731677,0,0.5
LogisticRegression,2048,4,0,0.6118650834654838,1,0.5
LogisticRegression,2049,3,1,0.620007629050211,1,0.5
LogisticRegression,2050,2,0,0.23220767573728204,0,0.5
LogisticRegression,2051,4,0,0.600638774279263,1,0.5
LogisticRegression,2052,2,1,0.45840265976615946,0,0.5
LogisticRegression,2053,5,0,0.25495384985498554,0,0.5
LogisticRegression,2054,3,0,0.26114107130695463,0,0.5
LogisticRegression,2055,3,0,0.20974030710210406,0,0.5
LogisticRegression,2056,3,0,0.18734608591535867,0,0.5
LogisticRegression,2057,4,0,1.320655668913118e-07,0,0.5
LogisticRegression,2058,5,0,1.11268076189537e-06,0,0.5
LogisticRegression,2059,3,0,2.1393334914213997e-05,0,0.5
LogisticRegression,2060,2,0,0.00030871163352736575,0,0.5
LogisticRegression,2061,4,0,0.9806517259508257,1,0.5
LogisticRegression,2062,5,0,0.7338913384107624,1,0.5
LogisticRegression,2063,4,0,0.07942897874303208,0,0.5
LogisticRegression,2064,3,0,0.9629104567997366,1,0.5
LogisticRegression,2065,3,0,0.5780623150586737,1,0.5
LogisticRegression,2066,3,0,0.6729736370937802,1,0.5
LogisticRegression,2067,3,0,0.6093002026251384,1,0.5
LogisticRegression,2068,5,0,0.0004628778423424296,0,0.5
LogisticRegression,2069,2,0,7.751902410955065e-05,0,0.5
LogisticRegression,2070,5,0,0.0008531772030671888,0,0.5
LogisticRegression,2071,3,0,0.5078193154382517,1,0.5
LogisticRegression,2072,3,0,0.19351023776704948,0,0.5
LogisticRegression,2073,3,0,1.7931194353188053e-06,0,0.5
LogisticRegression,2074,2,0,8.597684334894676e-07,0,0.5
LogisticRegression,2075,3,0,5.940673238262175e-07,0,0.5
LogisticRegression,2076,3,0,4.847196580044879e-06,0,0.5
LogisticRegression,2077,5,0,0.0016320091914583147,0,0.5
LogisticRegression,2078,2,0,0.016126817358579883,0,0.5
LogisticRegression,2079,4,0,1.3875402163772913e-08,0,0.5
LogisticRegression,2080,4,0,1.0043488908308592e-08,0,0.5
LogisticRegression,2081,3,0,3.5923206356883884e-10,0,0.5
LogisticRegression,2082,4,0,0.0004049893061330272,0,0.5
LogisticRegression,2083,3,0,0.1958502747446296,0,0.5
LogisticRegression,2084,3,0,2.6302710517868672e-08,0,0.5
LogisticRegression,2085,3,0,0.03729434247864484,0,0.5
LogisticRegression,2086,5,0,0.0004566123630728646,0,0.5
LogisticRegression,2087,5,0,4.4780055375475824e-08,0,0.5
LogisticRegression,2088,4,0,0.1812110898083254,0,0.5
LogisticRegression,2089,3,0,0.26623079287005585,0,0.5
LogisticRegression,2090,4,0,0.22374353800815583,0,0.5
LogisticRegression,2091,5,0,1.3582727175298023e-07,0,0.5
LogisticRegression,2092,5,0,4.847192091753418e-08,0,0.5
LogisticRegression,2093,2,0,0.37762006026848655,0,0.5
LogisticRegression,2094,2,0,0.36862374041454204,0,0.5
LogisticRegression,2095,4,0,0.8476161800790543,1,0.5
LogisticRegression,2096,3,1,0.43089790071089634,0,0.5
LogisticRegression,2097,5,0,0.08932490934188105,0,0.5
LogisticRegression,2098,2,1,0.994435128381129,1,0.5
LogisticRegression,2099,5,0,0.05709681583816034,0,0.5
LogisticRegression,2100,5,1,0.5897378064684234,1,0.5
LogisticRegression,2101,5,1,0.6499688908283024,1,0.5
LogisticRegression,2102,4,0,0.2526694435513661,0,0.5
LogisticRegression,2103,4,0,0.10949325360776406,0,0.5
LogisticRegression,2104,2,1,0.8022244818943254,1,0.5
LogisticRegression,2105,4,0,0.42385526185857103,0,0.5
LogisticRegression,2106,2,0,0.4981547127884979,0,0.5
LogisticRegression,2107,3,0,0.4217849721967839,0,0.5
LogisticRegression,2108,3,1,0.190417987449595,0,0.5
LogisticRegression,2109,3,1,0.23717106425990422,0,0.5
LogisticRegression,2110,3,1,0.25086651993603354,0,0.5
LogisticRegression,2111,4,0,0.6287621735055966,1,0.5
LogisticRegression,2112,4,0,0.5521797939783804,1,0.5
LogisticRegression,2113,3,0,0.33640699050758105,0,0.5
LogisticRegression,2114,2,0,0.8409094331156935,1,0.5
LogisticRegression,2115,2,0,0.7986457096178561,1,0.5
LogisticRegression,2116,3,1,0.20214590585895031,0,0.5
LogisticRegression,2117,3,1,0.40351598307505393,0,0.5
LogisticRegression,2118,3,1,0.3699613852488892,0,0.5
LogisticRegression,2119,3,0,0.22823345917594795,0,0.5
LogisticRegression,2120,2,0,0.6936128993915144,1,0.5
LogisticRegression,2121,4,0,0.5814057942678426,1,0.5
LogisticRegression,2122,3,1,0.37752981005565117,0,0.5
LogisticRegression,2123,3,0,0.005958265896538567,0,0.5
LogisticRegression,2124,3,1,0.36323716199330497,0,0.5
LogisticRegression,2125,3,1,0.19409009750471862,0,0.5
LogisticRegression,2126,5,1,0.3735046344207405,0,0.5
LogisticRegression,2127,3,0,0.4972706968980171,0,0.5
LogisticRegression,2128,2,0,0.24242229693003534,0,0.5
LogisticRegression,2129,2,0,0.47956459824767017,0,0.5
LogisticRegression,2130,3,0,0.47878500588287154,0,0.5
LogisticRegression,2131,3,0,0.46267313789410347,0,0.5
LogisticRegression,2132,2,0,0.02047579223022347,0,0.5
LogisticRegression,2133,5,0,0.13726419662379233,0,0.5
LogisticRegression,2134,5,0,0.42076001931434104,0,0.5
LogisticRegression,2135,3,0,0.3082939122463663,0,0.5
LogisticRegression,2136,3,0,0.4742008068225124,0,0.5
LogisticRegression,2137,4,0,0.6810780444315536,1,0.5
LogisticRegression,2138,3,0,1.5017794610084102e-07,0,0.5
LogisticRegression,2139,5,0,7.340723168121955e-08,0,0.5
LogisticRegression,2140,4,0,1.8113616731781397e-11,0,0.5
LogisticRegression,2141,5,0,0.020271113224713897,0,0.5
LogisticRegression,2142,3,0,0.3490978719804639,0,0.5
LogisticRegression,2143,2,0,0.10911256989501378,0,0.5
LogisticRegression,2144,3,0,0.22855786556950927,0,0.5
LogisticRegression,2145,2,1,0.7706313315858881,1,0.5
LogisticRegression,2146,4,0,0.42188729277498754,0,0.5
LogisticRegression,2147,5,0,8.215591768636303e-05,0,0.5
LogisticRegression,2148,4,0,0.013617795471275363,0,0.5
LogisticRegression,2149,2,0,0.6127837617410564,1,0.5
LogisticRegression,2150,3,0,0.16962428462356785,0,0.5
LogisticRegression,2151,5,0,0.4287850260554621,0,0.5
LogisticRegression,2152,3,0,0.33357294915334695,0,0.5
LogisticRegression,2153,4,0,0.11726002935512994,0,0.5
LogisticRegression,2154,3,0,0.021363214950373764,0,0.5
LogisticRegression,2155,3,0,0.26976928115870297,0,0.5
LogisticRegression,2156,5,1,0.6633855323759598,1,0.5
LogisticRegression,2157,3,0,0.38076292504532194,0,0.5
LogisticRegression,2158,2,0,0.9862118486526606,1,0.5
LogisticRegression,2159,2,0,0.5413684009317359,1,0.5
LogisticRegression,2160,5,0,0.13090466206948653,0,0.5
LogisticRegression,2161,4,0,0.6498387071580846,1,0.5
LogisticRegression,2162,3,0,0.21679570651156255,0,0.5
LogisticRegression,2163,4,0,0.5853063365742694,1,0.5
LogisticRegression,2164,3,0,0.7907089583912299,1,0.5
LogisticRegression,2165,5,0,0.8777684348225125,1,0.5
LogisticRegression,2166,3,1,0.3254052457837029,0,0.5
LogisticRegression,2167,3,1,0.4709473641553015,0,0.5
SVM,0,3,0,0.6864036899589163,1,0.5
SVM,1,3,1,0.19027507924784684,0,0.5
SVM,2,5,0,0.11298139980084454,0,0.5
SVM,3,3,1,0.5623960714560435,1,0.5
SVM,4,2,0,0.4816285607335569,0,0.5
SVM,5,4,0,0.14916134127043593,0,0.5
SVM,6,3,0,0.2663134338596282,0,0.5
SVM,7,2,1,0.43666469752345094,0,0.5
SVM,8,3,1,0.49132682199313177,0,0.5
SVM,9,2,0,0.2642003016898269,0,0.5
SVM,10,3,0,0.3330974470040447,0,0.5
SVM,11,4,0,0.5263239870190749,1,0.5
SVM,12,3,0,0.14290902933862773,0,0.5
SVM,13,2,1,0.49217011775726,0,0.5
SVM,14,5,1,0.7609498153110589,1,0.5
SVM,15,2,0,0.05874166952669167,0,0.5
SVM,16,3,0,0.05585396176126758,0,0.5
SVM,17,4,0,0.025903246867736054,0,0.5
SVM,18,3,0,0.04207159586907181,0,0.5
SVM,19,4,0,0.06555421004069462,0,0.5
SVM,20,2,1,0.6747594797876181,1,0.5
SVM,21,5,0,0.1164519163672344,0,0.5
SVM,22,4,0,0.14156660517924208,0,0.5
SVM,23,3,0,0.0839214874242823,0,0.5
SVM,24,4,1,0.08534797650873455,0,0.5
SVM,25,4,0,0.06126255764248905,0,0.5
SVM,26,5,0,0.07398453589171236,0,0.5
SVM,27,4,0,0.07371153642410848,0,0.5
SVM,28,3,0,0.10366151467958418,0,0.5
SVM,29,5,0,0.01712985014412356,0,0.5
SVM,30,2,0,0.15309982054436497,0,0.5
SVM,31,3,0,0.07391172097582678,0,0.5
SVM,32,3,1,0.40117851837418145,0,0.5
SVM,33,2,1,0.4023462052082424,0,0.5
SVM,34,5,1,0.05999311509546785,0,0.5
SVM,35,3,1,0.3368015642558995,0,0.5
SVM,36,4,0,0.7441829973127149,1,0.5
SVM,37,5,0,0.05797956583653921,0,0.5
SVM,38,5,0,0.6851612014064106,1,0.5
SVM,39,2,0,0.14202792040469553,0,0.5
SVM,40,3,0,0.05152360039511029,0,0.5
SVM,41,4,0,0.04651652440417821,0,0.5
SVM,42,2,0,0.05985266652492043,0,0.5
SVM,43,5,0,0.034535571649520834,0,0.5
SVM,44,5,0,0.0537610123478282,0,0.5
SVM,45,2,0,0.06315068443636634,0,0.5
SVM,46,3,0,0.0680553173747536,0,0.5
SVM,47,3,0,0.07418795637424465,0,0.5
SVM,48,4,0,0.05663982425061796,0,0.5
SVM,49,5,0,0.023788068154977374,0,0.5
SVM,50,4,0,0.32191309473818347,0,0.5
SVM,51,5,0,0.18434821499997056,0,0.5
SVM,52,3,0,0.5846773025583416,1,0.5
SVM,53,2,0,0.15134830372437824,0,0.5
SVM,54,3,1,0.09461990453496613,0,0.5
SVM,55,4,0,0.16969756907351208,0,0.5
SVM,56,5,0,0.07246982874540206,0,0.5
SVM,57,5,0,0.1938035441147803,0,0.5
SVM,58,3,0,0.15577169556457296,0,0.5
SVM,59,2,0,0.12419170416250352,0,0.5
SVM,60,4,0,0.05173682074016368,0,0.5
SVM,61,4,0,0.15767648519628186,0,0.5
SVM,62,5,0,0.05309633057828621,0,0.5
SVM,63,3,0,0.09304274971359568,0,0.5
SVM,64,5,0,0.05153354950054792,0,0.5
SVM,65,3,0,0.13724023441084507,0,0.5
SVM,66,2,0,0.1854862411123236,0,0.5
SVM,67,4,0,0.0251455177148497,0,0.5
SVM,68,4,0,0.10693448178682849,0,0.5
SVM,69,5,0,0.032928252407993984,0,0.5
SVM,70,3,0,0.08701938882337731,0,0.5
SVM,71,2,0,0.07019773117711184,0,0.5
SVM,72,3,0,0.06636587411275079,0,0.5
SVM,73,4,0,0.03000279311042766,0,0.5
SVM,74,2,0,0.25122410071177576,0,0.5
SVM,75,2,0,0.07169856154411786,0,0.5
SVM,76,3,1,0.023776651389755245,0,0.5
SVM,77,3,0,0.22481103869277824,0,0.5
SVM,78,3,0,0.31546964801900906,0,0.5
SVM,79,5,0,0.22694169525382113,0,0.5
SVM,80,3,0,0.09001428009051003,0,0.5
SVM,81,3,0,0.22791411018737434,0,0.5
SVM,82,3,0,0.4344717528908817,0,0.5
SVM,83,2,0,0.06446425900058668,0,0.5
SVM,84,3,0,0.1713633973508675,0,0.5
SVM,85,5,0,0.09725361940342676,0,0.5
SVM,86,2,0,0.07347574118861556,0,0.5
SVM,87,4,1,0.564678179231584,1,0.5
SVM,88,4,0,0.08194666041484235,0,0.5
SVM,89,3,0,0.08032319396439723,0,0.5
SVM,90,3,0,0.055258261291873834,0,0.5
SVM,91,2,0,0.21005798116881805,0,0.5
SVM,92,4,1,0.6669574054690033,1,0.5
SVM,93,5,0,0.06492499668060679,0,0.5
SVM,94,2,0,0.2257038911011735,0,0.5
SVM,95,3,0,0.08786657250348102,0,0.5
SVM,96,2,0,0.13690037867604055,0,0.5
SVM,97,3,0,0.2180287364129632,0,0.5
SVM,98,5,0,0.03256663290232402,0,0.5
SVM,99,2,0,0.03390702786231857,0,0.5
SVM,100,4,0,0.20342313004996326,0,0.5
SVM,101,2,0,0.047394724300044745,0,0.5
SVM,102,3,0,0.06214568115194182,0,0.5
SVM,103,4,0,0.05686081379871056,0,0.5
SVM,104,5,0,0.01960202288276735,0,0.5
SVM,105,3,0,0.1265344782895413,0,0.5
SVM,106,3,0,0.20624866881417311,0,0.5
SVM,107,5,0,0.050660937750583196,0,0.5
SVM,108,3,0,0.08143719653950077,0,0.5
SVM,109,4,0,0.022463904998127674,0,0.5
SVM,110,5,0,0.014069895510202575,0,0.5
SVM,111,2,0,0.016026713472194986,0,0.5
SVM,112,3,0,0.013329160510779854,0,0.5
SVM,113,4,0,0.0159665244327671,0,0.5
SVM,114,5,0,0.047622096544289096,0,0.5
SVM,115,5,0,0.049379669530496356,0,0.5
SVM,116,2,0,0.02077033161668301,0,0.5
SVM,117,3,0,0.04000509447116466,0,0.5
SVM,118,4,1,0.22945568566305946,0,0.5
SVM,119,5,1,0.036527935699658946,0,0.5
SVM,120,3,1,0.27999571606898765,0,0.5
SVM,121,3,0,0.22104346420481072,0,0.5
SVM,122,4,0,0.06951379229469012,0,0.5
SVM,123,2,0,0.3429811207607774,0,0.5
SVM,124,2,0,0.1369488233091133,0,0.5
SVM,125,4,0,0.5750510965978193,1,0.5
SVM,126,3,0,0.1409654157286028,0,0.5
SVM,127,2,0,0.05894847443352291,0,0.5
SVM,128,4,1,0.29336197050062923,0,0.5
SVM,129,5,1,0.060206637757515565,0,0.5
SVM,130,3,0,0.1743279030592392,0,0.5
SVM,131,3,0,0.2943525786676521,0,0.5
SVM,132,5,0,0.021445423760466643,0,0.5
SVM,133,3,0,0.11701957506972144,0,0.5
SVM,134,3,0,0.1578264545328549,0,0.5
SVM,135,3,0,0.15398118262839053,0,0.5
SVM,136,3,0,0.3769980034510474,0,0.5
SVM,137,3,0,0.10040805891267934,0,0.5
SVM,138,3,0,0.21646196770836112,0,0.5
SVM,139,2,0,0.17728619490566075,0,0.5
SVM,140,4,0,0.28210287608855383,0,0.5
SVM,141,4,0,0.4257615734262114,0,0.5
SVM,142,5,0,0.1870075403133289,0,0.5
SVM,143,3,0,0.1659975981621794,0,0.5
SVM,144,2,0,0.07634932670271254,0,0.5
SVM,145,4,0,0.08083091026584412,0,0.5
SVM,146,5,0,0.06166205645690253,0,0.5
SVM,147,3,0,0.029228355565586162,0,0.5
SVM,148,2,0,0.06053851291195362,0,0.5
SVM,149,3,0,0.08545749367111959,0,0.5
SVM,150,4,0,0.06878305359751437,0,0.5
SVM,151,5,0,0.033327790722751376,0,0.5
SVM,152,2,0,0.02770901946724217,0,0.5
SVM,153,5,0,0.015318387057908426,0,0.5
SVM,154,3,0,0.018776281137581757,0,0.5
SVM,155,5,0,0.01194096232418579,0,0.5
SVM,156,2,0,0.02091100980139369,0,0.5
SVM,157,3,0,0.02140710242610884,0,0.5
SVM,158,5,0,0.011339335102886948,0,0.5
SVM,159,5,1,0.24361108958725344,0,0.5
SVM,160,2,0,0.04238461312758613,0,0.5
SVM,161,3,1,0.1476425035922499,0,0.5
SVM,162,3,0,0.08751002426173167,0,0.5
SVM,163,3,0,0.09797499755611297,0,0.5
SVM,164,3,0,0.10477125284790609,0,0.5
SVM,165,3,0,0.0764835132222004,0,0.5
SVM,166,5,0,0.14219917032196921,0,0.5
SVM,167,5,0,0.05995713208390204,0,0.5
SVM,168,2,0,0.08629846158945631,0,0.5
SVM,169,2,0,0.03554358803866645,0,0.5
SVM,170,4,0,0.08055521124126921,0,0.5
SVM,171,4,0,0.13553254606142812,0,0.5
SVM,172,4,0,0.45639114913305584,0,0.5
SVM,173,4,0,0.30309714450233105,0,0.5
SVM,174,5,0,0.04720171163636162,0,0.5
SVM,175,2,0,0.043499725705342294,0,0.5
SVM,176,3,0,0.02371316427278329,0,0.5
SVM,177,3,0,0.5715899305586462,1,0.5
SVM,178,4,0,0.03514635391771906,0,0.5
SVM,179,5,0,0.22705471988242817,0,0.5
SVM,180,4,0,0.07125926060822449,0,0.5
SVM,181,4,0,0.14492740194116338,0,0.5
SVM,182,2,0,0.04762821835961813,0,0.5
SVM,183,4,0,0.048206973192134406,0,0.5
SVM,184,5,0,0.05246212459726259,0,0.5
SVM,185,2,1,0.13315279046490153,0,0.5
SVM,186,4,0,0.059255511518215925,0,0.5
SVM,187,3,0,0.07043091451273717,0,0.5
SVM,188,3,0,0.06007453735228809,0,0.5
SVM,189,2,0,0.15680543557591628,0,0.5
SVM,190,3,0,0.13847033864167196,0,0.5
SVM,191,2,1,0.29296536611756574,0,0.5
SVM,192,3,0,0.08783416665693516,0,0.5
SVM,193,5,0,0.06414731249475118,0,0.5
SVM,194,2,0,0.05271283051514451,0,0.5
SVM,195,5,1,0.13784418663152861,0,0.5
SVM,196,2,0,0.23519892125710506,0,0.5
SVM,197,4,0,0.09317092597645793,0,0.5
SVM,198,3,0,0.05925245880608517,0,0.5
SVM,199,3,0,0.11191568571358099,0,0.5
SVM,200,4,1,0.2704272072988015,0,0.5
SVM,201,2,0,0.1162940198735805,0,0.5
SVM,202,2,1,0.25687513762731823,0,0.5
SVM,203,2,0,0.07071309734853154,0,0.5
SVM,204,2,0,0.0932267047865699,0,0.5
SVM,205,3,0,0.05922635091929213,0,0.5
SVM,206,4,0,0.1928516130948629,0,0.5
SVM,207,3,0,0.20129686844432745,0,0.5
SVM,208,4,0,0.16934740223810746,0,0.5
SVM,209,2,1,0.3284481236931992,0,0.5
SVM,210,3,0,0.32122594104737734,0,0.5
SVM,211,4,1,0.5256782514699465,1,0.5
SVM,212,3,1,0.3228264915890629,0,0.5
SVM,213,4,0,0.15772632006262718,0,0.5
SVM,214,5,0,0.19711823067369208,0,0.5
SVM,215,2,1,0.33683615120078075,0,0.5
SVM,216,4,0,0.10753445972566802,0,0.5
SVM,217,2,0,0.2643793047853366,0,0.5
SVM,218,3,1,0.808997888090724,1,0.5
SVM,219,4,1,0.07914452736462337,0,0.5
SVM,220,2,1,0.2775863890062027,0,0.5
SVM,221,2,1,0.3718648292290493,0,0.5
SVM,222,3,0,0.5370690183269274,1,0.5
SVM,223,2,0,0.36874246186620957,0,0.5
SVM,224,3,1,0.41038356183954394,0,0.5
SVM,225,2,0,0.3480430250485151,0,0.5
SVM,226,3,1,0.3043795029949994,0,0.5
SVM,227,3,0,0.1436211532756634,0,0.5
SVM,228,2,1,0.03465020844448717,0,0.5
SVM,229,3,0,0.09399288142626856,0,0.5
SVM,230,2,0,0.19930724453603793,0,0.5
SVM,231,3,0,0.06116228179668394,0,0.5
SVM,232,4,0,0.06774524800608162,0,0.5
SVM,233,5,1,0.4215565818468053,0,0.5
SVM,234,3,0,0.1764043422516315,0,0.5
SVM,235,3,0,0.0867460613171427,0,0.5
SVM,236,2,0,0.04644189799142849,0,0.5
SVM,237,4,0,0.061581919247881194,0,0.5
SVM,238,3,1,0.11230141815490818,0,0.5
SVM,239,4,0,0.018251874283646285,0,0.5
SVM,240,2,0,0.06764547681927637,0,0.5
SVM,241,4,0,0.022777194067682652,0,0.5
SVM,242,3,0,0.18293483610615355,0,0.5
SVM,243,3,0,0.06753695173697152,0,0.5
SVM,244,2,0,0.20494757587429024,0,0.5
SVM,245,3,0,0.11016742123402194,0,0.5
SVM,246,3,0,0.22700270135731584,0,0.5
SVM,247,3,0,0.06294619011581262,0,0.5
SVM,248,2,1,0.12964130580135994,0,0.5
SVM,249,5,0,0.10731875707140189,0,0.5
SVM,250,3,0,0.04667498371091149,0,0.5
SVM,251,3,0,0.046394391150191616,0,0.5
SVM,252,3,0,0.1789872263730516,0,0.5
SVM,253,4,0,0.14368913242484802,0,0.5
SVM,254,3,0,0.09703954713547616,0,0.5
SVM,255,5,0,0.00740636971364504,0,0.5
SVM,256,2,0,0.22311192698137858,0,0.5
SVM,257,5,0,0.24724606714827832,0,0.5
SVM,258,5,0,0.06616987659223243,0,0.5
SVM,259,2,0,0.01457412348751049,0,0.5
SVM,260,4,0,0.09527780942142346,0,0.5
SVM,261,3,0,0.03214990932796615,0,0.5
SVM,262,2,0,0.04489997207737807,0,0.5
SVM,263,3,0,0.01485124128642534,0,0.5
SVM,264,3,0,0.08447087258907415,0,0.5
SVM,265,5,0,0.01905438037192421,0,0.5
SVM,266,3,0,0.28580383478078275,0,0.5
SVM,267,3,0,0.030513839477615597,0,0.5
SVM,268,3,0,0.30234036792718477,0,0.5
SVM,269,3,1,0.25216438068423286,0,0.5
SVM,270,3,0,0.06213681661297426,0,0.5
SVM,271,3,0,0.3852572496679725,0,0.5
SVM,272,5,1,0.10882883046806323,0,0.5
SVM,273,4,0,0.18830018528950146,0,0.5
SVM,274,5,0,0.047284672544876984,0,0.5
SVM,275,2,0,0.05937376077506524,0,0.5
SVM,276,3,0,0.037697366538611506,0,0.5
SVM,277,3,0,0.04589449870183985,0,0.5
SVM,278,3,0,0.1617213662433675,0,0.5
SVM,279,3,1,0.03478421259745625,0,0.5
SVM,280,2,0,0.05931428713060873,0,0.5
SVM,281,3,0,0.038465795397283425,0,0.5
SVM,282,3,0,0.05481310787107145,0,0.5
SVM,283,2,0,0.05277999005029405,0,0.5
SVM,284,4,0,0.14947618950682268,0,0.5
SVM,285,2,0,0.07419070660280122,0,0.5
SVM,286,5,1,0.07474115556585931,0,0.5
SVM,287,3,0,0.11093997263142566,0,0.5
SVM,288,4,0,0.06851111577027491,0,0.5
SVM,289,5,0,0.10384454452784116,0,0.5
SVM,290,3,0,0.05197488788215546,0,0.5
SVM,291,2,1,0.5113430131780421,1,0.5
SVM,292,3,0,0.44553087950719006,0,0.5
SVM,293,4,0,0.06911399372809843,0,0.5
SVM,294,5,0,0.41833910612178543,0,0.5
SVM,295,2,0,0.5,1,0.5
SVM,296,5,0,0.05410252445165179,0,0.5
SVM,297,3,0,0.37291364210568784,0,0.5
SVM,298,2,0,0.13006153875298315,0,0.5
SVM,299,3,0,0.051571741912546196,0,0.5
SVM,300,4,1,0.5108110653566154,1,0.5
SVM,301,5,0,0.28704087014330254,0,0.5
SVM,302,5,0,0.04894790084995377,0,0.5
SVM,303,2,0,0.03178362732089134,0,0.5
SVM,304,5,0,0.07012833459893987,0,0.5
SVM,305,3,0,0.05778526126185627,0,0.5
SVM,306,3,0,0.03452949413662105,0,0.5
SVM,307,3,1,0.02356491354642442,0,0.5
SVM,308,3,0,0.01857691296640982,0,0.5
SVM,309,3,0,0.03262300989248064,0,0.5
SVM,310,3,0,0.01419069811328129,0,0.5
SVM,311,4,0,0.03034759899826394,0,0.5
SVM,312,5,0,0.05061960318092642,0,0.5
SVM,313,5,0,0.06018557913407911,0,0.5
SVM,314,5,0,0.10768666627540521,0,0.5
SVM,315,3,0,0.1142094182014276,0,0.5
SVM,316,3,0,0.05661098740789251,0,0.5
SVM,317,5,0,0.02715729744491221,0,0.5
SVM,318,3,1,0.0329313412887432,0,0.5
SVM,319,5,0,0.16852617155483515,0,0.5
SVM,320,3,0,0.06194315050891737,0,0.5
SVM,321,3,1,0.026860319347658642,0,0.5
SVM,322,3,1,0.06649370353319102,0,0.5
SVM,323,4,0,0.05126577264029085,0,0.5
SVM,324,4,0,0.023628824672324147,0,0.5
SVM,325,4,0,0.025118934210233593,0,0.5
SVM,326,5,0,0.029934537999051426,0,0.5
SVM,327,3,0,0.024299296259791513,0,0.5
SVM,328,2,0,0.05778461270128792,0,0.5
SVM,329,2,0,0.027243102328381424,0,0.5
SVM,330,3,1,0.13543318824292735,0,0.5
SVM,331,4,0,0.24385060655681357,0,0.5
SVM,332,3,0,0.1163534262598887,0,0.5
SVM,333,2,0,0.02929850595112341,0,0.5
SVM,334,3,0,0.15302260198429954,0,0.5
SVM,335,2,0,0.1263979980063009,0,0.5
SVM,336,5,0,0.059890331294654,0,0.5
SVM,337,2,0,0.3438878505743462,0,0.5
SVM,338,3,1,0.27508481896704723,0,0.5
SVM,339,3,0,0.10558626405483486,0,0.5
SVM,340,4,0,0.1565584684589209,0,0.5
SVM,341,5,0,0.07324302688060752,0,0.5
SVM,342,3,0,0.024302040786292656,0,0.5
SVM,343,3,0,0.06641424799516896,0,0.5
SVM,344,2,0,0.3961835799179427,0,0.5
SVM,345,5,1,0.06036911419428737,0,0.5
SVM,346,5,0,0.027761986673522882,0,0.5
SVM,347,5,0,0.15892696736894207,0,0.5
SVM,348,4,0,0.026610796361081695,0,0.5
SVM,349,3,0,0.06708524643453315,0,0.5
SVM,350,2,0,0.030513166500551026,0,0.5
SVM,351,3,0,0.12107311538116453,0,0.5
SVM,352,5,0,0.11471424179893211,0,0.5
SVM,353,3,0,0.15818482148899626,0,0.5
SVM,354,3,0,0.08121763646536943,0,0.5
SVM,355,3,0,0.032321182917907,0,0.5
SVM,356,3,0,0.016900120450978908,0,0.5
SVM,357,4,0,0.3715199107429757,0,0.5
SVM,358,3,0,0.08912865346453495,0,0.5
SVM,359,5,0,0.05557170058422788,0,0.5
SVM,360,3,0,0.05156580790806807,0,0.5
SVM,361,3,0,0.015028033934610727,0,0.5
SVM,362,3,0,0.059290911231525245,0,0.5
SVM,363,3,0,0.04531966522303031,0,0.5
SVM,364,3,1,0.16943712778582093,0,0.5
SVM,365,4,0,0.04671889542202891,0,0.5
SVM,366,3,1,0.20908740146320348,0,0.5
SVM,367,3,0,0.051296949512133636,0,0.5
SVM,368,2,0,0.2689406613705505,0,0.5
SVM,369,2,0,0.354912534171028,0,0.5
SVM,370,3,0,0.017316953267332364,0,0.5
SVM,371,5,0,0.24481952811107408,0,0.5
SVM,372,3,0,0.03425908276041364,0,0.5
SVM,373,2,0,0.044533797481597595,0,0.5
SVM,374,3,1,0.33870304571205423,0,0.5
SVM,375,4,0,0.043017061291647,0,0.5
SVM,376,4,0,0.38744867546961054,0,0.5
SVM,377,2,0,0.16925248046156574,0,0.5
SVM,378,3,1,0.14764865771273045,0,0.5
SVM,379,4,0,0.03876711316333861,0,0.5
SVM,380,3,0,0.05647951959790589,0,0.5
SVM,381,5,1,0.25692188416485595,0,0.5
SVM,382,5,0,0.07165401209920548,0,0.5
SVM,383,2,0,0.02343621612262861,0,0.5
SVM,384,3,0,0.07381914081890434,0,0.5
SVM,385,3,0,0.05948172995098932,0,0.5
SVM,386,4,0,0.00969923933252042,0,0.5
SVM,387,3,0,0.05372664121033614,0,0.5
SVM,388,3,0,0.14395919857166478,0,0.5
SVM,389,3,0,0.09834682539473139,0,0.5
SVM,390,4,0,0.05117184142392982,0,0.5
SVM,391,2,0,0.09650757598901166,0,0.5
SVM,392,3,0,0.2581372457693514,0,0.5
SVM,393,3,0,0.047318045157890135,0,0.5
SVM,394,3,1,0.32999212793813737,0,0.5
SVM,395,3,0,0.06367559944183755,0,0.5
SVM,396,3,0,0.09566847077363347,0,0.5
SVM,397,3,0,0.014351032012302907,0,0.5
SVM,398,3,0,0.16105751678675168,0,0.5
SVM,399,3,0,0.0753308472925788,0,0.5
SVM,400,3,0,0.12673392838512307,0,0.5
SVM,401,4,0,0.14291636261221058,0,0.5
SVM,402,5,0,0.015509501120518316,0,0.5
SVM,403,2,0,0.07970155669474309,0,0.5
SVM,404,4,0,0.07804725159485357,0,0.5
SVM,405,4,0,0.23287378247705873,0,0.5
SVM,406,3,0,0.13318236291791655,0,0.5
SVM,407,3,0,0.05506387501676429,0,0.5
SVM,408,3,0,0.1569295082105101,0,0.5
SVM,409,5,0,0.04688551078494229,0,0.5
SVM,410,3,0,0.05862352615115159,0,0.5
SVM,411,5,1,0.02970122274968422,0,0.5
SVM,412,2,0,0.1277693027454849,0,0.5
SVM,413,4,0,0.0793761083890619,0,0.5
SVM,414,3,0,0.014661677838631332,0,0.5
SVM,415,5,0,0.04217883974205199,0,0.5
SVM,416,4,0,0.01639067678059333,0,0.5
SVM,417,3,0,0.009573200122807386,0,0.5
SVM,418,4,0,0.016480816154777884,0,0.5
SVM,419,5,0,0.058625059735841235,0,0.5
SVM,420,4,0,0.05128747297094058,0,0.5
SVM,421,2,0,0.014394224734492596,0,0.5
SVM,422,3,0,0.02623012545842465,0,0.5
SVM,423,3,0,0.0428703033027601,0,0.5
SVM,424,3,0,0.044971265769889246,0,0.5
SVM,425,5,0,0.035919265376624064,0,0.5
SVM,426,4,0,0.027990237803884214,0,0.5
SVM,427,5,0,0.108298166980274,0,0.5
SVM,428,3,0,0.04056490963236527,0,0.5
SVM,429,2,0,0.00867491994429881,0,0.5
SVM,430,3,0,0.020694906360322167,0,0.5
SVM,431,4,0,0.1052120508781463,0,0.5
SVM,432,2,0,0.10917671271087735,0,0.5
SVM,433,3,0,0.03854711535121727,0,0.5
SVM,434,4,0,0.061785507909746476,0,0.5
SVM,435,5,0,0.15279119029196442,0,0.5
SVM,436,3,0,0.03243429737903857,0,0.5
SVM,437,3,0,0.03992438864512169,0,0.5
SVM,438,2,0,0.19800889345703812,0,0.5
SVM,439,3,0,0.07920380115155692,0,0.5
SVM,440,4,0,0.10733973159168174,0,0.5
SVM,441,2,0,0.03804812259633101,0,0.5
SVM,442,5,0,0.5819155510366559,1,0.5
SVM,443,5,0,0.11143943339824322,0,0.5
SVM,444,3,1,0.44875540761467236,0,0.5
SVM,445,2,0,0.16789887886252514,0,0.5
SVM,446,2,0,0.06929662223623695,0,0.5
SVM,447,3,0,0.29799759190866465,0,0.5
SVM,448,4,0,0.36792828586901166,0,0.5
SVM,449,2,0,0.05156953397065491,0,0.5
SVM,450,5,0,0.12813278512093834,0,0.5
SVM,451,3,0,0.03728474354116785,0,0.5
SVM,452,4,1,0.18278218216392733,0,0.5
SVM,453,2,0,0.46669075041659136,0,0.5
SVM,454,4,0,0.1364534517528058,0,0.5
SVM,455,5,0,0.04935243294131391,0,0.5
SVM,456,3,0,0.47625018288547627,0,0.5
SVM,457,2,0,0.1781529271905975,0,0.5
SVM,458,4,0,0.26566246818967315,0,0.5
SVM,459,3,0,0.019629114175410137,0,0.5
SVM,460,2,0,0.01800151288994787,0,0.5
SVM,461,3,0,0.0770014113433157,0,0.5
SVM,462,3,0,0.09740935069141235,0,0.5
SVM,463,4,0,0.07974999179459825,0,0.5
SVM,464,4,0,0.0339324299754637,0,0.5
SVM,465,3,0,0.42847971633425147,0,0.5
SVM,466,3,0,0.5987560903759402,1,0.5
SVM,467,5,1,0.18419061596353228,0,0.5
SVM,468,3,0,0.09149497566029931,0,0.5
SVM,469,3,0,0.04540484648479205,0,0.5
SVM,470,3,0,0.05214782153843371,0,0.5
SVM,471,2,0,0.026003571413725887,0,0.5
SVM,472,3,0,0.011788339875162639,0,0.5
SVM,473,5,0,0.057783028328350805,0,0.5
SVM,474,4,0,0.08445023118202197,0,0.5
SVM,475,5,0,0.028264757079098358,0,0.5
SVM,476,2,0,0.03570952673430674,0,0.5
SVM,477,3,0,0.05233889905665482,0,0.5
SVM,478,3,0,0.05972513199727348,0,0.5
SVM,479,4,0,0.20264935444705773,0,0.5
SVM,480,5,0,0.029589014147215417,0,0.5
SVM,481,3,0,0.019610261811263022,0,0.5
SVM,482,4,1,0.5301657463483452,1,0.5
SVM,483,5,0,0.6390900141138092,1,0.5
SVM,484,2,0,0.7735907381421014,1,0.5
SVM,485,3,0,0.0713158257387011,0,0.5
SVM,486,3,0,0.5355158734580874,1,0.5
SVM,487,4,1,0.6141647910871242,1,0.5
SVM,488,2,1,0.5394104106616028,1,0.5
SVM,489,4,0,0.03482569679560916,0,0.5
SVM,490,3,0,0.42294794746062964,0,0.5
SVM,491,4,0,0.10739843087431733,0,0.5
SVM,492,5,0,0.12049594303402353,0,0.5
SVM,493,3,0,0.06479181423826423,0,0.5
SVM,494,2,0,0.05918693166315848,0,0.5
SVM,495,5,0,0.023032966655947992,0,0.5
SVM,496,3,0,0.031995823001118966,0,0.5
SVM,497,2,0,0.039059985764020054,0,0.5
SVM,498,5,0,0.06037334525388019,0,0.5
SVM,499,5,0,0.4707716582089365,0,0.5
SVM,500,5,1,0.08478057434893409,0,0.5
SVM,501,3,1,0.32358491556064745,0,0.5
SVM,502,2,1,0.509232308345289,1,0.5
SVM,503,3,0,0.026604027161379926,0,0.5
SVM,504,4,0,0.025816514041746133,0,0.5
SVM,505,5,0,0.41264801431141523,0,0.5
SVM,506,2,0,0.15701728617518254,0,0.5
SVM,507,3,0,0.18815618893091934,0,0.5
SVM,508,3,1,0.11861575276084549,0,0.5
SVM,509,3,0,0.18274911078426476,0,0.5
SVM,510,4,0,0.019254766207788435,0,0.5
SVM,511,5,1,0.6687047928772315,1,0.5
SVM,512,2,1,0.3573172977972427,0,0.5
SVM,513,3,0,0.05622862786688754,0,0.5
SVM,514,3,0,0.021689318724959213,0,0.5
SVM,515,5,0,0.3385754312351341,0,0.5
SVM,516,4,0,0.08185404651013464,0,0.5
SVM,517,3,0,0.13059324386562293,0,0.5
SVM,518,2,0,0.22549149561320914,0,0.5
SVM,519,5,0,0.05972428103749355,0,0.5
SVM,520,5,0,0.11750371976776601,0,0.5
SVM,521,4,0,0.06781272117025089,0,0.5
SVM,522,5,0,0.0445729191030683,0,0.5
SVM,523,3,1,0.5,1,0.5
SVM,524,3,0,0.061278872541853206,0,0.5
SVM,525,2,0,0.22549998399173993,0,0.5
SVM,526,3,0,0.0673811336365912,0,0.5
SVM,527,3,0,0.04115584560252791,0,0.5
SVM,528,4,0,0.18857966618866764,0,0.5
SVM,529,5,0,0.16132355211326646,0,0.5
SVM,530,3,0,0.3151168627887251,0,0.5
SVM,531,2,1,0.1426908016707793,0,0.5
SVM,532,3,1,0.5479885112408995,1,0.5
SVM,533,4,0,0.03513746822402893,0,0.5
SVM,534,5,0,0.09764409766693478,0,0.5
SVM,535,5,0,0.044403500073904506,0,0.5
SVM,536,3,0,0.14411786807744442,0,0.5
SVM,537,2,1,0.2341350795387923,0,0.5
SVM,538,2,0,0.03339598583669505,0,0.5
SVM,539,4,0,0.015698229971938184,0,0.5
SVM,540,4,0,0.04634615245005469,0,0.5
SVM,541,5,0,0.03415012809467293,0,0.5
SVM,542,2,0,0.06517311298101987,0,0.5
SVM,543,2,0,0.03869947898200126,0,0.5
SVM,544,5,0,0.061511474975161164,0,0.5
SVM,545,2,0,0.02568360671553418,0,0.5
SVM,546,4,0,0.03352432437190826,0,0.5
SVM,547,4,0,0.09987957747280578,0,0.5
SVM,548,2,0,0.03017212599153454,0,0.5
SVM,549,2,0,0.35402216648185564,0,0.5
SVM,550,2,0,0.015831431850848565,0,0.5
SVM,551,3,0,0.1269284403739838,0,0.5
SVM,552,3,0,0.01775852957013172,0,0.5
SVM,553,2,0,0.15163765335384033,0,0.5
SVM,554,3,0,0.17110478573724724,0,0.5
SVM,555,4,0,0.054473647125250865,0,0.5
SVM,556,5,1,0.028928861715836057,0,0.5
SVM,557,3,0,0.03167389905253586,0,0.5
SVM,558,2,1,0.09819086301501419,0,0.5
SVM,559,2,0,0.023588492956206034,0,0.5
SVM,560,5,0,0.069326875547006,0,0.5
SVM,561,3,0,0.12172577287541177,0,0.5
SVM,562,3,1,0.09868851903313593,0,0.5
SVM,563,2,0,0.2992294331367186,0,0.5
SVM,564,3,0,0.12336221007376354,0,0.5
SVM,565,4,0,0.029237438260654752,0,0.5
SVM,566,2,0,0.08140833311254733,0,0.5
SVM,567,4,0,0.10405511011114803,0,0.5
SVM,568,5,0,0.039011344006533624,0,0.5
SVM,569,5,0,0.02569618183428459,0,0.5
SVM,570,4,0,0.032760986133888545,0,0.5
SVM,571,5,0,0.03280674502362321,0,0.5
SVM,572,5,0,0.05859920855185124,0,0.5
SVM,573,2,0,0.05558651808731718,0,0.5
SVM,574,2,0,0.05234452662698413,0,0.5
SVM,575,2,0,0.060628649927878864,0,0.5
SVM,576,3,0,0.037475677339720556,0,0.5
SVM,577,5,0,0.026364254715519904,0,0.5
SVM,578,2,0,0.0787480716021437,0,0.5
SVM,579,5,0,0.023238105240104178,0,0.5
SVM,580,2,0,0.040029134210596395,0,0.5
SVM,581,5,0,0.025692481556723473,0,0.5
SVM,582,3,0,0.09722445200280165,0,0.5
SVM,583,5,0,0.05845800303051325,0,0.5
SVM,584,2,0,0.044448485749559584,0,0.5
SVM,585,4,0,0.024652484391634234,0,0.5
SVM,586,4,0,0.06341188267875103,0,0.5
SVM,587,2,0,0.11494877194453097,0,0.5
SVM,588,3,0,0.04927836216023108,0,0.5
SVM,589,3,0,0.12947152954636926,0,0.5
SVM,590,5,1,0.0718341677223312,0,0.5
SVM,591,3,0,0.026253509950751132,0,0.5
SVM,592,3,1,0.031140896517505158,0,0.5
SVM,593,2,0,0.04087310689147368,0,0.5
SVM,594,3,0,0.04876939809302935,0,0.5
SVM,595,3,0,0.047262168680899,0,0.5
SVM,596,3,1,0.03534813850705783,0,0.5
SVM,597,5,0,0.10840316739525765,0,0.5
SVM,598,2,0,0.052687109070366785,0,0.5
SVM,599,2,0,0.06130104532228525,0,0.5
SVM,600,3,0,0.02654594691234236,0,0.5
SVM,601,5,0,0.060804052104378996,0,0.5
SVM,602,3,0,0.061286095957443415,0,0.5
SVM,603,4,0,0.030215708953628684,0,0.5
SVM,604,3,0,0.04913284340248593,0,0.5
SVM,605,3,0,0.11956231855105263,0,0.5
SVM,606,2,0,0.06616993723838539,0,0.5
SVM,607,3,0,0.20299959456701108,0,0.5
SVM,608,3,0,0.13552973304895258,0,0.5
SVM,609,5,0,0.10535727143725482,0,0.5
SVM,610,4,0,0.020704323241065956,0,0.5
SVM,611,3,0,0.11915970692333713,0,0.5
SVM,612,2,0,0.07821753979313288,0,0.5
SVM,613,2,0,0.08896056518622775,0,0.5
SVM,614,3,0,0.10363315322742063,0,0.5
SVM,615,2,0,0.030090635392870935,0,0.5
SVM,616,3,1,0.40877478292958125,0,0.5
SVM,617,3,1,0.282142543973376,0,0.5
SVM,618,3,0,0.2527519939407608,0,0.5
SVM,619,3,0,0.11707499709637653,0,0.5
SVM,620,3,0,0.09285369965124297,0,0.5
SVM,621,3,0,0.09140015217030541,0,0.5
SVM,622,3,1,0.38443481925501677,0,0.5
SVM,623,5,0,0.036854873460750524,0,0.5
SVM,624,5,0,0.02659903616256963,0,0.5
SVM,625,3,0,0.012518105151254195,0,0.5
SVM,626,5,0,0.02078643050833609,0,0.5
SVM,627,2,0,0.038895951993182964,0,0.5
SVM,628,3,0,0.014402470387544691,0,0.5
SVM,629,3,0,0.12954033727303849,0,0.5
SVM,630,2,0,0.035290813028696195,0,0.5
SVM,631,2,0,0.022955016321728677,0,0.5
SVM,632,3,0,0.052864990301596027,0,0.5
SVM,633,3,0,0.14043848597153932,0,0.5
SVM,634,3,0,0.06747713275241843,0,0.5
SVM,635,3,0,0.06809027283842746,0,0.5
SVM,636,2,0,0.0583235340920402,0,0.5
SVM,637,3,0,0.03556490261000279,0,0.5
SVM,638,5,0,0.038053284333752005,0,0.5
SVM,639,3,1,0.054917917034404205,0,0.5
SVM,640,3,0,0.29546302020132514,0,0.5
SVM,641,5,0,0.04754445638463827,0,0.5
SVM,642,5,0,0.045807492956697504,0,0.5
SVM,643,3,0,0.28656074415881405,0,0.5
SVM,644,3,0,0.046909718258775886,0,0.5
SVM,645,3,1,0.37976337121252235,0,0.5
SVM,646,4,0,0.02835317273851132,0,0.5
SVM,647,4,0,0.029583195955158258,0,0.5
SVM,648,3,0,0.09960627865370067,0,0.5
SVM,649,5,0,0.256545087082039,0,0.5
SVM,650,4,1,0.053647022793246804,0,0.5
SVM,651,2,0,0.06148892609007646,0,0.5
SVM,652,3,0,0.02116224840063278,0,0.5
SVM,653,3,0,0.08469684398905836,0,0.5
SVM,654,3,0,0.027346456463287892,0,0.5
SVM,655,3,0,0.023539693024270947,0,0.5
SVM,656,3,0,0.013035675554251462,0,0.5
SVM,657,2,0,0.01994520001287777,0,0.5
SVM,658,3,0,0.027694816659336683,0,0.5
SVM,659,3,0,0.03739509881259773,0,0.5
SVM,660,3,1,0.14871243876767845,0,0.5
SVM,661,3,1,0.17691147861789464,0,0.5
SVM,662,3,0,0.19605122047440884,0,0.5
SVM,663,3,0,0.12949084718275816,0,0.5
SVM,664,4,0,0.025889537951010802,0,0.5
SVM,665,5,0,0.01919376991446798,0,0.5
SVM,666,3,0,0.07705037826150443,0,0.5
SVM,667,3,0,0.07424734423781142,0,0.5
SVM,668,2,0,0.08936917561883598,0,0.5
SVM,669,3,0,0.19025964675446988,0,0.5
SVM,670,4,0,0.05049815708109006,0,0.5
SVM,671,3,0,0.05666871843710919,0,0.5
SVM,672,4,0,0.04681821375911972,0,0.5
SVM,673,2,0,0.0602537456900449,0,0.5
SVM,674,2,1,0.02969504463205771,0,0.5
SVM,675,5,0,0.03944812918179679,0,0.5
SVM,676,3,1,0.17208064531353048,0,0.5
SVM,677,3,1,0.14619158930977716,0,0.5
SVM,678,5,0,0.19532177160563197,0,0.5
SVM,679,3,0,0.2750742732645049,0,0.5
SVM,680,3,0,0.3181761797526875,0,0.5
SVM,681,4,0,0.030994227770366346,0,0.5
SVM,682,4,0,0.026706889267488276,0,0.5
SVM,683,5,0,0.04857574537457753,0,0.5
SVM,684,5,0,0.020206489065191912,0,0.5
SVM,685,2,0,0.039853753790675045,0,0.5
SVM,686,4,0,0.02884098533538601,0,0.5
SVM,687,4,0,0.061952691393450846,0,0.5
SVM,688,3,1,0.18597412046528386,0,0.5
SVM,689,5,0,0.2916363509986293,0,0.5
SVM,690,5,0,0.01397866625313101,0,0.5
SVM,691,2,0,0.02086714658339496,0,0.5
SVM,692,4,0,0.0538394240419845,0,0.5
SVM,693,2,1,0.21929858577987585,0,0.5
SVM,694,2,0,0.07330118671216412,0,0.5
SVM,695,2,0,0.21319054299127746,0,0.5
SVM,696,5,0,0.05344475652621151,0,0.5
SVM,697,4,0,0.14878191655582335,0,0.5
SVM,698,4,0,0.4752435374376033,0,0.5
SVM,699,5,0,0.059751669194868504,0,0.5
SVM,700,2,0,0.05809726177572308,0,0.5
SVM,701,2,0,0.10892121733430497,0,0.5
SVM,702,2,0,0.10399178259875978,0,0.5
SVM,703,2,0,0.060123150825257675,0,0.5
SVM,704,3,0,0.031782491723222894,0,0.5
SVM,705,4,0,0.08260560487512834,0,0.5
SVM,706,3,1,0.39724617501919607,0,0.5
SVM,707,2,0,0.01263975899143122,0,0.5
SVM,708,3,0,0.10178297509456488,0,0.5
SVM,709,3,0,0.03342680630644041,0,0.5
SVM,710,5,1,0.055859592588092824,0,0.5
SVM,711,3,0,0.08126618843511835,0,0.5
SVM,712,3,0,0.07361689209119464,0,0.5
SVM,713,3,0,0.07129162980087175,0,0.5
SVM,714,3,0,0.07770995297165856,0,0.5
SVM,715,3,0,0.013325485591486948,0,0.5
SVM,716,3,1,0.052395383952670495,0,0.5
SVM,717,4,1,0.46734711721801764,0,0.5
SVM,718,3,0,0.3127057917209779,0,0.5
SVM,719,2,0,0.012765866456150259,0,0.5
SVM,720,3,0,0.09665265899152395,0,0.5
SVM,721,5,0,0.04560227066715064,0,0.5
SVM,722,2,0,0.3529454768980858,0,0.5
SVM,723,4,0,0.04829840749740027,0,0.5
SVM,724,3,0,0.043394294075592754,0,0.5
SVM,725,3,0,0.03141515294824733,0,0.5
SVM,726,3,1,0.018436621708396675,0,0.5
SVM,727,3,1,0.04145648082859726,0,0.5
SVM,728,4,0,0.017643546855385953,0,0.5
SVM,729,5,0,0.01714237552629158,0,0.5
SVM,730,3,0,0.0888034577108781,0,0.5
SVM,731,2,1,0.08298832596708507,0,0.5
SVM,732,5,0,0.03980450081398453,0,0.5
SVM,733,3,0,0.43361515210162827,0,0.5
SVM,734,5,0,0.4327619186764008,0,0.5
SVM,735,3,0,0.03853810073845139,0,0.5
SVM,736,4,0,0.05929420339621765,0,0.5
SVM,737,5,1,0.05820301239578007,0,0.5
SVM,738,3,1,0.08646731645767751,0,0.5
SVM,739,4,0,0.17948730878180835,0,0.5
SVM,740,3,0,0.0883769001582856,0,0.5
SVM,741,3,0,0.01912656391828138,0,0.5
SVM,742,2,0,0.0940807578499589,0,0.5
SVM,743,2,0,0.09423504017175471,0,0.5
SVM,744,2,0,0.11687450860580918,0,0.5
SVM,745,5,0,0.037058745947051816,0,0.5
SVM,746,2,0,0.05180207947361597,0,0.5
SVM,747,5,0,0.04996719309167755,0,0.5
SVM,748,2,0,0.16429279691587656,0,0.5
SVM,749,2,0,0.03625766475659551,0,0.5
SVM,750,3,0,0.1320705652205192,0,0.5
SVM,751,4,0,0.04081399001321218,0,0.5
SVM,752,5,0,0.06165674233651514,0,0.5
SVM,753,3,0,0.2711745049322434,0,0.5
SVM,754,3,1,0.5698454360314024,1,0.5
SVM,755,3,0,0.024462180033380205,0,0.5
SVM,756,5,0,0.017655156805318945,0,0.5
SVM,757,3,0,0.03868453805848935,0,0.5
SVM,758,5,0,0.05772757547399735,0,0.5
SVM,759,5,0,0.07537234652984114,0,0.5
SVM,760,5,0,0.06194915830493351,0,0.5
SVM,761,3,0,0.0785037175070716,0,0.5
SVM,762,3,0,0.05146194024672808,0,0.5
SVM,763,5,0,0.33464778630544284,0,0.5
SVM,764,2,1,0.35921415111920435,0,0.5
SVM,765,4,1,0.17979012442079567,0,0.5
SVM,766,3,0,0.24694463533125788,0,0.5
SVM,767,4,0,0.030466208763800705,0,0.5
SVM,768,4,1,0.022220544075892093,0,0.5
SVM,769,2,0,0.15089354310590744,0,0.5
SVM,770,5,0,0.05322690761797023,0,0.5
SVM,771,3,0,0.13994166803511893,0,0.5
SVM,772,2,0,0.05359761072297437,0,0.5
SVM,773,3,0,0.15031938248654406,0,0.5
SVM,774,4,0,0.030121453551727302,0,0.5
SVM,775,3,0,0.17127030571792964,0,0.5
SVM,776,5,0,0.06921461159053902,0,0.5
SVM,777,2,1,0.28557855895861045,0,0.5
SVM,778,3,0,0.448480392612038,0,0.5
SVM,779,5,0,0.03518139185048481,0,0.5
SVM,780,4,0,0.029476286704379375,0,0.5
SVM,781,2,0,0.2121066638966803,0,0.5
SVM,782,3,0,0.02818845062469866,0,0.5
SVM,783,3,0,0.6820345079132074,1,0.5
SVM,784,4,0,0.064809170280443,0,0.5
SVM,785,4,0,0.1291517102218208,0,0.5
SVM,786,3,0,0.06617069322658495,0,0.5
SVM,787,5,0,0.05458874577439286,0,0.5
SVM,788,3,0,0.04109120063850242,0,0.5
SVM,789,5,0,0.08548786285933113,0,0.5
SVM,790,5,0,0.06098716431766462,0,0.5
SVM,791,3,1,0.07418520645007498,0,0.5
SVM,792,3,0,0.015334032081452136,0,0.5
SVM,793,2,0,0.14684193707053647,0,0.5
SVM,794,3,0,0.14568197883371745,0,0.5
SVM,795,2,1,0.1261406658422139,0,0.5
SVM,796,5,0,0.3808914926014807,0,0.5
SVM,797,3,1,0.446863853323065,0,0.5
SVM,798,5,0,0.5695610859748088,1,0.5
SVM,799,2,0,0.060385670652759446,0,0.5
SVM,800,3,0,0.054654500649100615,0,0.5
SVM,801,4,0,0.03010327691285345,0,0.5
SVM,802,3,0,0.07114911988258822,0,0.5
SVM,803,4,0,0.4035863887338232,0,0.5
SVM,804,5,0,0.20967237392688307,0,0.5
SVM,805,2,0,0.029353723290371246,0,0.5
SVM,806,5,0,0.02109269265804865,0,0.5
SVM,807,4,0,0.04738312250861554,0,0.5
SVM,808,3,0,0.1944766928410612,0,0.5
SVM,809,3,0,0.1298585787551461,0,0.5
SVM,810,2,1,0.03374824626038348,0,0.5
SVM,811,5,0,0.1045164014130025,0,0.5
SVM,812,4,0,0.10957319405689206,0,0.5
SVM,813,2,0,0.02068041961251181,0,0.5
SVM,814,4,1,0.0615452587779642,0,0.5
SVM,815,3,0,0.05675961538605689,0,0.5
SVM,816,4,0,0.025365037428257117,0,0.5
SVM,817,3,0,0.04065694606145388,0,0.5
SVM,818,2,0,0.07323790480292648,0,0.5
SVM,819,5,0,0.02308248197467965,0,0.5
SVM,820,4,0,0.03880494761608093,0,0.5
SVM,821,2,0,0.035845547157127775,0,0.5
SVM,822,4,0,0.05079032192096699,0,0.5
SVM,823,2,0,0.021953884932085426,0,0.5
SVM,824,2,0,0.029043652628151173,0,0.5
SVM,825,3,0,0.034778054992295096,0,0.5
SVM,826,3,0,0.019552384036963567,0,0.5
SVM,827,3,0,0.0632220772743163,0,0.5
SVM,828,4,0,0.06944075448885376,0,0.5
SVM,829,5,0,0.018604951853240986,0,0.5
SVM,830,4,0,0.0783375292008864,0,0.5
SVM,831,2,0,0.017725815988165788,0,0.5
SVM,832,3,0,0.02627124820575757,0,0.5
SVM,833,2,0,0.06105514259891805,0,0.5
SVM,834,5,1,0.2111236781292245,0,0.5
SVM,835,5,0,0.03198458899736738,0,0.5
SVM,836,4,0,0.04039414776313867,0,0.5
SVM,837,2,1,0.023632011680506215,0,0.5
SVM,838,3,0,0.19725484073700808,0,0.5
SVM,839,5,0,0.06295098444665422,0,0.5
SVM,840,2,0,0.15366921723930968,0,0.5
SVM,841,4,0,0.09363531786328712,0,0.5
SVM,842,5,0,0.17948750123455004,0,0.5
SVM,843,5,0,0.027444129458130816,0,0.5
SVM,844,4,1,0.11900026824043852,0,0.5
SVM,845,2,0,0.06958060142268564,0,0.5
SVM,846,3,0,0.15608208445842797,0,0.5
SVM,847,3,0,0.09151263119836268,0,0.5
SVM,848,4,0,0.026318071014550668,0,0.5
SVM,849,2,0,0.20837409962424855,0,0.5
SVM,850,3,0,0.08325723520596982,0,0.5
SVM,851,5,0,0.11861266255765687,0,0.5
SVM,852,4,0,0.03553981529106533,0,0.5
SVM,853,3,0,0.09285260782479812,0,0.5
SVM,854,3,0,0.05573023435221584,0,0.5
SVM,855,2,0,0.015901321106936588,0,0.5
SVM,856,3,0,0.040636519089813236,0,0.5
SVM,857,3,0,0.08113325129927078,0,0.5
SVM,858,5,1,0.3134052932929085,0,0.5
SVM,859,4,0,0.01421982976004786,0,0.5
SVM,860,4,0,0.023783984275125934,0,0.5
SVM,861,3,0,0.03835243875218923,0,0.5
SVM,862,2,0,0.010534307920368729,0,0.5
SVM,863,2,0,0.039446780202746036,0,0.5
SVM,864,3,0,0.021573914995331407,0,0.5
SVM,865,4,0,0.187835466224606,0,0.5
SVM,866,5,0,0.08514470879366663,0,0.5
SVM,867,3,0,0.030036402183011842,0,0.5
SVM,868,2,0,0.039617299244323584,0,0.5
SVM,869,4,0,0.02382027506145455,0,0.5
SVM,870,5,0,0.009767788713265139,0,0.5
SVM,871,2,0,0.011327602799846258,0,0.5
SVM,872,5,0,0.012392902955276966,0,0.5
SVM,873,3,0,0.009872356112945103,0,0.5
SVM,874,2,0,0.05444846552732005,0,0.5
SVM,875,5,0,0.029903023778459607,0,0.5
SVM,876,4,0,0.056657434837543104,0,0.5
SVM,877,4,0,0.03134978498169894,0,0.5
SVM,878,3,0,0.0705402578023153,0,0.5
SVM,879,3,1,0.09071909608111542,0,0.5
SVM,880,2,0,0.06916600303160698,0,0.5
SVM,881,3,0,0.009573715073279426,0,0.5
SVM,882,4,0,0.048125711429008275,0,0.5
SVM,883,5,0,0.06859601634778194,0,0.5
SVM,884,3,0,0.24566651812872128,0,0.5
SVM,885,4,0,0.11448077434601828,0,0.5
SVM,886,5,0,0.023178497398569173,0,0.5
SVM,887,3,0,0.035625963282292346,0,0.5
SVM,888,3,0,0.0483050075835183,0,0.5
SVM,889,4,0,0.032287224862231394,0,0.5
SVM,890,3,0,0.022742965592566368,0,0.5
SVM,891,4,0,0.03609080968986091,0,0.5
SVM,892,3,0,0.024929345450253906,0,0.5
SVM,893,5,0,0.05961117388323108,0,0.5
SVM,894,2,0,0.020769220652200045,0,0.5
SVM,895,2,0,0.012052974330339814,0,0.5
SVM,896,3,0,0.051031775866838255,0,0.5
SVM,897,4,0,0.01763611766433765,0,0.5
SVM,898,5,0,0.04171209664735457,0,0.5
SVM,899,3,0,0.013137661888109591,0,0.5
SVM,900,4,0,0.011405563656911043,0,0.5
SVM,901,2,0,0.03601448335632753,0,0.5
SVM,902,5,0,0.037138513794230485,0,0.5
SVM,903,5,0,0.04963365348705914,0,0.5
SVM,904,2,0,0.016816695132842945,0,0.5
SVM,905,3,0,0.01654046856415121,0,0.5
SVM,906,4,0,0.02721725555859307,0,0.5
SVM,907,3,0,0.03547109231337909,0,0.5
SVM,908,2,0,0.038718200156017915,0,0.5
SVM,909,4,0,0.016696328741885036,0,0.5
SVM,910,5,0,0.03483488249239283,0,0.5
SVM,911,2,0,0.028351665012473208,0,0.5
SVM,912,4,0,0.02802492363312027,0,0.5
SVM,913,3,0,0.03676584545458542,0,0.5
SVM,914,5,0,0.026405982651519704,0,0.5
SVM,915,2,0,0.03958256511185462,0,0.5
SVM,916,5,0,0.060442438279613375,0,0.5
SVM,917,3,0,0.017793892309348552,0,0.5
SVM,918,3,0,0.03944043154511346,0,0.5
SVM,919,2,0,0.1115013417329997,0,0.5
SVM,920,3,0,0.033163726426704475,0,0.5
SVM,921,3,1,0.061828783237310524,0,0.5
SVM,922,4,0,0.04420150342596478,0,0.5
SVM,923,4,0,0.06057683638049492,0,0.5
SVM,924,5,0,0.02717172821161111,0,0.5
SVM,925,3,0,0.01778581927878665,0,0.5
SVM,926,2,0,0.034822745464973756,0,0.5
SVM,927,5,0,0.06964704121892083,0,0.5
SVM,928,3,0,0.05493425856534764,0,0.5
SVM,929,2,0,0.05969366183497302,0,0.5
SVM,930,4,0,0.049744713435914634,0,0.5
SVM,931,5,0,0.016716695860911707,0,0.5
SVM,932,2,0,0.014146870706706624,0,0.5
SVM,933,3,0,0.030892725793796517,0,0.5
SVM,934,2,0,0.029790805368374668,0,0.5
SVM,935,4,0,0.0436321448799956,0,0.5
SVM,936,5,0,0.010869304726525695,0,0.5
SVM,937,2,0,0.02219856034982384,0,0.5
SVM,938,3,0,0.011056761013618929,0,0.5
SVM,939,5,0,0.011330444777222502,0,0.5
SVM,940,4,0,0.01324274269714079,0,0.5
SVM,941,2,0,0.08698174117993912,0,0.5
SVM,942,3,1,0.03907026361568014,0,0.5
SVM,943,3,0,0.05979273903487058,0,0.5
SVM,944,3,0,0.040649141373608984,0,0.5
SVM,945,3,0,0.02832668608334545,0,0.5
SVM,946,5,0,0.04993002456104546,0,0.5
SVM,947,4,0,0.04172834825563032,0,0.5
SVM,948,4,0,0.013521791412825165,0,0.5
SVM,949,2,0,0.01610970185652127,0,0.5
SVM,950,5,0,0.053420902066590156,0,0.5
SVM,951,3,0,0.028162453822042043,0,0.5
SVM,952,2,0,0.04516233163811509,0,0.5
SVM,953,4,0,0.0359095661810142,0,0.5
SVM,954,3,0,0.024965178860350667,0,0.5
SVM,955,5,0,0.020995286060863403,0,0.5
SVM,956,3,0,0.014773940248836003,0,0.5
SVM,957,2,0,0.02581354052197551,0,0.5
SVM,958,2,0,0.035045249047154226,0,0.5
SVM,959,3,0,0.021953142538785185,0,0.5
SVM,960,4,0,0.011762945399451292,0,0.5
SVM,961,2,0,0.03642516763671653,0,0.5
SVM,962,2,0,0.011888461371727143,0,0.5
SVM,963,5,0,0.020824601232978385,0,0.5
SVM,964,4,0,0.03894948402784211,0,0.5
SVM,965,3,0,0.021055106331479116,0,0.5
SVM,966,5,0,0.048407841573447845,0,0.5
SVM,967,3,0,0.027144748313786375,0,0.5
SVM,968,4,0,0.04789604796473217,0,0.5
SVM,969,2,0,0.01738529385717061,0,0.5
SVM,970,2,0,0.028160712639411722,0,0.5
SVM,971,3,0,0.011057979193390362,0,0.5
SVM,972,5,0,0.014819106563998218,0,0.5
SVM,973,5,0,0.01159650796401876,0,0.5
SVM,974,4,0,0.06372250369210125,0,0.5
SVM,975,5,0,0.060373345263436656,0,0.5
SVM,976,3,0,0.029644265292180134,0,0.5
SVM,977,4,0,0.053084633319045706,0,0.5
SVM,978,2,0,0.014103882667906359,0,0.5
SVM,979,5,0,0.01996563349116892,0,0.5
SVM,980,3,0,0.02708914004083603,0,0.5
SVM,981,3,0,0.025657965765253143,0,0.5
SVM,982,2,0,0.014592238352505267,0,0.5
SVM,983,5,0,0.06271852325031035,0,0.5
SVM,984,4,0,0.06556383761933549,0,0.5
SVM,985,2,0,0.01607376409959558,0,0.5
SVM,986,3,0,0.02545806917724358,0,0.5
SVM,987,5,0,0.015190879485683413,0,0.5
SVM,988,3,0,0.014564554654787705,0,0.5
SVM,989,2,0,0.046114443507766216,0,0.5
SVM,990,4,0,0.08291706204656789,0,0.5
SVM,991,4,0,0.05227871566581311,0,0.5
SVM,992,2,0,0.03945168436886489,0,0.5
SVM,993,3,0,0.024543133920649808,0,0.5
SVM,994,3,0,0.03696425751087566,0,0.5
SVM,995,5,0,0.05760809854605317,0,0.5
SVM,996,4,0,0.07390078583935086,0,0.5
SVM,997,2,0,0.036419582581240624,0,0.5
SVM,998,3,0,0.040503463850928484,0,0.5
SVM,999,4,0,0.10651367691989289,0,0.5
SVM,1000,3,0,0.023148542461948186,0,0.5
SVM,1001,3,0,0.05028475677978803,0,0.5
SVM,1002,3,0,0.0386493423409267,0,0.5
SVM,1003,4,0,0.03811271377534254,0,0.5
SVM,1004,5,0,0.033390434885936446,0,0.5
SVM,1005,4,0,0.03201622263103759,0,0.5
SVM,1006,2,0,0.016259589464350053,0,0.5
SVM,1007,2,0,0.03352340719754242,0,0.5
SVM,1008,2,0,0.061461477814645636,0,0.5
SVM,1009,3,0,0.021897720578717108,0,0.5
SVM,1010,5,0,0.03900501946833282,0,0.5
SVM,1011,4,0,0.02686709606596938,0,0.5
SVM,1012,5,0,0.143495591594217,0,0.5
SVM,1013,4,0,0.016300432038111417,0,0.5
SVM,1014,2,0,0.024579106119090983,0,0.5
SVM,1015,3,0,0.024965569738409982,0,0.5
SVM,1016,3,0,0.017187537384492923,0,0.5
SVM,1017,2,0,0.024227651428626366,0,0.5
SVM,1018,4,0,0.03826589072142715,0,0.5
SVM,1019,5,0,0.06037333733593734,0,0.5
SVM,1020,2,0,0.03390605523721969,0,0.5
SVM,1021,3,0,0.033934325328457075,0,0.5
SVM,1022,3,0,0.015497040423809418,0,0.5
SVM,1023,4,0,0.11612918065648777,0,0.5
SVM,1024,5,0,0.13705166471537375,0,0.5
SVM,1025,3,0,0.04010377188909767,0,0.5
SVM,1026,3,0,0.03124198484558075,0,0.5
SVM,1027,3,0,0.04625175893689403,0,0.5
SVM,1028,4,0,0.06965621136312102,0,0.5
SVM,1029,5,1,0.4259468702354799,0,0.5
SVM,1030,2,0,0.4316687575049231,0,0.5
SVM,1031,3,0,0.05128208747872362,0,0.5
SVM,1032,4,0,0.03292176006992498,0,0.5
SVM,1033,3,0,0.049033304667313704,0,0.5
SVM,1034,4,0,0.021927834079877015,0,0.5
SVM,1035,3,0,0.03943806378988764,0,0.5
SVM,1036,3,0,0.031111200637381486,0,0.5
SVM,1037,5,0,0.014887116471700521,0,0.5
SVM,1038,5,0,0.023074683255568024,0,0.5
SVM,1039,2,0,0.06635761363500807,0,0.5
SVM,1040,3,0,0.14618456835167598,0,0.5
SVM,1041,3,0,0.026108603037387504,0,0.5
SVM,1042,5,0,0.02826298838120589,0,0.5
SVM,1043,2,0,0.03497080814278898,0,0.5
SVM,1044,5,0,0.011900522108990615,0,0.5
SVM,1045,3,0,0.09328159864551341,0,0.5
SVM,1046,2,0,0.14877908540990908,0,0.5
SVM,1047,3,1,0.059688912113959595,0,0.5
SVM,1048,3,0,0.14170648714182646,0,0.5
SVM,1049,4,0,0.3975607474395297,0,0.5
SVM,1050,3,0,0.08394885166069402,0,0.5
SVM,1051,3,0,0.5569256268522329,1,0.5
SVM,1052,2,1,0.07634750512646081,0,0.5
SVM,1053,3,0,0.06202029850731343,0,0.5
SVM,1054,4,0,0.1232867024744926,0,0.5
SVM,1055,3,0,0.03941287733799613,0,0.5
SVM,1056,3,0,0.1174719087246832,0,0.5
SVM,1057,5,0,0.03217904904032772,0,0.5
SVM,1058,4,0,0.04996419607443783,0,0.5
SVM,1059,3,0,0.2739240575485195,0,0.5
SVM,1060,5,1,0.21351099628582743,0,0.5
SVM,1061,2,1,0.4087397937101617,0,0.5
SVM,1062,4,0,0.08844436277043957,0,0.5
SVM,1063,2,0,0.020674738935302483,0,0.5
SVM,1064,2,1,0.4730576354694641,0,0.5
SVM,1065,4,0,0.5255621943480597,1,0.5
SVM,1066,3,0,0.28787405514112274,0,0.5
SVM,1067,2,0,0.29827189268986654,0,0.5
SVM,1068,5,0,0.19805526670198045,0,0.5
SVM,1069,2,0,0.10942836041494033,0,0.5
SVM,1070,5,0,0.16697476662243257,0,0.5
SVM,1071,2,1,0.10099537220855886,0,0.5
SVM,1072,4,1,0.06619244496630632,0,0.5
SVM,1073,3,0,0.031298504065343125,0,0.5
SVM,1074,2,0,0.02181478506386853,0,0.5
SVM,1075,2,0,0.055461910136561716,0,0.5
SVM,1076,4,0,0.02240215414017794,0,0.5
SVM,1077,3,0,0.09859788110755877,0,0.5
SVM,1078,3,0,0.12078071983686091,0,0.5
SVM,1079,3,0,0.0835959452959218,0,0.5
SVM,1080,3,0,0.09724202683795027,0,0.5
SVM,1081,5,0,0.16173364627890188,0,0.5
SVM,1082,3,0,0.0697073351795287,0,0.5
SVM,1083,4,0,0.1584929864618205,0,0.5
SVM,1084,2,0,0.04514169524325899,0,0.5
SVM,1085,4,0,0.044651293129396884,0,0.5
SVM,1086,3,0,0.060179392793124224,0,0.5
SVM,1087,3,1,0.10879110936780523,0,0.5
SVM,1088,5,0,0.03603188513296701,0,0.5
SVM,1089,4,0,0.028933657250862308,0,0.5
SVM,1090,2,0,0.021966901319568136,0,0.5
SVM,1091,3,1,0.2420929398045946,0,0.5
SVM,1092,5,0,0.1347504170521492,0,0.5
SVM,1093,3,0,0.4176978839858718,0,0.5
SVM,1094,2,1,0.09231594343606378,0,0.5
SVM,1095,2,0,0.22827451392271716,0,0.5
SVM,1096,4,0,0.31104599949256756,0,0.5
SVM,1097,2,0,0.05632786892262574,0,0.5
SVM,1098,3,1,0.6152654047262167,1,0.5
SVM,1099,4,1,0.5107069760730947,1,0.5
SVM,1100,5,1,0.1408642861775814,0,0.5
SVM,1101,4,1,0.7283210247316231,1,0.5
SVM,1102,3,0,0.04660919559824138,0,0.5
SVM,1103,5,0,0.3360250468229383,0,0.5
SVM,1104,3,0,0.07261898329071047,0,0.5
SVM,1105,3,0,0.0342060442314454,0,0.5
SVM,1106,3,0,0.11100754694597212,0,0.5
SVM,1107,5,1,0.514485194383233,1,0.5
SVM,1108,3,0,0.07416714847707104,0,0.5
SVM,1109,4,0,0.05853197973488072,0,0.5
SVM,1110,3,0,0.013176388841639075,0,0.5
SVM,1111,4,1,0.66941274913542,1,0.5
SVM,1112,2,1,0.266451220234417,0,0.5
SVM,1113,3,0,0.14947303744965984,0,0.5
SVM,1114,3,0,0.05154943842931101,0,0.5
SVM,1115,4,0,0.12715213122088834,0,0.5
SVM,1116,3,0,0.058504744698504474,0,0.5
SVM,1117,5,0,0.08439177890198556,0,0.5
SVM,1118,3,0,0.12840503955138063,0,0.5
SVM,1119,3,1,0.5523860065953466,1,0.5
SVM,1120,4,1,0.46921356763131955,0,0.5
SVM,1121,4,1,0.22135704704974127,0,0.5
SVM,1122,3,1,0.6259583452948098,1,0.5
SVM,1123,3,0,0.7717448932532618,1,0.5
SVM,1124,3,0,0.6850384956498446,1,0.5
SVM,1125,2,1,0.6641444763341681,1,0.5
SVM,1126,3,0,0.5295521182916968,1,0.5
SVM,1127,3,0,0.5982721717685663,1,0.5
SVM,1128,3,0,0.05039184125451336,0,0.5
SVM,1129,2,0,0.04722860148041408,0,0.5
SVM,1130,5,0,0.045752317377939215,0,0.5
SVM,1131,3,0,0.03432828910321455,0,0.5
SVM,1132,5,0,0.0330599920812727,0,0.5
SVM,1133,5,0,0.05208043270628242,0,0.5
SVM,1134,2,1,0.591113553849227,1,0.5
SVM,1135,3,0,0.08112531437139005,0,0.5
SVM,1136,3,1,0.10791976168829659,0,0.5
SVM,1137,3,1,0.454132124689128,0,0.5
SVM,1138,3,0,0.10334166832295505,0,0.5
SVM,1139,4,0,0.7362389260385468,1,0.5
SVM,1140,5,0,0.35895954661531476,0,0.5
SVM,1141,3,0,0.04493501866091384,0,0.5
SVM,1142,4,0,0.05987768069624249,0,0.5
SVM,1143,4,0,0.04840804657391472,0,0.5
SVM,1144,5,0,0.0543194054840769,0,0.5
SVM,1145,5,0,0.06159914198129381,0,0.5
SVM,1146,3,0,0.2328838000118488,0,0.5
SVM,1147,3,0,0.43571836800280844,0,0.5
SVM,1148,2,1,0.6130238828224611,1,0.5
SVM,1149,2,1,0.631641644990598,1,0.5
SVM,1150,5,1,0.7182044956125022,1,0.5
SVM,1151,3,1,0.37402587497606976,0,0.5
SVM,1152,2,1,0.1742111200373395,0,0.5
SVM,1153,3,0,0.0926368849868136,0,0.5
SVM,1154,4,0,0.08158387655169871,0,0.5
SVM,1155,4,0,0.051206848379077255,0,0.5
SVM,1156,3,0,0.2542610138193673,0,0.5
SVM,1157,4,0,0.02484185324917139,0,0.5
SVM,1158,4,0,0.04580203615424084,0,0.5
SVM,1159,2,0,0.08687647361235123,0,0.5
SVM,1160,2,0,0.11831134155322456,0,0.5
SVM,1161,4,1,0.37294613587373954,0,0.5
SVM,1162,3,0,0.5086413950843822,1,0.5
SVM,1163,5,0,0.04485137065914732,0,0.5
SVM,1164,5,0,0.04038384497796666,0,0.5
SVM,1165,3,0,0.05261390295781668,0,0.5
SVM,1166,5,0,0.06450284320197618,0,0.5
SVM,1167,4,0,0.1566034504307282,0,0.5
SVM,1168,5,0,0.6692629137432948,1,0.5
SVM,1169,3,0,0.08633760898668118,0,0.5
SVM,1170,3,1,0.4796120136109171,0,0.5
SVM,1171,5,1,0.06019637661733292,0,0.5
SVM,1172,5,0,0.06467747087800915,0,0.5
SVM,1173,5,0,0.017592475377580623,0,0.5
SVM,1174,5,0,0.12926595189866485,0,0.5
SVM,1175,5,0,0.08967912837927917,0,0.5
SVM,1176,5,0,0.0682486369658527,0,0.5
SVM,1177,5,0,0.1000087263056777,0,0.5
SVM,1178,3,0,0.043436481287353515,0,0.5
SVM,1179,5,0,0.14772963190841115,0,0.5
SVM,1180,2,1,0.5475683424944998,1,0.5
SVM,1181,4,0,0.4496864574943072,0,0.5
SVM,1182,5,1,0.39877751304118203,0,0.5
SVM,1183,2,0,0.14991613313643587,0,0.5
SVM,1184,5,0,0.3373745153119296,0,0.5
SVM,1185,4,1,0.09257296084764427,0,0.5
SVM,1186,2,0,0.051597331386573554,0,0.5
SVM,1187,5,0,0.1480453655125874,0,0.5
SVM,1188,2,0,0.0497428244494352,0,0.5
SVM,1189,3,0,0.0883475844183482,0,0.5
SVM,1190,3,0,0.18870838747200094,0,0.5
SVM,1191,4,0,0.06837292874474693,0,0.5
SVM,1192,2,0,0.40117995835537856,0,0.5
SVM,1193,5,0,0.10775875875560957,0,0.5
SVM,1194,2,0,0.1234700047011751,0,0.5
SVM,1195,3,0,0.10940577128270973,0,0.5
SVM,1196,5,0,0.0642135706061018,0,0.5
SVM,1197,2,0,0.22671017112041744,0,0.5
SVM,1198,2,0,0.06152091545425918,0,0.5
SVM,1199,4,0,0.3170728571771646,0,0.5
SVM,1200,3,0,0.12897434475916647,0,0.5
SVM,1201,2,0,0.113302674976876,0,0.5
SVM,1202,4,1,0.042283171312290584,0,0.5
SVM,1203,5,0,0.08037851007340277,0,0.5
SVM,1204,2,0,0.03472032377288297,0,0.5
SVM,1205,5,0,0.03931591567667792,0,0.5
SVM,1206,4,0,0.12891000601868524,0,0.5
SVM,1207,3,1,0.6529649782914677,1,0.5
SVM,1208,2,0,0.02988485133983574,0,0.5
SVM,1209,4,0,0.11983838996214391,0,0.5
SVM,1210,3,0,0.15220057244277038,0,0.5
SVM,1211,3,0,0.12935158140655223,0,0.5
SVM,1212,2,0,0.0652258693246248,0,0.5
SVM,1213,5,0,0.05571068653534471,0,0.5
SVM,1214,5,0,0.03376554361516013,0,0.5
SVM,1215,5,0,0.02908048315444307,0,0.5
SVM,1216,5,0,0.026765639522429413,0,0.5
SVM,1217,1,0,0.2822604648277657,0,0.5
SVM,1218,2,0,0.024529617508642788,0,0.5
SVM,1219,4,0,0.21732121361656298,0,0.5
SVM,1220,2,0,0.061727599222245154,0,0.5
SVM,1221,3,0,0.08730288852998502,0,0.5
SVM,1222,5,0,0.12412330164072403,0,0.5
SVM,1223,2,0,0.10532210766882662,0,0.5
SVM,1224,3,0,0.10645885483341523,0,0.5
SVM,1225,5,0,0.10298505433845312,0,0.5
SVM,1226,3,0,0.05622160450067432,0,0.5
SVM,1227,3,1,0.4132659726363098,0,0.5
SVM,1228,3,0,0.19143427464905313,0,0.5
SVM,1229,3,0,0.062028822535846954,0,0.5
SVM,1230,4,0,0.447632212992594,0,0.5
SVM,1231,2,0,0.06734391742830304,0,0.5
SVM,1232,5,0,0.016266851659533354,0,0.5
SVM,1233,2,0,0.10298477637585983,0,0.5
SVM,1234,5,0,0.24604612931618983,0,0.5
SVM,1235,2,0,0.029919363080988942,0,0.5
SVM,1236,3,1,0.55306461140504,1,0.5
SVM,1237,2,1,0.08251302097554462,0,0.5
SVM,1238,3,0,0.05502830728752277,0,0.5
SVM,1239,2,0,0.06661205027910609,0,0.5
SVM,1240,2,0,0.08136057572122,0,0.5
SVM,1241,4,0,0.4827284638311045,0,0.5
SVM,1242,2,0,0.053413606294951704,0,0.5
SVM,1243,2,0,0.1193669298667097,0,0.5
SVM,1244,4,0,0.022840239129797813,0,0.5
SVM,1245,3,0,0.04766419397669922,0,0.5
SVM,1246,4,0,0.334572436307294,0,0.5
SVM,1247,3,0,0.055002595198651236,0,0.5
SVM,1248,3,0,0.08373718974595014,0,0.5
SVM,1249,5,0,0.0327720505876746,0,0.5
SVM,1250,4,0,0.08180055673765414,0,0.5
SVM,1251,3,0,0.04147182152720598,0,0.5
SVM,1252,2,0,0.2464779073468857,0,0.5
SVM,1253,5,0,0.3159271217492457,0,0.5
SVM,1254,3,0,0.06469633941624527,0,0.5
SVM,1255,5,0,0.028731479066428613,0,0.5
SVM,1256,5,0,0.019552443371948378,0,0.5
SVM,1257,5,0,0.059506091561024696,0,0.5
SVM,1258,3,0,0.029216198998436138,0,0.5
SVM,1259,4,0,0.08127054039029488,0,0.5
SVM,1260,4,0,0.6106986460962359,1,0.5
SVM,1261,5,0,0.26712127731995944,0,0.5
SVM,1262,3,0,0.029590468604309795,0,0.5
SVM,1263,2,0,0.08021803178771043,0,0.5
SVM,1264,4,1,0.5,1,0.5
SVM,1265,3,0,0.12498537814977877,0,0.5
SVM,1266,5,0,0.1428903017643809,0,0.5
SVM,1267,5,1,0.09069731474502904,0,0.5
SVM,1268,5,0,0.25035866062743917,0,0.5
SVM,1269,5,0,0.2047262000205181,0,0.5
SVM,1270,3,0,0.18519606158093233,0,0.5
SVM,1271,4,0,0.05373998078994385,0,0.5
SVM,1272,3,0,0.01780195780271342,0,0.5
SVM,1273,2,1,0.7524056508388434,1,0.5
SVM,1274,3,0,0.0650894600783912,0,0.5
SVM,1275,3,1,0.5,1,0.5
SVM,1276,3,1,0.487712002461293,0,0.5
SVM,1277,4,0,0.4306246759662909,0,0.5
SVM,1278,3,0,0.5985675935341357,1,0.5
SVM,1279,3,1,0.5836473039177121,1,0.5
SVM,1280,5,1,0.219348361564868,0,0.5
SVM,1281,3,1,0.3869262327743878,0,0.5
SVM,1282,4,1,0.6741743754066153,1,0.5
SVM,1283,5,1,0.839646668315616,1,0.5
SVM,1284,3,1,0.5310665469998288,1,0.5
SVM,1285,2,1,0.5410931339176736,1,0.5
SVM,1286,3,1,0.39988446836828545,0,0.5
SVM,1287,3,1,0.48126151107390003,0,0.5
SVM,1288,3,1,0.40514021873096595,0,0.5
SVM,1289,4,1,0.7668862200420579,1,0.5
SVM,1290,5,1,0.5475963301840309,1,0.5
SVM,1291,3,1,0.6097012044758182,1,0.5
SVM,1292,4,1,0.274163085471575,0,0.5
SVM,1293,4,0,0.23253250589546817,0,0.5
SVM,1294,3,1,0.31888695763275654,0,0.5
SVM,1295,4,1,0.4094840916586869,0,0.5
SVM,1296,3,1,0.5762902486824751,1,0.5
SVM,1297,3,1,0.6916614325900919,1,0.5
SVM,1298,3,1,0.7219744871940562,1,0.5
SVM,1299,3,1,0.41689581967063694,0,0.5
SVM,1300,3,1,0.6312881821306294,1,0.5
SVM,1301,3,1,0.6626461999428963,1,0.5
SVM,1302,5,1,0.4042665871358147,0,0.5
SVM,1303,2,1,0.41632265877663593,0,0.5
SVM,1304,5,1,0.5494059024721658,1,0.5
SVM,1305,2,1,0.5715128677742819,1,0.5
SVM,1306,4,1,0.5629835993467498,1,0.5
SVM,1307,3,1,0.2884076805462708,0,0.5
SVM,1308,3,1,0.6892191247620117,1,0.5
SVM,1309,5,1,0.20043652019847075,0,0.5
SVM,1310,4,1,0.480895973033717,0,0.5
SVM,1311,2,1,0.41923713588680417,0,0.5
SVM,1312,3,1,0.8046953744156647,1,0.5
SVM,1313,4,1,0.6120042958458759,1,0.5
SVM,1314,5,1,0.401596052338596,0,0.5
SVM,1315,4,0,0.3898707617448633,0,0.5
SVM,1316,3,1,0.6267235961719162,1,0.5
SVM,1317,3,1,0.693876895936656,1,0.5
SVM,1318,3,1,0.6891951087075985,1,0.5
SVM,1319,5,1,0.7064550556948157,1,0.5
SVM,1320,4,1,0.6729395620718868,1,0.5
SVM,1321,2,0,0.057900563679347504,0,0.5
SVM,1322,3,0,0.2693376435726112,0,0.5
SVM,1323,3,1,0.26353003523216734,0,0.5
SVM,1324,3,0,0.3089846286471349,0,0.5
SVM,1325,3,1,0.44238538880221207,0,0.5
SVM,1326,3,0,0.5860480565315648,1,0.5
SVM,1327,5,0,0.02415995983025434,0,0.5
SVM,1328,4,0,0.03749229081570187,0,0.5
SVM,1329,3,0,0.31254396445483534,0,0.5
SVM,1330,3,0,0.10202071205654073,0,0.5
SVM,1331,3,0,0.10222680011877554,0,0.5
SVM,1332,4,1,0.6536329149272952,1,0.5
SVM,1333,3,1,0.6841509942200692,1,0.5
SVM,1334,2,1,0.6832864624073303,1,0.5
SVM,1335,4,0,0.6046040655203908,1,0.5
SVM,1336,3,0,0.11418831977332468,0,0.5
SVM,1337,5,1,0.7650222049135645,1,0.5
SVM,1338,4,1,0.6415103196091823,1,0.5
SVM,1339,2,1,0.8990965982101704,1,0.5
SVM,1340,4,0,0.4167942680886919,0,0.5
SVM,1341,3,1,0.5650089371952831,1,0.5
SVM,1342,2,1,0.8238488302698249,1,0.5
SVM,1343,3,0,0.6871555299798388,1,0.5
SVM,1344,3,0,0.4399245714637687,0,0.5
SVM,1345,2,1,0.7763125935879093,1,0.5
SVM,1346,4,1,0.613402057910071,1,0.5
SVM,1347,5,0,0.5908821241585374,1,0.5
SVM,1348,2,0,0.05944258506722207,0,0.5
SVM,1349,3,0,0.28279170897425376,0,0.5
SVM,1350,2,1,0.5,1,0.5
SVM,1351,2,1,0.5518918369240023,1,0.5
SVM,1352,4,1,0.615228322689858,1,0.5
SVM,1353,4,1,0.5472920860099866,1,0.5
SVM,1354,5,1,0.25311733524102314,0,0.5
SVM,1355,4,1,0.5951740346712571,1,0.5
SVM,1356,3,0,0.17393115191180408,0,0.5
SVM,1357,5,0,0.06037333617736677,0,0.5
SVM,1358,2,0,0.2264144931935808,0,0.5
SVM,1359,3,0,0.38053798141181255,0,0.5
SVM,1360,5,0,0.08648181175851233,0,0.5
SVM,1361,3,1,0.03767019440570407,0,0.5
SVM,1362,3,1,0.41316716858142827,0,0.5
SVM,1363,3,0,0.20362838703318545,0,0.5
SVM,1364,2,0,0.05560609241860229,0,0.5
SVM,1365,2,0,0.1596074613199279,0,0.5
SVM,1366,2,1,0.1333099799393456,0,0.5
SVM,1367,3,0,0.4122318758960324,0,0.5
SVM,1368,5,1,0.05205492029931143,0,0.5
SVM,1369,5,0,0.18770880303002532,0,0.5
SVM,1370,2,0,0.05315536013497746,0,0.5
SVM,1371,4,1,0.6210719058354984,1,0.5
SVM,1372,3,1,0.6351643624210102,1,0.5
SVM,1373,5,1,0.5,1,0.5
SVM,1374,3,1,0.32747769972594115,0,0.5
SVM,1375,2,0,0.3894671963291083,0,0.5
SVM,1376,5,0,0.1764421755631184,0,0.5
SVM,1377,3,1,0.323271115713581,0,0.5
SVM,1378,2,1,0.5100121188931289,1,0.5
SVM,1379,5,0,0.5742452360896235,1,0.5
SVM,1380,4,0,0.5381258240699658,1,0.5
SVM,1381,2,0,0.4664361928093111,0,0.5
SVM,1382,3,1,0.6322141094272526,1,0.5
SVM,1383,5,1,0.7485544377981637,1,0.5
SVM,1384,4,1,0.4159711923092429,0,0.5
SVM,1385,2,0,0.6029179592993897,1,0.5
SVM,1386,4,1,0.5779447401427062,1,0.5
SVM,1387,3,1,0.6124015937753995,1,0.5
SVM,1388,2,1,0.5246335552898596,1,0.5
SVM,1389,5,1,0.30347957918237006,0,0.5
SVM,1390,5,1,0.09242991773153987,0,0.5
SVM,1391,5,0,0.03420654231815777,0,0.5
SVM,1392,5,0,0.04144106380172666,0,0.5
SVM,1393,3,0,0.1083821636260691,0,0.5
SVM,1394,3,0,0.08172282881909988,0,0.5
SVM,1395,2,0,0.08772701495869822,0,0.5
SVM,1396,3,0,0.09480891013748341,0,0.5
SVM,1397,3,0,0.02774472806013003,0,0.5
SVM,1398,3,0,0.06513177771520226,0,0.5
SVM,1399,5,0,0.8217826512083594,1,0.5
SVM,1400,2,0,0.7412109336544764,1,0.5
SVM,1401,3,0,0.2363039971200813,0,0.5
SVM,1402,4,0,0.3296273441574071,0,0.5
SVM,1403,2,0,0.0612067069236455,0,0.5
SVM,1404,3,1,0.600337133937719,1,0.5
SVM,1405,5,0,0.059470974012875225,0,0.5
SVM,1406,5,0,0.02543610345668172,0,0.5
SVM,1407,3,0,0.038830798505731984,0,0.5
SVM,1408,3,1,0.13128597606576248,0,0.5
SVM,1409,3,1,0.38771315579744536,0,0.5
SVM,1410,4,1,0.7586243222581616,1,0.5
SVM,1411,2,1,0.6355303239843769,1,0.5
SVM,1412,3,1,0.76939800701199,1,0.5
SVM,1413,5,1,0.8033372785229754,1,0.5
SVM,1414,3,1,0.27743923263229037,0,0.5
SVM,1415,4,0,0.6988175905913395,1,0.5
SVM,1416,2,1,0.7018471222243204,1,0.5
SVM,1417,3,0,0.5065417691453962,1,0.5
SVM,1418,5,1,0.6907535561013841,1,0.5
SVM,1419,2,1,0.5445441896149961,1,0.5
SVM,1420,3,0,0.08164432483258166,0,0.5
SVM,1421,4,1,0.6931913122496299,1,0.5
SVM,1422,5,1,0.14922872348706648,0,0.5
SVM,1423,5,0,0.7268925410054455,1,0.5
SVM,1424,3,1,0.48649646750232983,0,0.5
SVM,1425,3,0,0.3396222680082254,0,0.5
SVM,1426,5,1,0.12275530960095687,0,0.5
SVM,1427,2,0,0.044783964521154976,0,0.5
SVM,1428,5,1,0.775628166081097,1,0.5
SVM,1429,3,0,0.0481500500685292,0,0.5
SVM,1430,4,0,0.11904944805803722,0,0.5
SVM,1431,2,1,0.4863649254647586,0,0.5
SVM,1432,2,0,0.022019353372932537,0,0.5
SVM,1433,2,0,0.03754504248021477,0,0.5
SVM,1434,4,0,0.10209781013622084,0,0.5
SVM,1435,3,0,0.28985281855458317,0,0.5
SVM,1436,2,0,0.11346412161087731,0,0.5
SVM,1437,3,0,0.029536512271710093,0,0.5
SVM,1438,3,0,0.10135371233214356,0,0.5
SVM,1439,4,0,0.19935489501610396,0,0.5
SVM,1440,3,1,0.34755491111747683,0,0.5
SVM,1441,4,0,0.08749571914646696,0,0.5
SVM,1442,3,0,0.10914709090988647,0,0.5
SVM,1443,4,0,0.11997289671275099,0,0.5
SVM,1444,2,1,0.3843395439252636,0,0.5
SVM,1445,2,0,0.025387956121896548,0,0.5
SVM,1446,3,0,0.09250425116304622,0,0.5
SVM,1447,5,0,0.803273701671877,1,0.5
SVM,1448,3,0,0.8252595690972736,1,0.5
SVM,1449,3,0,0.02387600682674528,0,0.5
SVM,1450,3,0,0.01781192602730115,0,0.5
SVM,1451,4,1,0.4147227414888599,0,0.5
SVM,1452,3,1,0.6074545094760534,1,0.5
SVM,1453,3,0,0.10762874700290284,0,0.5
SVM,1454,3,0,0.1764804635665905,0,0.5
SVM,1455,4,0,0.06572567538609729,0,0.5
SVM,1456,3,0,0.05653000768458794,0,0.5
SVM,1457,3,1,0.06109042185362368,0,0.5
SVM,1458,3,0,0.06557552317163451,0,0.5
SVM,1459,3,0,0.11177632202838907,0,0.5
SVM,1460,3,1,0.12029637145876447,0,0.5
SVM,1461,3,1,0.08791570141060559,0,0.5
SVM,1462,3,0,0.1251634658161205,0,0.5
SVM,1463,3,0,0.10552046258018696,0,0.5
SVM,1464,3,1,0.165812587888011,0,0.5
SVM,1465,3,1,0.09733070542521967,0,0.5
SVM,1466,3,1,0.1256121951521305,0,0.5
SVM,1467,3,1,0.05060606582986949,0,0.5
SVM,1468,5,0,0.11558526233311836,0,0.5
SVM,1469,3,0,0.18263949226355927,0,0.5
SVM,1470,3,0,0.047010165478271734,0,0.5
SVM,1471,3,0,0.07597044497772798,0,0.5
SVM,1472,3,1,0.051940885084966186,0,0.5
SVM,1473,3,0,0.1691936759776257,0,0.5
SVM,1474,2,0,0.26577882644083434,0,0.5
SVM,1475,5,1,0.17252532787314492,0,0.5
SVM,1476,4,0,0.14363362560649812,0,0.5
SVM,1477,2,1,0.29736573206409145,0,0.5
SVM,1478,4,1,0.23705774452903358,0,0.5
SVM,1479,3,0,0.1583014909454966,0,0.5
SVM,1480,3,1,0.49362812779055276,0,0.5
SVM,1481,4,1,0.8197979904009108,1,0.5
SVM,1482,3,0,0.1081754346521706,0,0.5
SVM,1483,3,0,0.0524662943188264,0,0.5
SVM,1484,3,1,0.01845428894884334,0,0.5
SVM,1485,5,0,0.48150053027703443,0,0.5
SVM,1486,2,0,0.13236053731354855,0,0.5
SVM,1487,2,1,0.5234646213976626,1,0.5
SVM,1488,2,0,0.04667579468096338,0,0.5
SVM,1489,2,0,0.049629443934343695,0,0.5
SVM,1490,5,0,0.17416501153028544,0,0.5
SVM,1491,2,0,0.4698262983817744,0,0.5
SVM,1492,4,0,0.12725135122258632,0,0.5
SVM,1493,3,0,0.12073039299301577,0,0.5
SVM,1494,5,0,0.3816845799887514,0,0.5
SVM,1495,3,0,0.14586773806362605,0,0.5
SVM,1496,2,0,0.168436101343624,0,0.5
SVM,1497,5,0,0.27849441864442775,0,0.5
SVM,1498,3,0,0.10131664806000569,0,0.5
SVM,1499,3,0,0.05955758394137165,0,0.5
SVM,1500,4,1,0.052293947383140915,0,0.5
SVM,1501,5,0,0.03950449472201115,0,0.5
SVM,1502,3,0,0.07659656658597812,0,0.5
SVM,1503,2,0,0.2747608027777558,0,0.5
SVM,1504,3,1,0.30572266726497305,0,0.5
SVM,1505,4,1,0.49266116966509416,0,0.5
SVM,1506,3,0,0.19841972362556812,0,0.5
SVM,1507,4,0,0.12790329977653575,0,0.5
SVM,1508,3,0,0.07111780615614688,0,0.5
SVM,1509,3,0,0.019298260998426336,0,0.5
SVM,1510,3,0,0.0843488569987593,0,0.5
SVM,1511,2,0,0.17576640038784694,0,0.5
SVM,1512,3,0,0.05895485406356115,0,0.5
SVM,1513,5,0,0.02139643894263419,0,0.5
SVM,1514,3,0,0.05660678906488892,0,0.5
SVM,1515,5,0,0.018735031342066596,0,0.5
SVM,1516,5,0,0.058369769211311165,0,0.5
SVM,1517,3,0,0.11320211125463299,0,0.5
SVM,1518,3,0,0.1910890312178762,0,0.5
SVM,1519,3,0,0.1371307044804222,0,0.5
SVM,1520,5,0,0.029545245890671586,0,0.5
SVM,1521,3,0,0.1121148145357425,0,0.5
SVM,1522,4,0,0.04002282114217163,0,0.5
SVM,1523,3,0,0.052020275797761806,0,0.5
SVM,1524,3,0,0.0381031608008557,0,0.5
SVM,1525,5,0,0.363893579985767,0,0.5
SVM,1526,2,0,0.12669094586999,0,0.5
SVM,1527,3,0,0.21546949620188197,0,0.5
SVM,1528,4,0,0.1829695454159656,0,0.5
SVM,1529,4,0,0.0782190890835041,0,0.5
SVM,1530,3,0,0.14905417089487658,0,0.5
SVM,1531,5,0,0.10264178569348142,0,0.5
SVM,1532,3,0,0.018750414444314318,0,0.5
SVM,1533,5,0,0.03941885817117903,0,0.5
SVM,1534,4,0,0.06270094763170504,0,0.5
SVM,1535,3,0,0.0613194708060832,0,0.5
SVM,1536,2,1,0.5835217900653221,1,0.5
SVM,1537,4,0,0.05467517923374928,0,0.5
SVM,1538,4,0,0.7230737702368576,1,0.5
SVM,1539,5,1,0.6049085055306475,1,0.5
SVM,1540,4,0,0.08362248823685686,0,0.5
SVM,1541,3,0,0.06474987851713983,0,0.5
SVM,1542,4,0,0.1838449742966088,0,0.5
SVM,1543,2,0,0.08731994570455408,0,0.5
SVM,1544,3,0,0.12175070241322843,0,0.5
SVM,1545,3,0,0.11976484159402766,0,0.5
SVM,1546,2,0,0.4539554285966974,0,0.5
SVM,1547,5,0,0.2991973965773694,0,0.5
SVM,1548,3,0,0.34027846819719443,0,0.5
SVM,1549,2,0,0.08128709959549266,0,0.5
SVM,1550,3,0,0.15311632282414125,0,0.5
SVM,1551,3,0,0.0612930497389541,0,0.5
SVM,1552,4,0,0.14669806691443738,0,0.5
SVM,1553,5,0,0.08916159353711273,0,0.5
SVM,1554,3,0,0.12877994650756058,0,0.5
SVM,1555,3,0,0.06089031686533838,0,0.5
SVM,1556,5,0,0.21897484247147503,0,0.5
SVM,1557,5,1,0.12334649610957593,0,0.5
SVM,1558,3,1,0.11664802449391413,0,0.5
SVM,1559,3,0,0.09978592924845874,0,0.5
SVM,1560,3,0,0.13132158306510366,0,0.5
SVM,1561,3,0,0.07323500402131357,0,0.5
SVM,1562,3,0,0.0789259704789497,0,0.5
SVM,1563,5,0,0.21978943446725993,0,0.5
SVM,1564,3,1,0.06174041442601813,0,0.5
SVM,1565,3,0,0.07072909637150215,0,0.5
SVM,1566,3,1,0.03696866599437693,0,0.5
SVM,1567,3,0,0.17255654448097715,0,0.5
SVM,1568,3,0,0.03804834638498488,0,0.5
SVM,1569,4,0,0.051446748660423286,0,0.5
SVM,1570,3,0,0.015971028907361646,0,0.5
SVM,1571,4,0,0.05121710036971791,0,0.5
SVM,1572,2,0,0.048130496665500115,0,0.5
SVM,1573,2,0,0.020436084549085586,0,0.5
SVM,1574,2,0,0.03763949834509511,0,0.5
SVM,1575,4,0,0.0356126432218785,0,0.5
SVM,1576,5,0,0.018248728753583927,0,0.5
SVM,1577,5,0,0.021200611385887552,0,0.5
SVM,1578,5,0,0.0257502999855235,0,0.5
SVM,1579,4,0,0.029756244307563177,0,0.5
SVM,1580,4,0,0.056787773503085816,0,0.5
SVM,1581,4,0,0.04557690606148751,0,0.5
SVM,1582,2,1,0.310541201753823,0,0.5
SVM,1583,4,0,0.01557393555180424,0,0.5
SVM,1584,4,0,0.03886927294660547,0,0.5
SVM,1585,3,0,0.11382893167712284,0,0.5
SVM,1586,2,0,0.11030718754082262,0,0.5
SVM,1587,5,1,0.023888695971074684,0,0.5
SVM,1588,5,0,0.07188586627661057,0,0.5
SVM,1589,3,0,0.19451470316903333,0,0.5
SVM,1590,4,0,0.09506036919780035,0,0.5
SVM,1591,4,0,0.02784038460622495,0,0.5
SVM,1592,2,0,0.056453183133857325,0,0.5
SVM,1593,3,0,0.039486157783944424,0,0.5
SVM,1594,3,0,0.09008344441305065,0,0.5
SVM,1595,4,0,0.09088886899288738,0,0.5
SVM,1596,2,0,0.08921019719189797,0,0.5
SVM,1597,3,0,0.11363092668394748,0,0.5
SVM,1598,3,0,0.06566023548466174,0,0.5
SVM,1599,3,0,0.019114519050349683,0,0.5
SVM,1600,3,0,0.12060665019251594,0,0.5
SVM,1601,3,0,0.1929589280599163,0,0.5
SVM,1602,2,0,0.04372183821070138,0,0.5
SVM,1603,5,0,0.03535511487171543,0,0.5
SVM,1604,3,0,0.11563500207691857,0,0.5
SVM,1605,3,0,0.35172935682265716,0,0.5
SVM,1606,3,0,0.0683486944138128,0,0.5
SVM,1607,3,0,0.046809792650411484,0,0.5
SVM,1608,3,0,0.07012401259202766,0,0.5
SVM,1609,4,0,0.1936251496160814,0,0.5
SVM,1610,3,0,0.05972810215110495,0,0.5
SVM,1611,3,0,0.1240767430601998,0,0.5
SVM,1612,3,0,0.20138324031823476,0,0.5
SVM,1613,2,0,0.10681835628042147,0,0.5
SVM,1614,3,0,0.08705182627837896,0,0.5
SVM,1615,5,0,0.25772226824972505,0,0.5
SVM,1616,5,0,0.03111045795809729,0,0.5
SVM,1617,5,0,0.4305194556687126,0,0.5
SVM,1618,4,0,0.04514507282531915,0,0.5
SVM,1619,2,0,0.20798702146959705,0,0.5
SVM,1620,3,1,0.11014459833804935,0,0.5
SVM,1621,3,0,0.37602318375168053,0,0.5
SVM,1622,3,0,0.30956283074108043,0,0.5
SVM,1623,4,0,0.05390149712428331,0,0.5
SVM,1624,4,0,0.13619270285703738,0,0.5
SVM,1625,2,1,0.28912265042471696,0,0.5
SVM,1626,5,0,0.14654797663765035,0,0.5
SVM,1627,3,0,0.04827229794332133,0,0.5
SVM,1628,3,0,0.021821456503173863,0,0.5
SVM,1629,3,0,0.032591467014628436,0,0.5
SVM,1630,3,0,0.04180742788683788,0,0.5
SVM,1631,5,0,0.011026932511714108,0,0.5
SVM,1632,3,0,0.044948786896477085,0,0.5
SVM,1633,5,0,0.09751084181362445,0,0.5
SVM,1634,3,1,0.7631852868639666,1,0.5
SVM,1635,3,0,0.11109869372798234,0,0.5
SVM,1636,4,0,0.15270285296895136,0,0.5
SVM,1637,2,0,0.20873326507411408,0,0.5
SVM,1638,3,0,0.12799403697023634,0,0.5
SVM,1639,4,0,0.3512823562503735,0,0.5
SVM,1640,5,0,0.006212234365395548,0,0.5
SVM,1641,2,1,0.17905835626306027,0,0.5
SVM,1642,3,0,0.06152889757543607,0,0.5
SVM,1643,5,0,0.6408383122184587,1,0.5
SVM,1644,5,1,0.07218185894632347,0,0.5
SVM,1645,3,0,0.18279519275580494,0,0.5
SVM,1646,2,1,0.5165789370795616,1,0.5
SVM,1647,4,0,0.1011043010100166,0,0.5
SVM,1648,2,0,0.2853808874459096,0,0.5
SVM,1649,3,0,0.03782006574955124,0,0.5
SVM,1650,2,0,0.05411542578015346,0,0.5
SVM,1651,3,0,0.04039424405867967,0,0.5
SVM,1652,4,0,0.0845748441277439,0,0.5
SVM,1653,5,0,0.03289201853003206,0,0.5
SVM,1654,2,0,0.03654734771218977,0,0.5
SVM,1655,3,0,0.108170703951272,0,0.5
SVM,1656,5,0,0.43124082593533725,0,0.5
SVM,1657,3,0,0.0252915645738372,0,0.5
SVM,1658,3,0,0.25760568815271917,0,0.5
SVM,1659,3,0,0.2347976231718653,0,0.5
SVM,1660,3,0,0.241261424928598,0,0.5
SVM,1661,3,0,0.1569266907761197,0,0.5
SVM,1662,5,0,0.05655200944241676,0,0.5
SVM,1663,3,0,0.05960468199151889,0,0.5
SVM,1664,4,0,0.03729826074577088,0,0.5
SVM,1665,4,0,0.11244241670231821,0,0.5
SVM,1666,2,0,0.621141953891852,1,0.5
SVM,1667,3,0,0.6803950350469437,1,0.5
SVM,1668,5,1,0.8409423703427669,1,0.5
SVM,1669,3,1,0.4252009909515883,0,0.5
SVM,1670,3,1,0.8013901473289549,1,0.5
SVM,1671,3,1,0.6442053167514802,1,0.5
SVM,1672,4,1,0.7257901390920262,1,0.5
SVM,1673,3,0,0.4788297139885484,0,0.5
SVM,1674,4,1,0.6478600082368058,1,0.5
SVM,1675,3,0,0.5485522230006551,1,0.5
SVM,1676,3,0,0.6390715763261915,1,0.5
SVM,1677,3,1,0.5338129867163566,1,0.5
SVM,1678,3,0,0.6550010731887034,1,0.5
SVM,1679,3,1,0.34887568038514305,0,0.5
SVM,1680,3,1,0.3944477622054647,0,0.5
SVM,1681,3,1,0.45643271044742206,0,0.5
SVM,1682,3,1,0.3596821584656501,0,0.5
SVM,1683,3,1,0.8190498546648479,1,0.5
SVM,1684,3,1,0.5923023278942128,1,0.5
SVM,1685,3,1,0.539315618261842,1,0.5
SVM,1686,3,1,0.6702579242346445,1,0.5
SVM,1687,3,0,0.6166730765659509,1,0.5
SVM,1688,2,1,0.2886587014095592,0,0.5
SVM,1689,3,1,0.6988991511467779,1,0.5
SVM,1690,5,0,0.10734876138146049,0,0.5
SVM,1691,5,1,0.609228363019329,1,0.5
SVM,1692,2,1,0.661271261798623,1,0.5
SVM,1693,3,1,0.7294385356183888,1,0.5
SVM,1694,4,1,0.48630340014555634,0,0.5
SVM,1695,4,1,0.5554593125917522,1,0.5
SVM,1696,3,0,0.6379171994614782,1,0.5
SVM,1697,3,0,0.356821386812647,0,0.5
SVM,1698,3,1,0.43106875614451184,0,0.5
SVM,1699,4,0,0.05671666292640571,0,0.5
SVM,1700,3,1,0.060380928775635286,0,0.5
SVM,1701,4,1,0.17499690844596705,0,0.5
SVM,1702,3,0,0.07763480886650301,0,0.5
SVM,1703,3,0,0.10225142523779418,0,0.5
SVM,1704,3,0,0.0545154889365351,0,0.5
SVM,1705,2,0,0.03497918665067315,0,0.5
SVM,1706,3,0,0.39007671254363635,0,0.5
SVM,1707,2,0,0.15366514727965636,0,0.5
SVM,1708,2,0,0.07738123853917318,0,0.5
SVM,1709,2,0,0.5240366649400912,1,0.5
SVM,1710,4,0,0.2751245780376574,0,0.5
SVM,1711,3,0,0.30334834944718636,0,0.5
SVM,1712,4,0,0.17364383993807092,0,0.5
SVM,1713,3,1,0.19451500369744754,0,0.5
SVM,1714,5,0,0.10490679388969179,0,0.5
SVM,1715,5,0,0.0716786891012023,0,0.5
SVM,1716,4,0,0.09245647117806546,0,0.5
SVM,1717,3,1,0.7029726628568626,1,0.5
SVM,1718,3,0,0.4941393143742476,0,0.5
SVM,1719,3,1,0.3084017585113697,0,0.5
SVM,1720,2,0,0.5793221015298022,1,0.5
SVM,1721,2,1,0.04005866408246927,0,0.5
SVM,1722,3,0,0.5225992303604678,1,0.5
SVM,1723,4,0,0.05655949890998607,0,0.5
SVM,1724,3,0,0.270492494724668,0,0.5
SVM,1725,5,0,0.06710695548784106,0,0.5
SVM,1726,5,0,0.0596279308963632,0,0.5
SVM,1727,4,0,0.022804886393626978,0,0.5
SVM,1728,2,0,0.11798158431693764,0,0.5
SVM,1729,3,0,0.5,1,0.5
SVM,1730,5,1,0.1409929334019075,0,0.5
SVM,1731,2,0,0.05807776733013023,0,0.5
SVM,1732,5,0,0.06147115997561588,0,0.5
SVM,1733,3,0,0.19923838374147665,0,0.5
SVM,1734,3,0,0.29432076479491587,0,0.5
SVM,1735,3,0,0.28254699350728474,0,0.5
SVM,1736,3,0,0.12179996497218198,0,0.5
SVM,1737,3,1,0.12670590973801468,0,0.5
SVM,1738,5,0,0.04040695431061551,0,0.5
SVM,1739,3,0,0.013522874686654175,0,0.5
SVM,1740,3,0,0.07188044956979832,0,0.5
SVM,1741,3,0,0.4057588235969639,0,0.5
SVM,1742,3,0,0.36591296706835,0,0.5
SVM,1743,3,1,0.41493141485887497,0,0.5
SVM,1744,3,1,0.3129104546606292,0,0.5
SVM,1745,4,0,0.074785178427251,0,0.5
SVM,1746,2,0,0.05713952568075572,0,0.5
SVM,1747,3,0,0.12583144747555242,0,0.5
SVM,1748,5,1,0.5906450230288379,1,0.5
SVM,1749,3,0,0.37330163874509154,0,0.5
SVM,1750,3,0,0.639213477550451,1,0.5
SVM,1751,4,1,0.5317134005761103,1,0.5
SVM,1752,3,1,0.4709100994992756,0,0.5
SVM,1753,3,0,0.1406216566503101,0,0.5
SVM,1754,2,0,0.4567533802691535,0,0.5
SVM,1755,3,0,0.186432465814254,0,0.5
SVM,1756,2,0,0.2956318803200682,0,0.5
SVM,1757,4,0,0.3567623631999767,0,0.5
SVM,1758,2,0,0.060624454559640314,0,0.5
SVM,1759,5,1,0.03649389873820459,0,0.5
SVM,1760,2,0,0.36071597032220276,0,0.5
SVM,1761,5,0,0.061413196890168276,0,0.5
SVM,1762,2,0,0.050630725704100946,0,0.5
SVM,1763,5,0,0.16831649412026572,0,0.5
SVM,1764,5,0,0.037567501760614574,0,0.5
SVM,1765,3,0,0.15519219202953038,0,0.5
SVM,1766,3,0,0.16710655759993343,0,0.5
SVM,1767,4,0,0.3118710755748512,0,0.5
SVM,1768,3,0,0.5694498029864614,1,0.5
SVM,1769,3,0,0.057656118654210796,0,0.5
SVM,1770,5,0,0.04080890409125962,0,0.5
SVM,1771,3,0,0.07371632350693766,0,0.5
SVM,1772,4,0,0.06295890453119458,0,0.5
SVM,1773,5,0,0.0516242541033255,0,0.5
SVM,1774,4,0,0.04288211969694343,0,0.5
SVM,1775,2,0,0.037984461971780806,0,0.5
SVM,1776,4,0,0.1242349811589985,0,0.5
SVM,1777,2,0,0.04794544562817157,0,0.5
SVM,1778,5,0,0.018435058870127113,0,0.5
SVM,1779,2,0,0.14255902377298932,0,0.5
SVM,1780,3,0,0.19232636201110054,0,0.5
SVM,1781,4,0,0.14229962120210865,0,0.5
SVM,1782,5,0,0.023260485276577328,0,0.5
SVM,1783,2,0,0.13052484736855932,0,0.5
SVM,1784,3,0,0.16523241277916795,0,0.5
SVM,1785,3,0,0.24702217236278337,0,0.5
SVM,1786,3,0,0.2034517504193875,0,0.5
SVM,1787,3,0,0.045007145743517954,0,0.5
SVM,1788,3,0,0.08346249729122547,0,0.5
SVM,1789,5,0,0.030580085971446815,0,0.5
SVM,1790,5,0,0.030915168495118647,0,0.5
SVM,1791,5,0,0.021125863835558478,0,0.5
SVM,1792,3,0,0.03261538998664003,0,0.5
SVM,1793,3,0,0.03605764047218053,0,0.5
SVM,1794,3,0,0.07425871340895568,0,0.5
SVM,1795,2,0,0.23764062445767778,0,0.5
SVM,1796,2,0,0.04114270556914614,0,0.5
SVM,1797,3,0,0.07197094624292001,0,0.5
SVM,1798,5,0,0.07145042859812945,0,0.5
SVM,1799,3,1,0.3047342081441729,0,0.5
SVM,1800,3,0,0.4241677862637372,0,0.5
SVM,1801,3,0,0.29276574127494615,0,0.5
SVM,1802,3,1,0.2313980247779921,0,0.5
SVM,1803,3,0,0.05900970842269352,0,0.5
SVM,1804,4,0,0.09300227054750297,0,0.5
SVM,1805,4,0,0.03287136307549914,0,0.5
SVM,1806,4,0,0.25628304080216485,0,0.5
SVM,1807,3,0,0.08363325203210975,0,0.5
SVM,1808,3,0,0.09107846201486243,0,0.5
SVM,1809,5,0,0.04924902603322515,0,0.5
SVM,1810,2,0,0.01815891143696605,0,0.5
SVM,1811,5,0,0.013119583683732403,0,0.5
SVM,1812,3,1,0.3969883218786339,0,0.5
SVM,1813,3,1,0.344833370470567,0,0.5
SVM,1814,3,1,0.13674928927493707,0,0.5
SVM,1815,5,0,0.03229822116226612,0,0.5
SVM,1816,5,0,0.25548038182305877,0,0.5
SVM,1817,5,1,0.40181584835005285,0,0.5
SVM,1818,3,1,0.5795570248302081,1,0.5
SVM,1819,3,0,0.08998442373273163,0,0.5
SVM,1820,3,0,0.11353300160388499,0,0.5
SVM,1821,3,1,0.40310017620753674,0,0.5
SVM,1822,3,0,0.3225401041145957,0,0.5
SVM,1823,3,0,0.01482511281588542,0,0.5
SVM,1824,2,0,0.03957429981676883,0,0.5
SVM,1825,4,0,0.021396772440542246,0,0.5
SVM,1826,3,1,0.4469798564379751,0,0.5
SVM,1827,3,0,0.11948521929522571,0,0.5
SVM,1828,2,0,0.03194739502563484,0,0.5
SVM,1829,3,0,0.035808754146843993,0,0.5
SVM,1830,4,1,0.564090595304731,1,0.5
SVM,1831,5,0,0.033520773814403076,0,0.5
SVM,1832,5,1,0.679196131121301,1,0.5
SVM,1833,2,1,0.6001052526593665,1,0.5
SVM,1834,3,0,0.11043603549304808,0,0.5
SVM,1835,4,1,0.569069898608053,1,0.5
SVM,1836,4,0,0.064574127363577,0,0.5
SVM,1837,5,1,0.6850524085115939,1,0.5
SVM,1838,4,1,0.5863243285254705,1,0.5
SVM,1839,2,1,0.5450522595437952,1,0.5
SVM,1840,3,0,0.2837788095726103,0,0.5
SVM,1841,4,0,0.03974806903283436,0,0.5
SVM,1842,5,0,0.42205226676322466,0,0.5
SVM,1843,2,0,0.11841150841542225,0,0.5
SVM,1844,3,0,0.1473362519779327,0,0.5
SVM,1845,3,1,0.5320562262372959,1,0.5
SVM,1846,2,0,0.039273451360366356,0,0.5
SVM,1847,4,0,0.056302002103748305,0,0.5
SVM,1848,5,1,0.4617093313232411,0,0.5
SVM,1849,3,0,0.1877347164729739,0,0.5
SVM,1850,3,0,0.2212880261038406,0,0.5
SVM,1851,3,0,0.15283314685502225,0,0.5
SVM,1852,5,0,0.027525778484426226,0,0.5
SVM,1853,3,0,0.14196049896868207,0,0.5
SVM,1854,3,1,0.2151438168718312,0,0.5
SVM,1855,3,0,0.1245593656809903,0,0.5
SVM,1856,3,0,0.21089132047498627,0,0.5
SVM,1857,3,1,0.20379439404248872,0,0.5
SVM,1858,5,0,0.048775011885375835,0,0.5
SVM,1859,3,1,0.06664870260299632,0,0.5
SVM,1860,2,0,0.3360685453566205,0,0.5
SVM,1861,2,0,0.18233801867706403,0,0.5
SVM,1862,2,0,0.2966737537870463,0,0.5
SVM,1863,2,0,0.23432858217709268,0,0.5
SVM,1864,3,0,0.20606196427493367,0,0.5
SVM,1865,3,1,0.1793144929824599,0,0.5
SVM,1866,4,0,0.05218471819509685,0,0.5
SVM,1867,2,0,0.04775315701111967,0,0.5
SVM,1868,2,0,0.09695484351431759,0,0.5
SVM,1869,4,0,0.10404708191926997,0,0.5
SVM,1870,3,0,0.04621547653236399,0,0.5
SVM,1871,3,1,0.0262321834861943,0,0.5
SVM,1872,4,0,0.0475487712608706,0,0.5
SVM,1873,5,0,0.019695296810493958,0,0.5
SVM,1874,4,0,0.03188155615391501,0,0.5
SVM,1875,5,0,0.03265219196560287,0,0.5
SVM,1876,5,0,0.050424527969661626,0,0.5
SVM,1877,4,0,0.058564468506489144,0,0.5
SVM,1878,2,0,0.03300421444850974,0,0.5
SVM,1879,2,0,0.05679573924132405,0,0.5
SVM,1880,3,0,0.07789291562955274,0,0.5
SVM,1881,2,0,0.04683478359890564,0,0.5
SVM,1882,4,0,0.03580641090175773,0,0.5
SVM,1883,3,1,0.22617527962457942,0,0.5
SVM,1884,3,0,0.21036841472924442,0,0.5
SVM,1885,3,0,0.282780875639494,0,0.5
SVM,1886,5,1,0.6645914545129586,1,0.5
SVM,1887,4,0,0.021588073054901055,0,0.5
SVM,1888,5,0,0.030115316672075974,0,0.5
SVM,1889,3,0,0.17242069634076135,0,0.5
SVM,1890,5,0,0.06120182512425096,0,0.5
SVM,1891,2,0,0.15043421726553377,0,0.5
SVM,1892,2,0,0.11489416995329942,0,0.5
SVM,1893,5,1,0.020830516414569056,0,0.5
SVM,1894,2,0,0.039858768975856766,0,0.5
SVM,1895,3,0,0.04562430114282222,0,0.5
SVM,1896,2,0,0.06095010821379092,0,0.5
SVM,1897,3,0,0.24444166969645362,0,0.5
SVM,1898,2,0,0.041319597657938356,0,0.5
SVM,1899,4,0,0.06592777712352114,0,0.5
SVM,1900,2,0,0.0479219329819705,0,0.5
SVM,1901,3,1,0.26196354362386404,0,0.5
SVM,1902,4,0,0.06432578265642108,0,0.5
SVM,1903,3,0,0.02575775005230773,0,0.5
SVM,1904,4,0,0.021765323911394005,0,0.5
SVM,1905,5,0,0.010492536775754829,0,0.5
SVM,1906,2,0,0.11694894298349102,0,0.5
SVM,1907,2,0,0.5939732491070431,1,0.5
SVM,1908,3,0,0.017114712389410223,0,0.5
SVM,1909,4,0,0.08093084486900724,0,0.5
SVM,1910,4,0,0.0366624455420276,0,0.5
SVM,1911,4,0,0.0395365462609391,0,0.5
SVM,1912,3,0,0.009795247598884723,0,0.5
SVM,1913,3,0,0.058832142155948466,0,0.5
SVM,1914,2,0,0.3455370977911899,0,0.5
SVM,1915,4,0,0.07994825200139001,0,0.5
SVM,1916,4,0,0.07145438344599889,0,0.5
SVM,1917,4,0,0.15175427087569554,0,0.5
SVM,1918,4,0,0.07896246885495826,0,0.5
SVM,1919,2,0,0.023694200735960954,0,0.5
SVM,1920,5,0,0.08496036986561083,0,0.5
SVM,1921,4,1,0.045520988016083265,0,0.5
SVM,1922,3,0,0.02878781659370655,0,0.5
SVM,1923,3,0,0.006836158271392235,0,0.5
SVM,1924,3,0,0.024223725573667226,0,0.5
SVM,1925,3,0,0.01585117843173375,0,0.5
SVM,1926,3,0,0.03598524675742395,0,0.5
SVM,1927,3,0,0.04118014372484382,0,0.5
SVM,1928,3,0,0.05185627671156838,0,0.5
SVM,1929,3,0,0.034266537925613606,0,0.5
SVM,1930,3,0,0.03613902477162651,0,0.5
SVM,1931,3,0,0.03476392240345834,0,0.5
SVM,1932,3,0,0.08899337878411986,0,0.5
SVM,1933,3,0,0.061133715887788286,0,0.5
SVM,1934,5,0,0.012434085383431786,0,0.5
SVM,1935,3,0,0.03872206584564941,0,0.5
SVM,1936,3,0,0.04351610977708231,0,0.5
SVM,1937,3,0,0.05046635633467939,0,0.5
SVM,1938,4,0,0.21103103268823412,0,0.5
SVM,1939,3,1,0.31892464710746826,0,0.5
SVM,1940,5,0,0.04693152746341471,0,0.5
SVM,1941,2,0,0.05312162609275233,0,0.5
SVM,1942,3,0,0.021187149245556227,0,0.5
SVM,1943,4,0,0.011037908859473757,0,0.5
SVM,1944,5,0,0.01622961681292547,0,0.5
SVM,1945,2,0,0.011938338773319322,0,0.5
SVM,1946,3,0,0.008288658753641692,0,0.5
SVM,1947,5,0,0.02192116239217302,0,0.5
SVM,1948,3,0,0.07121684783789234,0,0.5
SVM,1949,4,1,0.27314488151257876,0,0.5
SVM,1950,4,0,0.048444446225689955,0,0.5
SVM,1951,5,0,0.042083052013897185,0,0.5
SVM,1952,5,0,0.042729938630130096,0,0.5
SVM,1953,2,0,0.051421108344069336,0,0.5
SVM,1954,3,0,0.013857112961471782,0,0.5
SVM,1955,3,0,0.01399051352086696,0,0.5
SVM,1956,2,0,0.0656506409403941,0,0.5
SVM,1957,2,0,0.06838621433821392,0,0.5
SVM,1958,3,1,0.1515651614370059,0,0.5
SVM,1959,4,0,0.0985040356787752,0,0.5
SVM,1960,5,0,0.19589544361364025,0,0.5
SVM,1961,2,0,0.11302662336792117,0,0.5
SVM,1962,2,1,0.07196592872287408,0,0.5
SVM,1963,5,0,0.08695277680785095,0,0.5
SVM,1964,2,0,0.02552373933434875,0,0.5
SVM,1965,4,0,0.035302416656880144,0,0.5
SVM,1966,4,0,0.019964260449675003,0,0.5
SVM,1967,2,0,0.018877947961864736,0,0.5
SVM,1968,5,0,0.014651754315619752,0,0.5
SVM,1969,2,0,0.012448619307761375,0,0.5
SVM,1970,5,0,0.019301518921720957,0,0.5
SVM,1971,3,0,0.24478745446666092,0,0.5
SVM,1972,3,0,0.2096624554269391,0,0.5
SVM,1973,3,1,0.15067710528373587,0,0.5
SVM,1974,3,0,0.25255736372033916,0,0.5
SVM,1975,5,0,0.009452911693076273,0,0.5
SVM,1976,4,0,0.013970133829602879,0,0.5
SVM,1977,4,0,0.05057022369946617,0,0.5
SVM,1978,3,0,0.1963150833607488,0,0.5
SVM,1979,4,0,0.057767698176029024,0,0.5
SVM,1980,2,0,0.060793522205494784,0,0.5
SVM,1981,5,0,0.03951455684948863,0,0.5
SVM,1982,4,0,0.2919536532641179,0,0.5
SVM,1983,4,0,0.01878616678208027,0,0.5
SVM,1984,4,0,0.014776105546968775,0,0.5
SVM,1985,4,0,0.07825156995663438,0,0.5
SVM,1986,4,0,0.04534791974685499,0,0.5
SVM,1987,4,0,0.06742674596863726,0,0.5
SVM,1988,2,0,0.01868150716419498,0,0.5
SVM,1989,4,0,0.06693199148816939,0,0.5
SVM,1990,3,0,0.05743488733536998,0,0.5
SVM,1991,3,0,0.0600551699405722,0,0.5
SVM,1992,4,0,0.19858407246124657,0,0.5
SVM,1993,3,0,0.06529265801218306,0,0.5
SVM,1994,5,0,0.038598896444155206,0,0.5
SVM,1995,3,0,0.04642555153941877,0,0.5
SVM,1996,2,0,0.0886196892556802,0,0.5
SVM,1997,5,0,0.0795517293645544,0,0.5
SVM,1998,2,0,0.13578842706768454,0,0.5
SVM,1999,5,0,0.07763113341632354,0,0.5
SVM,2000,5,0,0.03186717628214369,0,0.5
SVM,2001,4,0,0.16390164914993302,0,0.5
SVM,2002,3,0,0.12547512328253552,0,0.5
SVM,2003,5,0,0.04781005597794885,0,0.5
SVM,2004,4,0,0.04655680926933839,0,0.5
SVM,2005,3,0,0.1237515650046555,0,0.5
SVM,2006,4,0,0.3071712051949662,0,0.5
SVM,2007,2,1,0.09928978893790882,0,0.5
SVM,2008,2,0,0.008866664569669147,0,0.5
SVM,2009,3,0,0.016219392590887307,0,0.5
SVM,2010,4,0,0.023147628032446937,0,0.5
SVM,2011,5,0,0.04334450705616599,0,0.5
SVM,2012,3,0,0.14187623691360102,0,0.5
SVM,2013,4,0,0.20612085986361894,0,0.5
SVM,2014,4,0,0.061994939398377774,0,0.5
SVM,2015,4,0,0.03677967909862802,0,0.5
SVM,2016,2,0,0.04332848154686676,0,0.5
SVM,2017,4,0,0.06395673409696163,0,0.5
SVM,2018,2,0,0.021374947965384295,0,0.5
SVM,2019,5,0,0.0084642224009799,0,0.5
SVM,2020,4,0,0.13328115619143371,0,0.5
SVM,2021,4,0,0.04633320211147871,0,0.5
SVM,2022,3,0,0.26006109343426603,0,0.5
SVM,2023,3,0,0.13956460444775487,0,0.5
SVM,2024,3,0,0.13086652950935768,0,0.5
SVM,2025,3,0,0.14144261492971624,0,0.5
SVM,2026,2,0,0.030914869610889725,0,0.5
SVM,2027,4,0,0.035454164003922435,0,0.5
SVM,2028,4,0,0.043724342208072926,0,0.5
SVM,2029,3,0,0.056247600331225674,0,0.5
SVM,2030,3,0,0.02367627264679168,0,0.5
SVM,2031,5,0,0.05871419766254541,0,0.5
SVM,2032,4,1,0.04672931997730621,0,0.5
SVM,2033,4,1,0.0479503129875114,0,0.5
SVM,2034,4,1,0.027524915013676116,0,0.5
SVM,2035,2,0,0.05507949761468799,0,0.5
SVM,2036,2,0,0.08479097992432397,0,0.5
SVM,2037,4,0,0.2928553623918256,0,0.5
SVM,2038,5,0,0.11182300258858326,0,0.5
SVM,2039,2,0,0.09245673643004422,0,0.5
SVM,2040,5,0,0.11716910928408196,0,0.5
SVM,2041,3,0,0.3061864729651353,0,0.5
SVM,2042,4,0,0.36320989282375093,0,0.5
SVM,2043,3,0,0.09123307942979544,0,0.5
SVM,2044,3,0,0.0553070643026436,0,0.5
SVM,2045,3,0,0.20504416980165852,0,0.5
SVM,2046,3,1,0.07784316429395981,0,0.5
SVM,2047,3,1,0.1724262582792273,0,0.5
SVM,2048,4,0,0.2622819901021902,0,0.5
SVM,2049,3,1,0.6272556701904873,1,0.5
SVM,2050,2,0,0.06399106429008036,0,0.5
SVM,2051,4,0,0.27753249867446084,0,0.5
SVM,2052,2,1,0.2245965191146805,0,0.5
SVM,2053,5,0,0.18521888160267025,0,0.5
SVM,2054,3,0,0.12093513510318603,0,0.5
SVM,2055,3,0,0.06385787456713174,0,0.5
SVM,2056,3,0,0.13057338717187297,0,0.5
SVM,2057,4,0,0.06930438565693763,0,0.5
SVM,2058,5,0,0.03733187768437801,0,0.5
SVM,2059,3,0,0.03583481775302156,0,0.5
SVM,2060,2,0,0.03219917565928611,0,0.5
SVM,2061,4,0,0.1380710431676585,0,0.5
SVM,2062,5,0,0.0954805772826752,0,0.5
SVM,2063,4,0,0.1691545344477829,0,0.5
SVM,2064,3,0,0.06960752821259433,0,0.5
SVM,2065,3,0,0.17010547773177007,0,0.5
SVM,2066,3,0,0.6098614314222833,1,0.5
SVM,2067,3,0,0.5,1,0.5
SVM,2068,5,0,0.0598016675723213,0,0.5
SVM,2069,2,0,0.059950268438722955,0,0.5
SVM,2070,5,0,0.0299268858523372,0,0.5
SVM,2071,3,0,0.38940071926956166,0,0.5
SVM,2072,3,0,0.12576343615274502,0,0.5
SVM,2073,3,0,0.05340406315451879,0,0.5
SVM,2074,2,0,0.0562805475700009,0,0.5
SVM,2075,3,0,0.05190586251436014,0,0.5
SVM,2076,3,0,0.04719328947613936,0,0.5
SVM,2077,5,0,0.014942982604495019,0,0.5
SVM,2078,2,0,0.023757366120800785,0,0.5
SVM,2079,4,0,0.07332543373439895,0,0.5
SVM,2080,4,0,0.06385593377531544,0,0.5
SVM,2081,3,0,0.055748553335431564,0,0.5
SVM,2082,4,0,0.05383943923273112,0,0.5
SVM,2083,3,0,0.17794185096234733,0,0.5
SVM,2084,3,0,0.053731539196593014,0,0.5
SVM,2085,3,0,0.09704065247454124,0,0.5
SVM,2086,5,0,0.06413256664720617,0,0.5
SVM,2087,5,0,0.04619427125103111,0,0.5
SVM,2088,4,0,0.08627668669497959,0,0.5
SVM,2089,3,0,0.2060613738361367,0,0.5
SVM,2090,4,0,0.06977620587075861,0,0.5
SVM,2091,5,0,0.05789745868129312,0,0.5
SVM,2092,5,0,0.05259892368213984,0,0.5
SVM,2093,2,0,0.2490352577280495,0,0.5
SVM,2094,2,0,0.19712502809719834,0,0.5
SVM,2095,4,0,0.34856494259465826,0,0.5
SVM,2096,3,1,0.28306952529279955,0,0.5
SVM,2097,5,0,0.0790904345455635,0,0.5
SVM,2098,2,1,0.6921171974756316,1,0.5
SVM,2099,5,0,0.027792172166582356,0,0.5
SVM,2100,5,1,0.3181139498308363,0,0.5
SVM,2101,5,1,0.42211721399922547,0,0.5
SVM,2102,4,0,0.053266255691555,0,0.5
SVM,2103,4,0,0.09983418862459884,0,0.5
SVM,2104,2,1,0.8336828787197784,1,0.5
SVM,2105,4,0,0.13164563454242323,0,0.5
SVM,2106,2,0,0.08632044818361274,0,0.5
SVM,2107,3,0,0.1838867430314791,0,0.5
SVM,2108,3,1,0.08003684518066292,0,0.5
SVM,2109,3,1,0.0991262058450931,0,0.5
SVM,2110,3,1,0.1030742664916639,0,0.5
SVM,2111,4,0,0.32136208693540536,0,0.5
SVM,2112,4,0,0.3307811090165841,0,0.5
SVM,2113,3,0,0.17574314335823205,0,0.5
SVM,2114,2,0,0.29264590263374457,0,0.5
SVM,2115,2,0,0.30826708032953665,0,0.5
SVM,2116,3,1,0.04903374411028975,0,0.5
SVM,2117,3,1,0.15141005347267975,0,0.5
SVM,2118,3,1,0.1481397756424129,0,0.5
SVM,2119,3,0,0.10501659309180995,0,0.5
SVM,2120,2,0,0.21639015947321658,0,0.5
SVM,2121,4,0,0.2607568512306732,0,0.5
SVM,2122,3,1,0.17959863668324755,0,0.5
SVM,2123,3,0,0.032092816336867495,0,0.5
SVM,2124,3,1,0.14319745065081857,0,0.5
SVM,2125,3,1,0.08080702885907637,0,0.5
SVM,2126,5,1,0.4266297954084671,0,0.5
SVM,2127,3,0,0.3697198165770795,0,0.5
SVM,2128,2,0,0.4266525175641363,0,0.5
SVM,2129,2,0,0.13634870173218164,0,0.5
SVM,2130,3,0,0.2122910137056537,0,0.5
SVM,2131,3,0,0.19685344216366504,0,0.5
SVM,2132,2,0,0.06175570155336126,0,0.5
SVM,2133,5,0,0.039780816574707334,0,0.5
SVM,2134,5,0,0.1270237390083915,0,0.5
SVM,2135,3,0,0.09986688931859355,0,0.5
SVM,2136,3,0,0.206850950136435,0,0.5
SVM,2137,4,0,0.44995222653174866,0,0.5
SVM,2138,3,0,0.0543510115360902,0,0.5
SVM,2139,5,0,0.0569532617481261,0,0.5
SVM,2140,4,0,0.0784297757409278,0,0.5
SVM,2141,5,0,0.050271440155576975,0,0.5
SVM,2142,3,0,0.22229236193685675,0,0.5
SVM,2143,2,0,0.054625668671244076,0,0.5
SVM,2144,3,0,0.12371101727646665,0,0.5
SVM,2145,2,1,0.6068586290939362,1,0.5
SVM,2146,4,0,0.27102749552076405,0,0.5
SVM,2147,5,0,0.04903827010252572,0,0.5
SVM,2148,4,0,0.028862919820165735,0,0.5
SVM,2149,2,0,0.155726911678385,0,0.5
SVM,2150,3,0,0.026985815406549905,0,0.5
SVM,2151,5,0,0.09816672559113851,0,0.5
SVM,2152,3,0,0.1464285803718258,0,0.5
SVM,2153,4,0,0.10877857317740262,0,0.5
SVM,2154,3,0,0.011207993435983296,0,0.5
SVM,2155,3,0,0.06998731792304046,0,0.5
SVM,2156,5,1,0.47940904044065713,0,0.5
SVM,2157,3,0,0.1701744082950591,0,0.5
SVM,2158,2,0,0.35832731043108107,0,0.5
SVM,2159,2,0,0.13661594081737413,0,0.5
SVM,2160,5,0,0.11534265225398604,0,0.5
SVM,2161,4,0,0.19701266264664424,0,0.5
SVM,2162,3,0,0.15556327173544132,0,0.5
SVM,2163,4,0,0.4882966470621508,0,0.5
SVM,2164,3,0,0.6160344347815954,1,0.5
SVM,2165,5,0,0.21172266387187824,0,0.5
SVM,2166,3,1,0.4563588208051965,0,0.5
SVM,2167,3,1,0.3378469594202205,0,0.5
RandomForest,0,3,0,0.28,0,0.5
RandomForest,1,3,1,0.16,0,0.5
RandomForest,2,5,0,0.37,0,0.5
RandomForest,3,3,1,0.46,0,0.5
RandomForest,4,2,0,0.42,0,0.5
RandomForest,5,4,0,0.23,0,0.5
RandomForest,6,3,0,0.22,0,0.5
RandomForest,7,2,1,0.46,0,0.5
RandomForest,8,3,1,0.29,0,0.5
RandomForest,9,2,0,0.27,0,0.5
RandomForest,10,3,0,0.13,0,0.5
RandomForest,11,4,0,0.17,0,0.5
RandomForest,12,3,0,0.16,0,0.5
RandomForest,13,2,1,0.26,0,0.5
RandomForest,14,5,1,0.49,0,0.5
RandomForest,15,2,0,0.09,0,0.5
RandomForest,16,3,0,0.07,0,0.5
RandomForest,17,4,0,0.01,0,0.5
RandomForest,18,3,0,0.06,0,0.5
RandomForest,19,4,0,0.13,0,0.5
RandomForest,20,2,1,0.36,0,0.5
RandomForest,21,5,0,0.18,0,0.5
RandomForest,22,4,0,0.1,0,0.5
RandomForest,23,3,0,0.07,0,0.5
RandomForest,24,4,1,0.11,0,0.5
RandomForest,25,4,0,0.09,0,0.5
RandomForest,26,5,0,0.07,0,0.5
RandomForest,27,4,0,0.12,0,0.5
RandomForest,28,3,0,0.12,0,0.5
RandomForest,29,5,0,0.03,0,0.5
RandomForest,30,2,0,0.18,0,0.5
RandomForest,31,3,0,0.09,0,0.5
RandomForest,32,3,1,0.3,0,0.5
RandomForest,33,2,1,0.19,0,0.5
RandomForest,34,5,1,0.28,0,0.5
RandomForest,35,3,1,0.35,0,0.5
RandomForest,36,4,0,0.59,1,0.5
RandomForest,37,5,0,0.02,0,0.5
RandomForest,38,5,0,0.67,1,0.5
RandomForest,39,2,0,0.27,0,0.5
RandomForest,40,3,0,0.12,0,0.5
RandomForest,41,4,0,0.12,0,0.5
RandomForest,42,2,0,0.14,0,0.5
RandomForest,43,5,0,0.12,0,0.5
RandomForest,44,5,0,0.16,0,0.5
RandomForest,45,2,0,0.18,0,0.5
RandomForest,46,3,0,0.14,0,0.5
RandomForest,47,3,0,0.04,0,0.5
RandomForest,48,4,0,0.04,0,0.5
RandomForest,49,5,0,0.01,0,0.5
RandomForest,50,4,0,0.35,0,0.5
RandomForest,51,5,0,0.18,0,0.5
RandomForest,52,3,0,0.67,1,0.5
RandomForest,53,2,0,0.34,0,0.5
RandomForest,54,3,1,0.19,0,0.5
RandomForest,55,4,0,0.18,0,0.5
RandomForest,56,5,0,0.06,0,0.5
RandomForest,57,5,0,0.3,0,0.5
RandomForest,58,3,0,0.14,0,0.5
RandomForest,59,2,0,0.27,0,0.5
RandomForest,60,4,0,0.04,0,0.5
RandomForest,61,4,0,0.1,0,0.5
RandomForest,62,5,0,0.04,0,0.5
RandomForest,63,3,0,0.09,0,0.5
RandomForest,64,5,0,0.08,0,0.5
RandomForest,65,3,0,0.21,0,0.5
RandomForest,66,2,0,0.37,0,0.5
RandomForest,67,4,0,0.05,0,0.5
RandomForest,68,4,0,0.27,0,0.5
RandomForest,69,5,0,0.11,0,0.5
RandomForest,70,3,0,0.09,0,0.5
RandomForest,71,2,0,0.3,0,0.5
RandomForest,72,3,0,0.06,0,0.5
RandomForest,73,4,0,0.13,0,0.5
RandomForest,74,2,0,0.36,0,0.5
RandomForest,75,2,0,0.13,0,0.5
RandomForest,76,3,1,0.1,0,0.5
RandomForest,77,3,0,0.22,0,0.5
RandomForest,78,3,0,0.46,0,0.5
RandomForest,79,5,0,0.15,0,0.5
RandomForest,80,3,0,0.15,0,0.5
RandomForest,81,3,0,0.29,0,0.5
RandomForest,82,3,0,0.15,0,0.5
RandomForest,83,2,0,0.1,0,0.5
RandomForest,84,3,0,0.16,0,0.5
RandomForest,85,5,0,0.15,0,0.5
RandomForest,86,2,0,0.09,0,0.5
RandomForest,87,4,1,0.54,1,0.5
RandomForest,88,4,0,0.19,0,0.5
RandomForest,89,3,0,0.05,0,0.5
RandomForest,90,3,0,0.04,0,0.5
RandomForest,91,2,0,0.1,0,0.5
RandomForest,92,4,1,0.54,1,0.5
RandomForest,93,5,0,0.04,0,0.5
RandomForest,94,2,0,0.2,0,0.5
RandomForest,95,3,0,0.19,0,0.5
RandomForest,96,2,0,0.05,0,0.5
RandomForest,97,3,0,0.31,0,0.5
RandomForest,98,5,0,0.08,0,0.5
RandomForest,99,2,0,0.08,0,0.5
RandomForest,100,4,0,0.21,0,0.5
RandomForest,101,2,0,0.04,0,0.5
RandomForest,102,3,0,0.1,0,0.5
RandomForest,103,4,0,0.03,0,0.5
RandomForest,104,5,0,0.02,0,0.5
RandomForest,105,3,0,0.11,0,0.5
RandomForest,106,3,0,0.35,0,0.5
RandomForest,107,5,0,0.08,0,0.5
RandomForest,108,3,0,0.06,0,0.5
RandomForest,109,4,0,0.01,0,0.5
RandomForest,110,5,0,0.0,0,0.5
RandomForest,111,2,0,0.0,0,0.5
RandomForest,112,3,0,0.0,0,0.5
RandomForest,113,4,0,0.01,0,0.5
RandomForest,114,5,0,0.33,0,0.5
RandomForest,115,5,0,0.03,0,0.5
RandomForest,116,2,0,0.04,0,0.5
RandomForest,117,3,0,0.01,0,0.5
RandomForest,118,4,1,0.23,0,0.5
RandomForest,119,5,1,0.07,0,0.5
RandomForest,120,3,1,0.23,0,0.5
RandomForest,121,3,0,0.17,0,0.5
RandomForest,122,4,0,0.04,0,0.5
RandomForest,123,2,0,0.24,0,0.5
RandomForest,124,2,0,0.24,0,0.5
RandomForest,125,4,0,0.57,1,0.5
RandomForest,126,3,0,0.22,0,0.5
RandomForest,127,2,0,0.07,0,0.5
RandomForest,128,4,1,0.25,0,0.5
RandomForest,129,5,1,0.16,0,0.5
RandomForest,130,3,0,0.18,0,0.5
RandomForest,131,3,0,0.23,0,0.5
RandomForest,132,5,0,0.08,0,0.5
RandomForest,133,3,0,0.2,0,0.5
RandomForest,134,3,0,0.12,0,0.5
RandomForest,135,3,0,0.14,0,0.5
RandomForest,136,3,0,0.44,0,0.5
RandomForest,137,3,0,0.06,0,0.5
RandomForest,138,3,0,0.13,0,0.5
RandomForest,139,2,0,0.06,0,0.5
RandomForest,140,4,0,0.15,0,0.5
RandomForest,141,4,0,0.36,0,0.5
RandomForest,142,5,0,0.09,0,0.5
RandomForest,143,3,0,0.09,0,0.5
RandomForest,144,2,0,0.02,0,0.5
RandomForest,145,4,0,0.08,0,0.5
RandomForest,146,5,0,0.02,0,0.5
RandomForest,147,3,0,0.0,0,0.5
RandomForest,148,2,0,0.01,0,0.5
RandomForest,149,3,0,0.05,0,0.5
RandomForest,150,4,0,0.0,0,0.5
RandomForest,151,5,0,0.02,0,0.5
RandomForest,152,2,0,0.0,0,0.5
RandomForest,153,5,0,0.0,0,0.5
RandomForest,154,3,0,0.01,0,0.5
RandomForest,155,5,0,0.01,0,0.5
RandomForest,156,2,0,0.0,0,0.5
RandomForest,157,3,0,0.01,0,0.5
RandomForest,158,5,0,0.07,0,0.5
RandomForest,159,5,1,0.23,0,0.5
RandomForest,160,2,0,0.03,0,0.5
RandomForest,161,3,1,0.18,0,0.5
RandomForest,162,3,0,0.12,0,0.5
RandomForest,163,3,0,0.1,0,0.5
RandomForest,164,3,0,0.06,0,0.5
RandomForest,165,3,0,0.07,0,0.5
RandomForest,166,5,0,0.11,0,0.5
RandomForest,167,5,0,0.12,0,0.5
RandomForest,168,2,0,0.04,0,0.5
RandomForest,169,2,0,0.05,0,0.5
RandomForest,170,4,0,0.07,0,0.5
RandomForest,171,4,0,0.17,0,0.5
RandomForest,172,4,0,0.45,0,0.5
RandomForest,173,4,0,0.37,0,0.5
RandomForest,174,5,0,0.01,0,0.5
RandomForest,175,2,0,0.0,0,0.5
RandomForest,176,3,0,0.0,0,0.5
RandomForest,177,3,0,0.41,0,0.5
RandomForest,178,4,0,0.04,0,0.5
RandomForest,179,5,0,0.35,0,0.5
RandomForest,180,4,0,0.2,0,0.5
RandomForest,181,4,0,0.11,0,0.5
RandomForest,182,2,0,0.09,0,0.5
RandomForest,183,4,0,0.0,0,0.5
RandomForest,184,5,0,0.07,0,0.5
RandomForest,185,2,1,0.09,0,0.5
RandomForest,186,4,0,0.13,0,0.5
RandomForest,187,3,0,0.04,0,0.5
RandomForest,188,3,0,0.1,0,0.5
RandomForest,189,2,0,0.09,0,0.5
RandomForest,190,3,0,0.11,0,0.5
RandomForest,191,2,1,0.31,0,0.5
RandomForest,192,3,0,0.06,0,0.5
RandomForest,193,5,0,0.06,0,0.5
RandomForest,194,2,0,0.01,0,0.5
RandomForest,195,5,1,0.17,0,0.5
RandomForest,196,2,0,0.06,0,0.5
RandomForest,197,4,0,0.08,0,0.5
RandomForest,198,3,0,0.07,0,0.5
RandomForest,199,3,0,0.1,0,0.5
RandomForest,200,4,1,0.2,0,0.5
RandomForest,201,2,0,0.04,0,0.5
RandomForest,202,2,1,0.33,0,0.5
RandomForest,203,2,0,0.15,0,0.5
RandomForest,204,2,0,0.13,0,0.5
RandomForest,205,3,0,0.11,0,0.5
RandomForest,206,4,0,0.1,0,0.5
RandomForest,207,3,0,0.1,0,0.5
RandomForest,208,4,0,0.28,0,0.5
RandomForest,209,2,1,0.65,1,0.5
RandomForest,210,3,0,0.4,0,0.5
RandomForest,211,4,1,0.7,1,0.5
RandomForest,212,3,1,0.36,0,0.5
RandomForest,213,4,0,0.23,0,0.5
RandomForest,214,5,0,0.24,0,0.5
RandomForest,215,2,1,0.35,0,0.5
RandomForest,216,4,0,0.05,0,0.5
RandomForest,217,2,0,0.29,0,0.5
RandomForest,218,3,1,0.48,0,0.5
RandomForest,219,4,1,0.21,0,0.5
RandomForest,220,2,1,0.17,0,0.5
RandomForest,221,2,1,0.34,0,0.5
RandomForest,222,3,0,0.35,0,0.5
RandomForest,223,2,0,0.33,0,0.5
RandomForest,224,3,1,0.4,0,0.5
RandomForest,225,2,0,0.29,0,0.5
RandomForest,226,3,1,0.53,1,0.5
RandomForest,227,3,0,0.04,0,0.5
RandomForest,228,2,1,0.11,0,0.5
RandomForest,229,3,0,0.13,0,0.5
RandomForest,230,2,0,0.13,0,0.5
RandomForest,231,3,0,0.08,0,0.5
RandomForest,232,4,0,0.05,0,0.5
RandomForest,233,5,1,0.32,0,0.5
RandomForest,234,3,0,0.25,0,0.5
RandomForest,235,3,0,0.09,0,0.5
RandomForest,236,2,0,0.07,0,0.5
RandomForest,237,4,0,0.04,0,0.5
RandomForest,238,3,1,0.22,0,0.5
RandomForest,239,4,0,0.05,0,0.5
RandomForest,240,2,0,0.08,0,0.5
RandomForest,241,4,0,0.05,0,0.5
RandomForest,242,3,0,0.35,0,0.5
RandomForest,243,3,0,0.15,0,0.5
RandomForest,244,2,0,0.14,0,0.5
RandomForest,245,3,0,0.13,0,0.5
RandomForest,246,3,0,0.36,0,0.5
RandomForest,247,3,0,0.15,0,0.5
RandomForest,248,2,1,0.18,0,0.5
RandomForest,249,5,0,0.18,0,0.5
RandomForest,250,3,0,0.06,0,0.5
RandomForest,251,3,0,0.08,0,0.5
RandomForest,252,3,0,0.22,0,0.5
RandomForest,253,4,0,0.15,0,0.5
RandomForest,254,3,0,0.19,0,0.5
RandomForest,255,5,0,0.05,0,0.5
RandomForest,256,2,0,0.28,0,0.5
RandomForest,257,5,0,0.23,0,0.5
RandomForest,258,5,0,0.1,0,0.5
RandomForest,259,2,0,0.04,0,0.5
RandomForest,260,4,0,0.02,0,0.5
RandomForest,261,3,0,0.07,0,0.5
RandomForest,262,2,0,0.04,0,0.5
RandomForest,263,3,0,0.04,0,0.5
RandomForest,264,3,0,0.16,0,0.5
RandomForest,265,5,0,0.03,0,0.5
RandomForest,266,3,0,0.25,0,0.5
RandomForest,267,3,0,0.0,0,0.5
RandomForest,268,3,0,0.25,0,0.5
RandomForest,269,3,1,0.26,0,0.5
RandomForest,270,3,0,0.14,0,0.5
RandomForest,271,3,0,0.15,0,0.5
RandomForest,272,5,1,0.14,0,0.5
RandomForest,273,4,0,0.14,0,0.5
RandomForest,274,5,0,0.01,0,0.5
RandomForest,275,2,0,0.04,0,0.5
RandomForest,276,3,0,0.03,0,0.5
RandomForest,277,3,0,0.03,0,0.5
RandomForest,278,3,0,0.09,0,0.5
RandomForest,279,3,1,0.02,0,0.5
RandomForest,280,2,0,0.12,0,0.5
RandomForest,281,3,0,0.06,0,0.5
RandomForest,282,3,0,0.08,0,0.5
RandomForest,283,2,0,0.06,0,0.5
RandomForest,284,4,0,0.16,0,0.5
RandomForest,285,2,0,0.14,0,0.5
RandomForest,286,5,1,0.07,0,0.5
RandomForest,287,3,0,0.16,0,0.5
RandomForest,288,4,0,0.48,0,0.5
RandomForest,289,5,0,0.07,0,0.5
RandomForest,290,3,0,0.02,0,0.5
RandomForest,291,2,1,0.52,1,0.5
RandomForest,292,3,0,0.26,0,0.5
RandomForest,293,4,0,0.18,0,0.5
RandomForest,294,5,0,0.26,0,0.5
RandomForest,295,2,0,0.22,0,0.5
RandomForest,296,5,0,0.01,0,0.5
RandomForest,297,3,0,0.29,0,0.5
RandomForest,298,2,0,0.16,0,0.5
RandomForest,299,3,0,0.09,0,0.5
RandomForest,300,4,1,0.18,0,0.5
RandomForest,301,5,0,0.28,0,0.5
RandomForest,302,5,0,0.09,0,0.5
RandomForest,303,2,0,0.1,0,0.5
RandomForest,304,5,0,0.12,0,0.5
RandomForest,305,3,0,0.06,0,0.5
RandomForest,306,3,0,0.14,0,0.5
RandomForest,307,3,1,0.03,0,0.5
RandomForest,308,3,0,0.1,0,0.5
RandomForest,309,3,0,0.0,0,0.5
RandomForest,310,3,0,0.04,0,0.5
RandomForest,311,4,0,0.0,0,0.5
RandomForest,312,5,0,0.04,0,0.5
RandomForest,313,5,0,0.06,0,0.5
RandomForest,314,5,0,0.15,0,0.5
RandomForest,315,3,0,0.17,0,0.5
RandomForest,316,3,0,0.1,0,0.5
RandomForest,317,5,0,0.04,0,0.5
RandomForest,318,3,1,0.06,0,0.5
RandomForest,319,5,0,0.1,0,0.5
RandomForest,320,3,0,0.05,0,0.5
RandomForest,321,3,1,0.04,0,0.5
RandomForest,322,3,1,0.05,0,0.5
RandomForest,323,4,0,0.02,0,0.5
RandomForest,324,4,0,0.02,0,0.5
RandomForest,325,4,0,0.1,0,0.5
RandomForest,326,5,0,0.09,0,0.5
RandomForest,327,3,0,0.06,0,0.5
RandomForest,328,2,0,0.01,0,0.5
RandomForest,329,2,0,0.04,0,0.5
RandomForest,330,3,1,0.1,0,0.5
RandomForest,331,4,0,0.25,0,0.5
RandomForest,332,3,0,0.17,0,0.5
RandomForest,333,2,0,0.08,0,0.5
RandomForest,334,3,0,0.16,0,0.5
RandomForest,335,2,0,0.15,0,0.5
RandomForest,336,5,0,0.41,0,0.5
RandomForest,337,2,0,0.34,0,0.5
RandomForest,338,3,1,0.24,0,0.5
RandomForest,339,3,0,0.17,0,0.5
RandomForest,340,4,0,0.14,0,0.5
RandomForest,341,5,0,0.05,0,0.5
RandomForest,342,3,0,0.04,0,0.5
RandomForest,343,3,0,0.05,0,0.5
RandomForest,344,2,0,0.26,0,0.5
RandomForest,345,5,1,0.23,0,0.5
RandomForest,346,5,0,0.05,0,0.5
RandomForest,347,5,0,0.09,0,0.5
RandomForest,348,4,0,0.11,0,0.5
RandomForest,349,3,0,0.07,0,0.5
RandomForest,350,2,0,0.07,0,0.5
RandomForest,351,3,0,0.17,0,0.5
RandomForest,352,5,0,0.09,0,0.5
RandomForest,353,3,0,0.12,0,0.5
RandomForest,354,3,0,0.1,0,0.5
RandomForest,355,3,0,0.01,0,0.5
RandomForest,356,3,0,0.02,0,0.5
RandomForest,357,4,0,0.32,0,0.5
RandomForest,358,3,0,0.06,0,0.5
RandomForest,359,5,0,0.12,0,0.5
RandomForest,360,3,0,0.1,0,0.5
RandomForest,361,3,0,0.04,0,0.5
RandomForest,362,3,0,0.12,0,0.5
RandomForest,363,3,0,0.08,0,0.5
RandomForest,364,3,1,0.36,0,0.5
RandomForest,365,4,0,0.03,0,0.5
RandomForest,366,3,1,0.23,0,0.5
RandomForest,367,3,0,0.09,0,0.5
RandomForest,368,2,0,0.37,0,0.5
RandomForest,369,2,0,0.62,1,0.5
RandomForest,370,3,0,0.02,0,0.5
RandomForest,371,5,0,0.16,0,0.5
RandomForest,372,3,0,0.03,0,0.5
RandomForest,373,2,0,0.06,0,0.5
RandomForest,374,3,1,0.44,0,0.5
RandomForest,375,4,0,0.0,0,0.5
RandomForest,376,4,0,0.45,0,0.5
RandomForest,377,2,0,0.24,0,0.5
RandomForest,378,3,1,0.25,0,0.5
RandomForest,379,4,0,0.1,0,0.5
RandomForest,380,3,0,0.1,0,0.5
RandomForest,381,5,1,0.29,0,0.5
RandomForest,382,5,0,0.1,0,0.5
RandomForest,383,2,0,0.1,0,0.5
RandomForest,384,3,0,0.06,0,0.5
RandomForest,385,3,0,0.05,0,0.5
RandomForest,386,4,0,0.04,0,0.5
RandomForest,387,3,0,0.07,0,0.5
RandomForest,388,3,0,0.16,0,0.5
RandomForest,389,3,0,0.11,0,0.5
RandomForest,390,4,0,0.06,0,0.5
RandomForest,391,2,0,0.05,0,0.5
RandomForest,392,3,0,0.31,0,0.5
RandomForest,393,3,0,0.08,0,0.5
RandomForest,394,3,1,0.48,0,0.5
RandomForest,395,3,0,0.1,0,0.5
RandomForest,396,3,0,0.13,0,0.5
RandomForest,397,3,0,0.09,0,0.5
RandomForest,398,3,0,0.34,0,0.5
RandomForest,399,3,0,0.09,0,0.5
RandomForest,400,3,0,0.24,0,0.5
RandomForest,401,4,0,0.08,0,0.5
RandomForest,402,5,0,0.07,0,0.5
RandomForest,403,2,0,0.03,0,0.5
RandomForest,404,4,0,0.19,0,0.5
RandomForest,405,4,0,0.23,0,0.5
RandomForest,406,3,0,0.23,0,0.5
RandomForest,407,3,0,0.04,0,0.5
RandomForest,408,3,0,0.04,0,0.5
RandomForest,409,5,0,0.06,0,0.5
RandomForest,410,3,0,0.14,0,0.5
RandomForest,411,5,1,0.01,0,0.5
RandomForest,412,2,0,0.43,0,0.5
RandomForest,413,4,0,0.09,0,0.5
RandomForest,414,3,0,0.0,0,0.5
RandomForest,415,5,0,0.02,0,0.5
RandomForest,416,4,0,0.0,0,0.5
RandomForest,417,3,0,0.01,0,0.5
RandomForest,418,4,0,0.0,0,0.5
RandomForest,419,5,0,0.11,0,0.5
RandomForest,420,4,0,0.01,0,0.5
RandomForest,421,2,0,0.0,0,0.5
RandomForest,422,3,0,0.0,0,0.5
RandomForest,423,3,0,0.01,0,0.5
RandomForest,424,3,0,0.05,0,0.5
RandomForest,425,5,0,0.0,0,0.5
RandomForest,426,4,0,0.0,0,0.5
RandomForest,427,5,0,0.04,0,0.5
RandomForest,428,3,0,0.05,0,0.5
RandomForest,429,2,0,0.0,0,0.5
RandomForest,430,3,0,0.0,0,0.5
RandomForest,431,4,0,0.07,0,0.5
RandomForest,432,2,0,0.02,0,0.5
RandomForest,433,3,0,0.03,0,0.5
RandomForest,434,4,0,0.03,0,0.5
RandomForest,435,5,0,0.07,0,0.5
RandomForest,436,3,0,0.03,0,0.5
RandomForest,437,3,0,0.06,0,0.5
RandomForest,438,2,0,0.15,0,0.5
RandomForest,439,3,0,0.04,0,0.5
RandomForest,440,4,0,0.05,0,0.5
RandomForest,441,2,0,0.04,0,0.5
RandomForest,442,5,0,0.27,0,0.5
RandomForest,443,5,0,0.33,0,0.5
RandomForest,444,3,1,0.68,1,0.5
RandomForest,445,2,0,0.15,0,0.5
RandomForest,446,2,0,0.1,0,0.5
RandomForest,447,3,0,0.26,0,0.5
RandomForest,448,4,0,0.4,0,0.5
RandomForest,449,2,0,0.06,0,0.5
RandomForest,450,5,0,0.18,0,0.5
RandomForest,451,3,0,0.02,0,0.5
RandomForest,452,4,1,0.21,0,0.5
RandomForest,453,2,0,0.51,1,0.5
RandomForest,454,4,0,0.21,0,0.5
RandomForest,455,5,0,0.17,0,0.5
RandomForest,456,3,0,0.54,1,0.5
RandomForest,457,2,0,0.27,0,0.5
RandomForest,458,4,0,0.26,0,0.5
RandomForest,459,3,0,0.06,0,0.5
RandomForest,460,2,0,0.06,0,0.5
RandomForest,461,3,0,0.13,0,0.5
RandomForest,462,3,0,0.11,0,0.5
RandomForest,463,4,0,0.1,0,0.5
RandomForest,464,4,0,0.13,0,0.5
RandomForest,465,3,0,0.43,0,0.5
RandomForest,466,3,0,0.3,0,0.5
RandomForest,467,5,1,0.16,0,0.5
RandomForest,468,3,0,0.05,0,0.5
RandomForest,469,3,0,0.15,0,0.5
RandomForest,470,3,0,0.1,0,0.5
RandomForest,471,2,0,0.1,0,0.5
RandomForest,472,3,0,0.14,0,0.5
RandomForest,473,5,0,0.12,0,0.5
RandomForest,474,4,0,0.05,0,0.5
RandomForest,475,5,0,0.05,0,0.5
RandomForest,476,2,0,0.04,0,0.5
RandomForest,477,3,0,0.08,0,0.5
RandomForest,478,3,0,0.24,0,0.5
RandomForest,479,4,0,0.33,0,0.5
RandomForest,480,5,0,0.06,0,0.5
RandomForest,481,3,0,0.07,0,0.5
RandomForest,482,4,1,0.35,0,0.5
RandomForest,483,5,0,0.46,0,0.5
RandomForest,484,2,0,0.47,0,0.5
RandomForest,485,3,0,0.07,0,0.5
RandomForest,486,3,0,0.49,0,0.5
RandomForest,487,4,1,0.75,1,0.5
RandomForest,488,2,1,0.74,1,0.5
RandomForest,489,4,0,0.09,0,0.5
RandomForest,490,3,0,0.27,0,0.5
RandomForest,491,4,0,0.07,0,0.5
RandomForest,492,5,0,0.05,0,0.5
RandomForest,493,3,0,0.07,0,0.5
RandomForest,494,2,0,0.04,0,0.5
RandomForest,495,5,0,0.07,0,0.5
RandomForest,496,3,0,0.07,0,0.5
RandomForest,497,2,0,0.08,0,0.5
RandomForest,498,5,0,0.13,0,0.5
RandomForest,499,5,0,0.3,0,0.5
RandomForest,500,5,1,0.3,0,0.5
RandomForest,501,3,1,0.56,1,0.5
RandomForest,502,2,1,0.43,0,0.5
RandomForest,503,3,0,0.04,0,0.5
RandomForest,504,4,0,0.09,0,0.5
RandomForest,505,5,0,0.22,0,0.5
RandomForest,506,2,0,0.13,0,0.5
RandomForest,507,3,0,0.14,0,0.5
RandomForest,508,3,1,0.14,0,0.5
RandomForest,509,3,0,0.41,0,0.5
RandomForest,510,4,0,0.02,0,0.5
RandomForest,511,5,1,0.65,1,0.5
RandomForest,512,2,1,0.27,0,0.5
RandomForest,513,3,0,0.07,0,0.5
RandomForest,514,3,0,0.07,0,0.5
RandomForest,515,5,0,0.17,0,0.5
RandomForest,516,4,0,0.03,0,0.5
RandomForest,517,3,0,0.1,0,0.5
RandomForest,518,2,0,0.18,0,0.5
RandomForest,519,5,0,0.11,0,0.5
RandomForest,520,5,0,0.11,0,0.5
RandomForest,521,4,0,0.05,0,0.5
RandomForest,522,5,0,0.15,0,0.5
RandomForest,523,3,1,0.43,0,0.5
RandomForest,524,3,0,0.1,0,0.5
RandomForest,525,2,0,0.52,1,0.5
RandomForest,526,3,0,0.06,0,0.5
RandomForest,527,3,0,0.02,0,0.5
RandomForest,528,4,0,0.3,0,0.5
RandomForest,529,5,0,0.33,0,0.5
RandomForest,530,3,0,0.24,0,0.5
RandomForest,531,2,1,0.1,0,0.5
RandomForest,532,3,1,0.73,1,0.5
RandomForest,533,4,0,0.07,0,0.5
RandomForest,534,5,0,0.03,0,0.5
RandomForest,535,5,0,0.03,0,0.5
RandomForest,536,3,0,0.09,0,0.5
RandomForest,537,2,1,0.27,0,0.5
RandomForest,538,2,0,0.09,0,0.5
RandomForest,539,4,0,0.04,0,0.5
RandomForest,540,4,0,0.07,0,0.5
RandomForest,541,5,0,0.05,0,0.5
RandomForest,542,2,0,0.13,0,0.5
RandomForest,543,2,0,0.05,0,0.5
RandomForest,544,5,0,0.06,0,0.5
RandomForest,545,2,0,0.06,0,0.5
RandomForest,546,4,0,0.03,0,0.5
RandomForest,547,4,0,0.08,0,0.5
RandomForest,548,2,0,0.02,0,0.5
RandomForest,549,2,0,0.25,0,0.5
RandomForest,550,2,0,0.02,0,0.5
RandomForest,551,3,0,0.1,0,0.5
RandomForest,552,3,0,0.06,0,0.5
RandomForest,553,2,0,0.17,0,0.5
RandomForest,554,3,0,0.25,0,0.5
RandomForest,555,4,0,0.05,0,0.5
RandomForest,556,5,1,0.01,0,0.5
RandomForest,557,3,0,0.04,0,0.5
RandomForest,558,2,1,0.36,0,0.5
RandomForest,559,2,0,0.1,0,0.5
RandomForest,560,5,0,0.14,0,0.5
RandomForest,561,3,0,0.2,0,0.5
RandomForest,562,3,1,0.43,0,0.5
RandomForest,563,2,0,0.16,0,0.5
RandomForest,564,3,0,0.05,0,0.5
RandomForest,565,4,0,0.03,0,0.5
RandomForest,566,2,0,0.09,0,0.5
RandomForest,567,4,0,0.12,0,0.5
RandomForest,568,5,0,0.0,0,0.5
RandomForest,569,5,0,0.02,0,0.5
RandomForest,570,4,0,0.02,0,0.5
RandomForest,571,5,0,0.02,0,0.5
RandomForest,572,5,0,0.08,0,0.5
RandomForest,573,2,0,0.09,0,0.5
RandomForest,574,2,0,0.11,0,0.5
RandomForest,575,2,0,0.18,0,0.5
RandomForest,576,3,0,0.0,0,0.5
RandomForest,577,5,0,0.02,0,0.5
RandomForest,578,2,0,0.26,0,0.5
RandomForest,579,5,0,0.06,0,0.5
RandomForest,580,2,0,0.05,0,0.5
RandomForest,581,5,0,0.04,0,0.5
RandomForest,582,3,0,0.05,0,0.5
RandomForest,583,5,0,0.08,0,0.5
RandomForest,584,2,0,0.13,0,0.5
RandomForest,585,4,0,0.1,0,0.5
RandomForest,586,4,0,0.01,0,0.5
RandomForest,587,2,0,0.1,0,0.5
RandomForest,588,3,0,0.05,0,0.5
RandomForest,589,3,0,0.21,0,0.5
RandomForest,590,5,1,0.14,0,0.5
RandomForest,591,3,0,0.05,0,0.5
RandomForest,592,3,1,0.07,0,0.5
RandomForest,593,2,0,0.12,0,0.5
RandomForest,594,3,0,0.04,0,0.5
RandomForest,595,3,0,0.04,0,0.5
RandomForest,596,3,1,0.06,0,0.5
RandomForest,597,5,0,0.28,0,0.5
RandomForest,598,2,0,0.11,0,0.5
RandomForest,599,2,0,0.15,0,0.5
RandomForest,600,3,0,0.05,0,0.5
RandomForest,601,5,0,0.08,0,0.5
RandomForest,602,3,0,0.06,0,0.5
RandomForest,603,4,0,0.04,0,0.5
RandomForest,604,3,0,0.02,0,0.5
RandomForest,605,3,0,0.23,0,0.5
RandomForest,606,2,0,0.08,0,0.5
RandomForest,607,3,0,0.24,0,0.5
RandomForest,608,3,0,0.25,0,0.5
RandomForest,609,5,0,0.12,0,0.5
RandomForest,610,4,0,0.02,0,0.5
RandomForest,611,3,0,0.12,0,0.5
RandomForest,612,2,0,0.03,0,0.5
RandomForest,613,2,0,0.11,0,0.5
RandomForest,614,3,0,0.11,0,0.5
RandomForest,615,2,0,0.01,0,0.5
RandomForest,616,3,1,0.46,0,0.5
RandomForest,617,3,1,0.31,0,0.5
RandomForest,618,3,0,0.23,0,0.5
RandomForest,619,3,0,0.24,0,0.5
RandomForest,620,3,0,0.11,0,0.5
RandomForest,621,3,0,0.1,0,0.5
RandomForest,622,3,1,0.4,0,0.5
RandomForest,623,5,0,0.0,0,0.5
RandomForest,624,5,0,0.04,0,0.5
RandomForest,625,3,0,0.06,0,0.5
RandomForest,626,5,0,0.0,0,0.5
RandomForest,627,2,0,0.02,0,0.5
RandomForest,628,3,0,0.01,0,0.5
RandomForest,629,3,0,0.23,0,0.5
RandomForest,630,2,0,0.1,0,0.5
RandomForest,631,2,0,0.0,0,0.5
RandomForest,632,3,0,0.09,0,0.5
RandomForest,633,3,0,0.3,0,0.5
RandomForest,634,3,0,0.08,0,0.5
RandomForest,635,3,0,0.1,0,0.5
RandomForest,636,2,0,0.09,0,0.5
RandomForest,637,3,0,0.03,0,0.5
RandomForest,638,5,0,0.08,0,0.5
RandomForest,639,3,1,0.04,0,0.5
RandomForest,640,3,0,0.43,0,0.5
RandomForest,641,5,0,0.06,0,0.5
RandomForest,642,5,0,0.08,0,0.5
RandomForest,643,3,0,0.42,0,0.5
RandomForest,644,3,0,0.04,0,0.5
RandomForest,645,3,1,0.39,0,0.5
RandomForest,646,4,0,0.04,0,0.5
RandomForest,647,4,0,0.04,0,0.5
RandomForest,648,3,0,0.17,0,0.5
RandomForest,649,5,0,0.17,0,0.5
RandomForest,650,4,1,0.19,0,0.5
RandomForest,651,2,0,0.05,0,0.5
RandomForest,652,3,0,0.04,0,0.5
RandomForest,653,3,0,0.22,0,0.5
RandomForest,654,3,0,0.05,0,0.5
RandomForest,655,3,0,0.04,0,0.5
RandomForest,656,3,0,0.02,0,0.5
RandomForest,657,2,0,0.09,0,0.5
RandomForest,658,3,0,0.04,0,0.5
RandomForest,659,3,0,0.03,0,0.5
RandomForest,660,3,1,0.27,0,0.5
RandomForest,661,3,1,0.25,0,0.5
RandomForest,662,3,0,0.13,0,0.5
RandomForest,663,3,0,0.18,0,0.5
RandomForest,664,4,0,0.02,0,0.5
RandomForest,665,5,0,0.06,0,0.5
RandomForest,666,3,0,0.09,0,0.5
RandomForest,667,3,0,0.11,0,0.5
RandomForest,668,2,0,0.08,0,0.5
RandomForest,669,3,0,0.09,0,0.5
RandomForest,670,4,0,0.06,0,0.5
RandomForest,671,3,0,0.06,0,0.5
RandomForest,672,4,0,0.04,0,0.5
RandomForest,673,2,0,0.03,0,0.5
RandomForest,674,2,1,0.1,0,0.5
RandomForest,675,5,0,0.17,0,0.5
RandomForest,676,3,1,0.25,0,0.5
RandomForest,677,3,1,0.27,0,0.5
RandomForest,678,5,0,0.3,0,0.5
RandomForest,679,3,0,0.41,0,0.5
RandomForest,680,3,0,0.5,1,0.5
RandomForest,681,4,0,0.02,0,0.5
RandomForest,682,4,0,0.05,0,0.5
RandomForest,683,5,0,0.08,0,0.5
RandomForest,684,5,0,0.02,0,0.5
RandomForest,685,2,0,0.01,0,0.5
RandomForest,686,4,0,0.01,0,0.5
RandomForest,687,4,0,0.04,0,0.5
RandomForest,688,3,1,0.26,0,0.5
RandomForest,689,5,0,0.11,0,0.5
RandomForest,690,5,0,0.08,0,0.5
RandomForest,691,2,0,0.04,0,0.5
RandomForest,692,4,0,0.1,0,0.5
RandomForest,693,2,1,0.33,0,0.5
RandomForest,694,2,0,0.16,0,0.5
RandomForest,695,2,0,0.19,0,0.5
RandomForest,696,5,0,0.14,0,0.5
RandomForest,697,4,0,0.29,0,0.5
RandomForest,698,4,0,0.45,0,0.5
RandomForest,699,5,0,0.05,0,0.5
RandomForest,700,2,0,0.12,0,0.5
RandomForest,701,2,0,0.09,0,0.5
RandomForest,702,2,0,0.12,0,0.5
RandomForest,703,2,0,0.16,0,0.5
RandomForest,704,3,0,0.08,0,0.5
RandomForest,705,4,0,0.14,0,0.5
RandomForest,706,3,1,0.43,0,0.5
RandomForest,707,2,0,0.09,0,0.5
RandomForest,708,3,0,0.21,0,0.5
RandomForest,709,3,0,0.03,0,0.5
RandomForest,710,5,1,0.13,0,0.5
RandomForest,711,3,0,0.1,0,0.5
RandomForest,712,3,0,0.06,0,0.5
RandomForest,713,3,0,0.08,0,0.5
RandomForest,714,3,0,0.1,0,0.5
RandomForest,715,3,0,0.06,0,0.5
RandomForest,716,3,1,0.06,0,0.5
RandomForest,717,4,1,0.26,0,0.5
RandomForest,718,3,0,0.22,0,0.5
RandomForest,719,2,0,0.02,0,0.5
RandomForest,720,3,0,0.15,0,0.5
RandomForest,721,5,0,0.06,0,0.5
RandomForest,722,2,0,0.23,0,0.5
RandomForest,723,4,0,0.12,0,0.5
RandomForest,724,3,0,0.07,0,0.5
RandomForest,725,3,0,0.06,0,0.5
RandomForest,726,3,1,0.03,0,0.5
RandomForest,727,3,1,0.04,0,0.5
RandomForest,728,4,0,0.01,0,0.5
RandomForest,729,5,0,0.05,0,0.5
RandomForest,730,3,0,0.1,0,0.5
RandomForest,731,2,1,0.17,0,0.5
RandomForest,732,5,0,0.02,0,0.5
RandomForest,733,3,0,0.27,0,0.5
RandomForest,734,5,0,0.31,0,0.5
RandomForest,735,3,0,0.09,0,0.5
RandomForest,736,4,0,0.12,0,0.5
RandomForest,737,5,1,0.15,0,0.5
RandomForest,738,3,1,0.05,0,0.5
RandomForest,739,4,0,0.23,0,0.5
RandomForest,740,3,0,0.08,0,0.5
RandomForest,741,3,0,0.05,0,0.5
RandomForest,742,2,0,0.1,0,0.5
RandomForest,743,2,0,0.12,0,0.5
RandomForest,744,2,0,0.07,0,0.5
RandomForest,745,5,0,0.02,0,0.5
RandomForest,746,2,0,0.04,0,0.5
RandomForest,747,5,0,0.06,0,0.5
RandomForest,748,2,0,0.1,0,0.5
RandomForest,749,2,0,0.03,0,0.5
RandomForest,750,3,0,0.32,0,0.5
RandomForest,751,4,0,0.04,0,0.5
RandomForest,752,5,0,0.16,0,0.5
RandomForest,753,3,0,0.31,0,0.5
RandomForest,754,3,1,0.71,1,0.5
RandomForest,755,3,0,0.05,0,0.5
RandomForest,756,5,0,0.05,0,0.5
RandomForest,757,3,0,0.13,0,0.5
RandomForest,758,5,0,0.05,0,0.5
RandomForest,759,5,0,0.14,0,0.5
RandomForest,760,5,0,0.05,0,0.5
RandomForest,761,3,0,0.03,0,0.5
RandomForest,762,3,0,0.05,0,0.5
RandomForest,763,5,0,0.26,0,0.5
RandomForest,764,2,1,0.32,0,0.5
RandomForest,765,4,1,0.23,0,0.5
RandomForest,766,3,0,0.15,0,0.5
RandomForest,767,4,0,0.0,0,0.5
RandomForest,768,4,1,0.07,0,0.5
RandomForest,769,2,0,0.11,0,0.5
RandomForest,770,5,0,0.03,0,0.5
RandomForest,771,3,0,0.27,0,0.5
RandomForest,772,2,0,0.02,0,0.5
RandomForest,773,3,0,0.09,0,0.5
RandomForest,774,4,0,0.02,0,0.5
RandomForest,775,3,0,0.2,0,0.5
RandomForest,776,5,0,0.03,0,0.5
RandomForest,777,2,1,0.31,0,0.5
RandomForest,778,3,0,0.18,0,0.5
RandomForest,779,5,0,0.07,0,0.5
RandomForest,780,4,0,0.05,0,0.5
RandomForest,781,2,0,0.26,0,0.5
RandomForest,782,3,0,0.06,0,0.5
RandomForest,783,3,0,0.4,0,0.5
RandomForest,784,4,0,0.11,0,0.5
RandomForest,785,4,0,0.13,0,0.5
RandomForest,786,3,0,0.06,0,0.5
RandomForest,787,5,0,0.06,0,0.5
RandomForest,788,3,0,0.04,0,0.5
RandomForest,789,5,0,0.06,0,0.5
RandomForest,790,5,0,0.07,0,0.5
RandomForest,791,3,1,0.11,0,0.5
RandomForest,792,3,0,0.01,0,0.5
RandomForest,793,2,0,0.1,0,0.5
RandomForest,794,3,0,0.25,0,0.5
RandomForest,795,2,1,0.21,0,0.5
RandomForest,796,5,0,0.39,0,0.5
RandomForest,797,3,1,0.38,0,0.5
RandomForest,798,5,0,0.44,0,0.5
RandomForest,799,2,0,0.06,0,0.5
RandomForest,800,3,0,0.12,0,0.5
RandomForest,801,4,0,0.13,0,0.5
RandomForest,802,3,0,0.02,0,0.5
RandomForest,803,4,0,0.12,0,0.5
RandomForest,804,5,0,0.2,0,0.5
RandomForest,805,2,0,0.04,0,0.5
RandomForest,806,5,0,0.06,0,0.5
RandomForest,807,4,0,0.01,0,0.5
RandomForest,808,3,0,0.11,0,0.5
RandomForest,809,3,0,0.11,0,0.5
RandomForest,810,2,1,0.05,0,0.5
RandomForest,811,5,0,0.14,0,0.5
RandomForest,812,4,0,0.08,0,0.5
RandomForest,813,2,0,0.01,0,0.5
RandomForest,814,4,1,0.01,0,0.5
RandomForest,815,3,0,0.13,0,0.5
RandomForest,816,4,0,0.02,0,0.5
RandomForest,817,3,0,0.16,0,0.5
RandomForest,818,2,0,0.23,0,0.5
RandomForest,819,5,0,0.02,0,0.5
RandomForest,820,4,0,0.05,0,0.5
RandomForest,821,2,0,0.09,0,0.5
RandomForest,822,4,0,0.0,0,0.5
RandomForest,823,2,0,0.01,0,0.5
RandomForest,824,2,0,0.09,0,0.5
RandomForest,825,3,0,0.02,0,0.5
RandomForest,826,3,0,0.06,0,0.5
RandomForest,827,3,0,0.03,0,0.5
RandomForest,828,4,0,0.01,0,0.5
RandomForest,829,5,0,0.02,0,0.5
RandomForest,830,4,0,0.08,0,0.5
RandomForest,831,2,0,0.04,0,0.5
RandomForest,832,3,0,0.03,0,0.5
RandomForest,833,2,0,0.14,0,0.5
RandomForest,834,5,1,0.18,0,0.5
RandomForest,835,5,0,0.02,0,0.5
RandomForest,836,4,0,0.06,0,0.5
RandomForest,837,2,1,0.03,0,0.5
RandomForest,838,3,0,0.28,0,0.5
RandomForest,839,5,0,0.09,0,0.5
RandomForest,840,2,0,0.11,0,0.5
RandomForest,841,4,0,0.12,0,0.5
RandomForest,842,5,0,0.19,0,0.5
RandomForest,843,5,0,0.05,0,0.5
RandomForest,844,4,1,0.13,0,0.5
RandomForest,845,2,0,0.01,0,0.5
RandomForest,846,3,0,0.18,0,0.5
RandomForest,847,3,0,0.07,0,0.5
RandomForest,848,4,0,0.12,0,0.5
RandomForest,849,2,0,0.09,0,0.5
RandomForest,850,3,0,0.06,0,0.5
RandomForest,851,5,0,0.2,0,0.5
RandomForest,852,4,0,0.08,0,0.5
RandomForest,853,3,0,0.1,0,0.5
RandomForest,854,3,0,0.05,0,0.5
RandomForest,855,2,0,0.05,0,0.5
RandomForest,856,3,0,0.03,0,0.5
RandomForest,857,3,0,0.07,0,0.5
RandomForest,858,5,1,0.25,0,0.5
RandomForest,859,4,0,0.0,0,0.5
RandomForest,860,4,0,0.01,0,0.5
RandomForest,861,3,0,0.03,0,0.5
RandomForest,862,2,0,0.01,0,0.5
RandomForest,863,2,0,0.0,0,0.5
RandomForest,864,3,0,0.0,0,0.5
RandomForest,865,4,0,0.12,0,0.5
RandomForest,866,5,0,0.13,0,0.5
RandomForest,867,3,0,0.0,0,0.5
RandomForest,868,2,0,0.03,0,0.5
RandomForest,869,4,0,0.02,0,0.5
RandomForest,870,5,0,0.0,0,0.5
RandomForest,871,2,0,0.0,0,0.5
RandomForest,872,5,0,0.02,0,0.5
RandomForest,873,3,0,0.0,0,0.5
RandomForest,874,2,0,0.08,0,0.5
RandomForest,875,5,0,0.03,0,0.5
RandomForest,876,4,0,0.06,0,0.5
RandomForest,877,4,0,0.05,0,0.5
RandomForest,878,3,0,0.06,0,0.5
RandomForest,879,3,1,0.08,0,0.5
RandomForest,880,2,0,0.01,0,0.5
RandomForest,881,3,0,0.01,0,0.5
RandomForest,882,4,0,0.3,0,0.5
RandomForest,883,5,0,0.06,0,0.5
RandomForest,884,3,0,0.48,0,0.5
RandomForest,885,4,0,0.25,0,0.5
RandomForest,886,5,0,0.03,0,0.5
RandomForest,887,3,0,0.05,0,0.5
RandomForest,888,3,0,0.05,0,0.5
RandomForest,889,4,0,0.0,0,0.5
RandomForest,890,3,0,0.08,0,0.5
RandomForest,891,4,0,0.04,0,0.5
RandomForest,892,3,0,0.01,0,0.5
RandomForest,893,5,0,0.09,0,0.5
RandomForest,894,2,0,0.01,0,0.5
RandomForest,895,2,0,0.0,0,0.5
RandomForest,896,3,0,0.01,0,0.5
RandomForest,897,4,0,0.04,0,0.5
RandomForest,898,5,0,0.07,0,0.5
RandomForest,899,3,0,0.0,0,0.5
RandomForest,900,4,0,0.01,0,0.5
RandomForest,901,2,0,0.0,0,0.5
RandomForest,902,5,0,0.0,0,0.5
RandomForest,903,5,0,0.01,0,0.5
RandomForest,904,2,0,0.0,0,0.5
RandomForest,905,3,0,0.0,0,0.5
RandomForest,906,4,0,0.0,0,0.5
RandomForest,907,3,0,0.02,0,0.5
RandomForest,908,2,0,0.0,0,0.5
RandomForest,909,4,0,0.02,0,0.5
RandomForest,910,5,0,0.0,0,0.5
RandomForest,911,2,0,0.0,0,0.5
RandomForest,912,4,0,0.04,0,0.5
RandomForest,913,3,0,0.03,0,0.5
RandomForest,914,5,0,0.0,0,0.5
RandomForest,915,2,0,0.02,0,0.5
RandomForest,916,5,0,0.11,0,0.5
RandomForest,917,3,0,0.04,0,0.5
RandomForest,918,3,0,0.0,0,0.5
RandomForest,919,2,0,0.2,0,0.5
RandomForest,920,3,0,0.13,0,0.5
RandomForest,921,3,1,0.18,0,0.5
RandomForest,922,4,0,0.09,0,0.5
RandomForest,923,4,0,0.02,0,0.5
RandomForest,924,5,0,0.03,0,0.5
RandomForest,925,3,0,0.04,0,0.5
RandomForest,926,2,0,0.0,0,0.5
RandomForest,927,5,0,0.02,0,0.5
RandomForest,928,3,0,0.08,0,0.5
RandomForest,929,2,0,0.17,0,0.5
RandomForest,930,4,0,0.01,0,0.5
RandomForest,931,5,0,0.02,0,0.5
RandomForest,932,2,0,0.01,0,0.5
RandomForest,933,3,0,0.04,0,0.5
RandomForest,934,2,0,0.0,0,0.5
RandomForest,935,4,0,0.0,0,0.5
RandomForest,936,5,0,0.0,0,0.5
RandomForest,937,2,0,0.01,0,0.5
RandomForest,938,3,0,0.0,0,0.5
RandomForest,939,5,0,0.01,0,0.5
RandomForest,940,4,0,0.01,0,0.5
RandomForest,941,2,0,0.02,0,0.5
RandomForest,942,3,1,0.03,0,0.5
RandomForest,943,3,0,0.1,0,0.5
RandomForest,944,3,0,0.02,0,0.5
RandomForest,945,3,0,0.04,0,0.5
RandomForest,946,5,0,0.1,0,0.5
RandomForest,947,4,0,0.0,0,0.5
RandomForest,948,4,0,0.01,0,0.5
RandomForest,949,2,0,0.01,0,0.5
RandomForest,950,5,0,0.03,0,0.5
RandomForest,951,3,0,0.08,0,0.5
RandomForest,952,2,0,0.13,0,0.5
RandomForest,953,4,0,0.01,0,0.5
RandomForest,954,3,0,0.0,0,0.5
RandomForest,955,5,0,0.02,0,0.5
RandomForest,956,3,0,0.05,0,0.5
RandomForest,957,2,0,0.01,0,0.5
RandomForest,958,2,0,0.09,0,0.5
RandomForest,959,3,0,0.0,0,0.5
RandomForest,960,4,0,0.0,0,0.5
RandomForest,961,2,0,0.0,0,0.5
RandomForest,962,2,0,0.0,0,0.5
RandomForest,963,5,0,0.0,0,0.5
RandomForest,964,4,0,0.0,0,0.5
RandomForest,965,3,0,0.0,0,0.5
RandomForest,966,5,0,0.23,0,0.5
RandomForest,967,3,0,0.02,0,0.5
RandomForest,968,4,0,0.12,0,0.5
RandomForest,969,2,0,0.0,0,0.5
RandomForest,970,2,0,0.01,0,0.5
RandomForest,971,3,0,0.01,0,0.5
RandomForest,972,5,0,0.02,0,0.5
RandomForest,973,5,0,0.0,0,0.5
RandomForest,974,4,0,0.2,0,0.5
RandomForest,975,5,0,0.19,0,0.5
RandomForest,976,3,0,0.0,0,0.5
RandomForest,977,4,0,0.02,0,0.5
RandomForest,978,2,0,0.0,0,0.5
RandomForest,979,5,0,0.0,0,0.5
RandomForest,980,3,0,0.0,0,0.5
RandomForest,981,3,0,0.03,0,0.5
RandomForest,982,2,0,0.01,0,0.5
RandomForest,983,5,0,0.04,0,0.5
RandomForest,984,4,0,0.07,0,0.5
RandomForest,985,2,0,0.01,0,0.5
RandomForest,986,3,0,0.05,0,0.5
RandomForest,987,5,0,0.0,0,0.5
RandomForest,988,3,0,0.0,0,0.5
RandomForest,989,2,0,0.02,0,0.5
RandomForest,990,4,0,0.16,0,0.5
RandomForest,991,4,0,0.1,0,0.5
RandomForest,992,2,0,0.01,0,0.5
RandomForest,993,3,0,0.0,0,0.5
RandomForest,994,3,0,0.0,0,0.5
RandomForest,995,5,0,0.07,0,0.5
RandomForest,996,4,0,0.07,0,0.5
RandomForest,997,2,0,0.01,0,0.5
RandomForest,998,3,0,0.03,0,0.5
RandomForest,999,4,0,0.19,0,0.5
RandomForest,1000,3,0,0.02,0,0.5
RandomForest,1001,3,0,0.04,0,0.5
RandomForest,1002,3,0,0.17,0,0.5
RandomForest,1003,4,0,0.0,0,0.5
RandomForest,1004,5,0,0.0,0,0.5
RandomForest,1005,4,0,0.0,0,0.5
RandomForest,1006,2,0,0.0,0,0.5
RandomForest,1007,2,0,0.05,0,0.5
RandomForest,1008,2,0,0.1,0,0.5
RandomForest,1009,3,0,0.01,0,0.5
RandomForest,1010,5,0,0.03,0,0.5
RandomForest,1011,4,0,0.0,0,0.5
RandomForest,1012,5,0,0.26,0,0.5
RandomForest,1013,4,0,0.05,0,0.5
RandomForest,1014,2,0,0.08,0,0.5
RandomForest,1015,3,0,0.01,0,0.5
RandomForest,1016,3,0,0.0,0,0.5
RandomForest,1017,2,0,0.0,0,0.5
RandomForest,1018,4,0,0.05,0,0.5
RandomForest,1019,5,0,0.06,0,0.5
RandomForest,1020,2,0,0.02,0,0.5
RandomForest,1021,3,0,0.05,0,0.5
RandomForest,1022,3,0,0.07,0,0.5
RandomForest,1023,4,0,0.04,0,0.5
RandomForest,1024,5,0,0.08,0,0.5
RandomForest,1025,3,0,0.01,0,0.5
RandomForest,1026,3,0,0.04,0,0.5
RandomForest,1027,3,0,0.01,0,0.5
RandomForest,1028,4,0,0.06,0,0.5
RandomForest,1029,5,1,0.44,0,0.5
RandomForest,1030,2,0,0.41,0,0.5
RandomForest,1031,3,0,0.08,0,0.5
RandomForest,1032,4,0,0.04,0,0.5
RandomForest,1033,3,0,0.06,0,0.5
RandomForest,1034,4,0,0.0,0,0.5
RandomForest,1035,3,0,0.02,0,0.5
RandomForest,1036,3,0,0.04,0,0.5
RandomForest,1037,5,0,0.03,0,0.5
RandomForest,1038,5,0,0.02,0,0.5
RandomForest,1039,2,0,0.03,0,0.5
RandomForest,1040,3,0,0.06,0,0.5
RandomForest,1041,3,0,0.05,0,0.5
RandomForest,1042,5,0,0.03,0,0.5
RandomForest,1043,2,0,0.04,0,0.5
RandomForest,1044,5,0,0.0,0,0.5
RandomForest,1045,3,0,0.04,0,0.5
RandomForest,1046,2,0,0.12,0,0.5
RandomForest,1047,3,1,0.1,0,0.5
RandomForest,1048,3,0,0.23,0,0.5
RandomForest,1049,4,0,0.24,0,0.5
RandomForest,1050,3,0,0.08,0,0.5
RandomForest,1051,3,0,0.37,0,0.5
RandomForest,1052,2,1,0.17,0,0.5
RandomForest,1053,3,0,0.24,0,0.5
RandomForest,1054,4,0,0.32,0,0.5
RandomForest,1055,3,0,0.07,0,0.5
RandomForest,1056,3,0,0.14,0,0.5
RandomForest,1057,5,0,0.0,0,0.5
RandomForest,1058,4,0,0.03,0,0.5
RandomForest,1059,3,0,0.34,0,0.5
RandomForest,1060,5,1,0.19,0,0.5
RandomForest,1061,2,1,0.54,1,0.5
RandomForest,1062,4,0,0.3,0,0.5
RandomForest,1063,2,0,0.06,0,0.5
RandomForest,1064,2,1,0.71,1,0.5
RandomForest,1065,4,0,0.32,0,0.5
RandomForest,1066,3,0,0.18,0,0.5
RandomForest,1067,2,0,0.2,0,0.5
RandomForest,1068,5,0,0.41,0,0.5
RandomForest,1069,2,0,0.13,0,0.5
RandomForest,1070,5,0,0.06,0,0.5
RandomForest,1071,2,1,0.18,0,0.5
RandomForest,1072,4,1,0.06,0,0.5
RandomForest,1073,3,0,0.03,0,0.5
RandomForest,1074,2,0,0.03,0,0.5
RandomForest,1075,2,0,0.04,0,0.5
RandomForest,1076,4,0,0.07,0,0.5
RandomForest,1077,3,0,0.12,0,0.5
RandomForest,1078,3,0,0.14,0,0.5
RandomForest,1079,3,0,0.1,0,0.5
RandomForest,1080,3,0,0.13,0,0.5
RandomForest,1081,5,0,0.27,0,0.5
RandomForest,1082,3,0,0.07,0,0.5
RandomForest,1083,4,0,0.12,0,0.5
RandomForest,1084,2,0,0.14,0,0.5
RandomForest,1085,4,0,0.05,0,0.5
RandomForest,1086,3,0,0.1,0,0.5
RandomForest,1087,3,1,0.13,0,0.5
RandomForest,1088,5,0,0.0,0,0.5
RandomForest,1089,4,0,0.0,0,0.5
RandomForest,1090,2,0,0.07,0,0.5
RandomForest,1091,3,1,0.2,0,0.5
RandomForest,1092,5,0,0.22,0,0.5
RandomForest,1093,3,0,0.43,0,0.5
RandomForest,1094,2,1,0.16,0,0.5
RandomForest,1095,2,0,0.3,0,0.5
RandomForest,1096,4,0,0.33,0,0.5
RandomForest,1097,2,0,0.06,0,0.5
RandomForest,1098,3,1,0.83,1,0.5
RandomForest,1099,4,1,0.34,0,0.5
RandomForest,1100,5,1,0.3,0,0.5
RandomForest,1101,4,1,0.62,1,0.5
RandomForest,1102,3,0,0.08,0,0.5
RandomForest,1103,5,0,0.18,0,0.5
RandomForest,1104,3,0,0.13,0,0.5
RandomForest,1105,3,0,0.03,0,0.5
RandomForest,1106,3,0,0.06,0,0.5
RandomForest,1107,5,1,0.4,0,0.5
RandomForest,1108,3,0,0.1,0,0.5
RandomForest,1109,4,0,0.16,0,0.5
RandomForest,1110,3,0,0.02,0,0.5
RandomForest,1111,4,1,0.73,1,0.5
RandomForest,1112,2,1,0.15,0,0.5
RandomForest,1113,3,0,0.13,0,0.5
RandomForest,1114,3,0,0.09,0,0.5
RandomForest,1115,4,0,0.23,0,0.5
RandomForest,1116,3,0,0.01,0,0.5
RandomForest,1117,5,0,0.16,0,0.5
RandomForest,1118,3,0,0.11,0,0.5
RandomForest,1119,3,1,0.44,0,0.5
RandomForest,1120,4,1,0.22,0,0.5
RandomForest,1121,4,1,0.21,0,0.5
RandomForest,1122,3,1,0.45,0,0.5
RandomForest,1123,3,0,0.63,1,0.5
RandomForest,1124,3,0,0.45,0,0.5
RandomForest,1125,2,1,0.66,1,0.5
RandomForest,1126,3,0,0.58,1,0.5
RandomForest,1127,3,0,0.56,1,0.5
RandomForest,1128,3,0,0.08,0,0.5
RandomForest,1129,2,0,0.0,0,0.5
RandomForest,1130,5,0,0.0,0,0.5
RandomForest,1131,3,0,0.0,0,0.5
RandomForest,1132,5,0,0.0,0,0.5
RandomForest,1133,5,0,0.1,0,0.5
RandomForest,1134,2,1,0.44,0,0.5
RandomForest,1135,3,0,0.1,0,0.5
RandomForest,1136,3,1,0.07,0,0.5
RandomForest,1137,3,1,0.28,0,0.5
RandomForest,1138,3,0,0.18,0,0.5
RandomForest,1139,4,0,0.55,1,0.5
RandomForest,1140,5,0,0.32,0,0.5
RandomForest,1141,3,0,0.08,0,0.5
RandomForest,1142,4,0,0.08,0,0.5
RandomForest,1143,4,0,0.04,0,0.5
RandomForest,1144,5,0,0.07,0,0.5
RandomForest,1145,5,0,0.09,0,0.5
RandomForest,1146,3,0,0.08,0,0.5
RandomForest,1147,3,0,0.39,0,0.5
RandomForest,1148,2,1,0.68,1,0.5
RandomForest,1149,2,1,0.85,1,0.5
RandomForest,1150,5,1,0.92,1,0.5
RandomForest,1151,3,1,0.43,0,0.5
RandomForest,1152,2,1,0.18,0,0.5
RandomForest,1153,3,0,0.04,0,0.5
RandomForest,1154,4,0,0.08,0,0.5
RandomForest,1155,4,0,0.02,0,0.5
RandomForest,1156,3,0,0.19,0,0.5
RandomForest,1157,4,0,0.03,0,0.5
RandomForest,1158,4,0,0.1,0,0.5
RandomForest,1159,2,0,0.09,0,0.5
RandomForest,1160,2,0,0.16,0,0.5
RandomForest,1161,4,1,0.66,1,0.5
RandomForest,1162,3,0,0.6,1,0.5
RandomForest,1163,5,0,0.02,0,0.5
RandomForest,1164,5,0,0.01,0,0.5
RandomForest,1165,3,0,0.03,0,0.5
RandomForest,1166,5,0,0.07,0,0.5
RandomForest,1167,4,0,0.23,0,0.5
RandomForest,1168,5,0,0.84,1,0.5
RandomForest,1169,3,0,0.14,0,0.5
RandomForest,1170,3,1,0.61,1,0.5
RandomForest,1171,5,1,0.12,0,0.5
RandomForest,1172,5,0,0.1,0,0.5
RandomForest,1173,5,0,0.07,0,0.5
RandomForest,1174,5,0,0.11,0,0.5
RandomForest,1175,5,0,0.18,0,0.5
RandomForest,1176,5,0,0.12,0,0.5
RandomForest,1177,5,0,0.21,0,0.5
RandomForest,1178,3,0,0.02,0,0.5
RandomForest,1179,5,0,0.22,0,0.5
RandomForest,1180,2,1,0.6,1,0.5
RandomForest,1181,4,0,0.43,0,0.5
RandomForest,1182,5,1,0.7,1,0.5
RandomForest,1183,2,0,0.38,0,0.5
RandomForest,1184,5,0,0.5,1,0.5
RandomForest,1185,4,1,0.11,0,0.5
RandomForest,1186,2,0,0.22,0,0.5
RandomForest,1187,5,0,0.19,0,0.5
RandomForest,1188,2,0,0.03,0,0.5
RandomForest,1189,3,0,0.13,0,0.5
RandomForest,1190,3,0,0.16,0,0.5
RandomForest,1191,4,0,0.22,0,0.5
RandomForest,1192,2,0,0.43,0,0.5
RandomForest,1193,5,0,0.13,0,0.5
RandomForest,1194,2,0,0.23,0,0.5
RandomForest,1195,3,0,0.06,0,0.5
RandomForest,1196,5,0,0.12,0,0.5
RandomForest,1197,2,0,0.17,0,0.5
RandomForest,1198,2,0,0.15,0,0.5
RandomForest,1199,4,0,0.26,0,0.5
RandomForest,1200,3,0,0.11,0,0.5
RandomForest,1201,2,0,0.07,0,0.5
RandomForest,1202,4,1,0.03,0,0.5
RandomForest,1203,5,0,0.34,0,0.5
RandomForest,1204,2,0,0.13,0,0.5
RandomForest,1205,5,0,0.06,0,0.5
RandomForest,1206,4,0,0.12,0,0.5
RandomForest,1207,3,1,0.5,1,0.5
RandomForest,1208,2,0,0.02,0,0.5
RandomForest,1209,4,0,0.14,0,0.5
RandomForest,1210,3,0,0.15,0,0.5
RandomForest,1211,3,0,0.18,0,0.5
RandomForest,1212,2,0,0.07,0,0.5
RandomForest,1213,5,0,0.05,0,0.5
RandomForest,1214,5,0,0.03,0,0.5
RandomForest,1215,5,0,0.01,0,0.5
RandomForest,1216,5,0,0.05,0,0.5
RandomForest,1217,1,0,0.18,0,0.5
RandomForest,1218,2,0,0.01,0,0.5
RandomForest,1219,4,0,0.27,0,0.5
RandomForest,1220,2,0,0.09,0,0.5
RandomForest,1221,3,0,0.07,0,0.5
RandomForest,1222,5,0,0.26,0,0.5
RandomForest,1223,2,0,0.1,0,0.5
RandomForest,1224,3,0,0.09,0,0.5
RandomForest,1225,5,0,0.06,0,0.5
RandomForest,1226,3,0,0.12,0,0.5
RandomForest,1227,3,1,0.42,0,0.5
RandomForest,1228,3,0,0.06,0,0.5
RandomForest,1229,3,0,0.06,0,0.5
RandomForest,1230,4,0,0.47,0,0.5
RandomForest,1231,2,0,0.11,0,0.5
RandomForest,1232,5,0,0.08,0,0.5
RandomForest,1233,2,0,0.12,0,0.5
RandomForest,1234,5,0,0.31,0,0.5
RandomForest,1235,2,0,0.13,0,0.5
RandomForest,1236,3,1,0.33,0,0.5
RandomForest,1237,2,1,0.17,0,0.5
RandomForest,1238,3,0,0.08,0,0.5
RandomForest,1239,2,0,0.05,0,0.5
RandomForest,1240,2,0,0.16,0,0.5
RandomForest,1241,4,0,0.24,0,0.5
RandomForest,1242,2,0,0.04,0,0.5
RandomForest,1243,2,0,0.14,0,0.5
RandomForest,1244,4,0,0.07,0,0.5
RandomForest,1245,3,0,0.08,0,0.5
RandomForest,1246,4,0,0.56,1,0.5
RandomForest,1247,3,0,0.08,0,0.5
RandomForest,1248,3,0,0.1,0,0.5
RandomForest,1249,5,0,0.05,0,0.5
RandomForest,1250,4,0,0.08,0,0.5
RandomForest,1251,3,0,0.05,0,0.5
RandomForest,1252,2,0,0.08,0,0.5
RandomForest,1253,5,0,0.08,0,0.5
RandomForest,1254,3,0,0.05,0,0.5
RandomForest,1255,5,0,0.1,0,0.5
RandomForest,1256,5,0,0.02,0,0.5
RandomForest,1257,5,0,0.05,0,0.5
RandomForest,1258,3,0,0.0,0,0.5
RandomForest,1259,4,0,0.02,0,0.5
RandomForest,1260,4,0,0.5,1,0.5
RandomForest,1261,5,0,0.27,0,0.5
RandomForest,1262,3,0,0.01,0,0.5
RandomForest,1263,2,0,0.25,0,0.5
RandomForest,1264,4,1,0.45,0,0.5
RandomForest,1265,3,0,0.11,0,0.5
RandomForest,1266,5,0,0.05,0,0.5
RandomForest,1267,5,1,0.35,0,0.5
RandomForest,1268,5,0,0.24,0,0.5
RandomForest,1269,5,0,0.24,0,0.5
RandomForest,1270,3,0,0.11,0,0.5
RandomForest,1271,4,0,0.03,0,0.5
RandomForest,1272,3,0,0.02,0,0.5
RandomForest,1273,2,1,0.52,1,0.5
RandomForest,1274,3,0,0.13,0,0.5
RandomForest,1275,3,1,0.35,0,0.5
RandomForest,1276,3,1,0.52,1,0.5
RandomForest,1277,4,0,0.26,0,0.5
RandomForest,1278,3,0,0.41,0,0.5
RandomForest,1279,3,1,0.38,0,0.5
RandomForest,1280,5,1,0.32,0,0.5
RandomForest,1281,3,1,0.42,0,0.5
RandomForest,1282,4,1,0.55,1,0.5
RandomForest,1283,5,1,0.48,0,0.5
RandomForest,1284,3,1,0.62,1,0.5
RandomForest,1285,2,1,0.45,0,0.5
RandomForest,1286,3,1,0.37,0,0.5
RandomForest,1287,3,1,0.49,0,0.5
RandomForest,1288,3,1,0.49,0,0.5
RandomForest,1289,4,1,0.57,1,0.5
RandomForest,1290,5,1,0.67,1,0.5
RandomForest,1291,3,1,0.58,1,0.5
RandomForest,1292,4,1,0.33,0,0.5
RandomForest,1293,4,0,0.44,0,0.5
RandomForest,1294,3,1,0.16,0,0.5
RandomForest,1295,4,1,0.34,0,0.5
RandomForest,1296,3,1,0.72,1,0.5
RandomForest,1297,3,1,0.63,1,0.5
RandomForest,1298,3,1,0.56,1,0.5
RandomForest,1299,3,1,0.48,0,0.5
RandomForest,1300,3,1,0.56,1,0.5
RandomForest,1301,3,1,0.67,1,0.5
RandomForest,1302,5,1,0.43,0,0.5
RandomForest,1303,2,1,0.28,0,0.5
RandomForest,1304,5,1,0.61,1,0.5
RandomForest,1305,2,1,0.7,1,0.5
RandomForest,1306,4,1,0.71,1,0.5
RandomForest,1307,3,1,0.41,0,0.5
RandomForest,1308,3,1,0.76,1,0.5
RandomForest,1309,5,1,0.16,0,0.5
RandomForest,1310,4,1,0.27,0,0.5
RandomForest,1311,2,1,0.44,0,0.5
RandomForest,1312,3,1,0.78,1,0.5
RandomForest,1313,4,1,0.85,1,0.5
RandomForest,1314,5,1,0.38,0,0.5
RandomForest,1315,4,0,0.47,0,0.5
RandomForest,1316,3,1,0.67,1,0.5
RandomForest,1317,3,1,0.64,1,0.5
RandomForest,1318,3,1,0.69,1,0.5
RandomForest,1319,5,1,0.88,1,0.5
RandomForest,1320,4,1,0.56,1,0.5
RandomForest,1321,2,0,0.04,0,0.5
RandomForest,1322,3,0,0.5,1,0.5
RandomForest,1323,3,1,0.22,0,0.5
RandomForest,1324,3,0,0.28,0,0.5
RandomForest,1325,3,1,0.33,0,0.5
RandomForest,1326,3,0,0.3,0,0.5
RandomForest,1327,5,0,0.01,0,0.5
RandomForest,1328,4,0,0.01,0,0.5
RandomForest,1329,3,0,0.19,0,0.5
RandomForest,1330,3,0,0.13,0,0.5
RandomForest,1331,3,0,0.13,0,0.5
RandomForest,1332,4,1,0.82,1,0.5
RandomForest,1333,3,1,0.85,1,0.5
RandomForest,1334,2,1,0.54,1,0.5
RandomForest,1335,4,0,0.39,0,0.5
RandomForest,1336,3,0,0.09,0,0.5
RandomForest,1337,5,1,0.88,1,0.5
RandomForest,1338,4,1,0.81,1,0.5
RandomForest,1339,2,1,0.73,1,0.5
RandomForest,1340,4,0,0.13,0,0.5
RandomForest,1341,3,1,0.59,1,0.5
RandomForest,1342,2,1,0.58,1,0.5
RandomForest,1343,3,0,0.59,1,0.5
RandomForest,1344,3,0,0.42,0,0.5
RandomForest,1345,2,1,0.71,1,0.5
RandomForest,1346,4,1,0.5,1,0.5
RandomForest,1347,5,0,0.4,0,0.5
RandomForest,1348,2,0,0.41,0,0.5
RandomForest,1349,3,0,0.51,1,0.5
RandomForest,1350,2,1,0.47,0,0.5
RandomForest,1351,2,1,0.78,1,0.5
RandomForest,1352,4,1,0.73,1,0.5
RandomForest,1353,4,1,0.59,1,0.5
RandomForest,1354,5,1,0.56,1,0.5
RandomForest,1355,4,1,0.67,1,0.5
RandomForest,1356,3,0,0.36,0,0.5
RandomForest,1357,5,0,0.14,0,0.5
RandomForest,1358,2,0,0.14,0,0.5
RandomForest,1359,3,0,0.4,0,0.5
RandomForest,1360,5,0,0.27,0,0.5
RandomForest,1361,3,1,0.08,0,0.5
RandomForest,1362,3,1,0.34,0,0.5
RandomForest,1363,3,0,0.3,0,0.5
RandomForest,1364,2,0,0.1,0,0.5
RandomForest,1365,2,0,0.27,0,0.5
RandomForest,1366,2,1,0.16,0,0.5
RandomForest,1367,3,0,0.34,0,0.5
RandomForest,1368,5,1,0.05,0,0.5
RandomForest,1369,5,0,0.3,0,0.5
RandomForest,1370,2,0,0.23,0,0.5
RandomForest,1371,4,1,0.51,1,0.5
RandomForest,1372,3,1,0.47,0,0.5
RandomForest,1373,5,1,0.77,1,0.5
RandomForest,1374,3,1,0.35,0,0.5
RandomForest,1375,2,0,0.11,0,0.5
RandomForest,1376,5,0,0.21,0,0.5
RandomForest,1377,3,1,0.36,0,0.5
RandomForest,1378,2,1,0.41,0,0.5
RandomForest,1379,5,0,0.46,0,0.5
RandomForest,1380,4,0,0.37,0,0.5
RandomForest,1381,2,0,0.45,0,0.5
RandomForest,1382,3,1,0.55,1,0.5
RandomForest,1383,5,1,0.73,1,0.5
RandomForest,1384,4,1,0.28,0,0.5
RandomForest,1385,2,0,0.61,1,0.5
RandomForest,1386,4,1,0.65,1,0.5
RandomForest,1387,3,1,0.64,1,0.5
RandomForest,1388,2,1,0.52,1,0.5
RandomForest,1389,5,1,0.45,0,0.5
RandomForest,1390,5,1,0.16,0,0.5
RandomForest,1391,5,0,0.07,0,0.5
RandomForest,1392,5,0,0.05,0,0.5
RandomForest,1393,3,0,0.34,0,0.5
RandomForest,1394,3,0,0.26,0,0.5
RandomForest,1395,2,0,0.11,0,0.5
RandomForest,1396,3,0,0.13,0,0.5
RandomForest,1397,3,0,0.05,0,0.5
RandomForest,1398,3,0,0.12,0,0.5
RandomForest,1399,5,0,0.6,1,0.5
RandomForest,1400,2,0,0.38,0,0.5
RandomForest,1401,3,0,0.17,0,0.5
RandomForest,1402,4,0,0.19,0,0.5
RandomForest,1403,2,0,0.08,0,0.5
RandomForest,1404,3,1,0.62,1,0.5
RandomForest,1405,5,0,0.07,0,0.5
RandomForest,1406,5,0,0.09,0,0.5
RandomForest,1407,3,0,0.11,0,0.5
RandomForest,1408,3,1,0.14,0,0.5
RandomForest,1409,3,1,0.44,0,0.5
RandomForest,1410,4,1,0.7,1,0.5
RandomForest,1411,2,1,0.43,0,0.5
RandomForest,1412,3,1,0.91,1,0.5
RandomForest,1413,5,1,0.69,1,0.5
RandomForest,1414,3,1,0.15,0,0.5
RandomForest,1415,4,0,0.48,0,0.5
RandomForest,1416,2,1,0.39,0,0.5
RandomForest,1417,3,0,0.43,0,0.5
RandomForest,1418,5,1,0.34,0,0.5
RandomForest,1419,2,1,0.34,0,0.5
RandomForest,1420,3,0,0.05,0,0.5
RandomForest,1421,4,1,0.36,0,0.5
RandomForest,1422,5,1,0.21,0,0.5
RandomForest,1423,5,0,0.39,0,0.5
RandomForest,1424,3,1,0.44,0,0.5
RandomForest,1425,3,0,0.46,0,0.5
RandomForest,1426,5,1,0.25,0,0.5
RandomForest,1427,2,0,0.06,0,0.5
RandomForest,1428,5,1,0.69,1,0.5
RandomForest,1429,3,0,0.01,0,0.5
RandomForest,1430,4,0,0.17,0,0.5
RandomForest,1431,2,1,0.2,0,0.5
RandomForest,1432,2,0,0.07,0,0.5
RandomForest,1433,2,0,0.07,0,0.5
RandomForest,1434,4,0,0.05,0,0.5
RandomForest,1435,3,0,0.16,0,0.5
RandomForest,1436,2,0,0.15,0,0.5
RandomForest,1437,3,0,0.05,0,0.5
RandomForest,1438,3,0,0.09,0,0.5
RandomForest,1439,4,0,0.17,0,0.5
RandomForest,1440,3,1,0.41,0,0.5
RandomForest,1441,4,0,0.07,0,0.5
RandomForest,1442,3,0,0.08,0,0.5
RandomForest,1443,4,0,0.05,0,0.5
RandomForest,1444,2,1,0.44,0,0.5
RandomForest,1445,2,0,0.09,0,0.5
RandomForest,1446,3,0,0.06,0,0.5
RandomForest,1447,5,0,0.54,1,0.5
RandomForest,1448,3,0,0.57,1,0.5
RandomForest,1449,3,0,0.03,0,0.5
RandomForest,1450,3,0,0.02,0,0.5
RandomForest,1451,4,1,0.42,0,0.5
RandomForest,1452,3,1,0.4,0,0.5
RandomForest,1453,3,0,0.15,0,0.5
RandomForest,1454,3,0,0.24,0,0.5
RandomForest,1455,4,0,0.16,0,0.5
RandomForest,1456,3,0,0.07,0,0.5
RandomForest,1457,3,1,0.05,0,0.5
RandomForest,1458,3,0,0.07,0,0.5
RandomForest,1459,3,0,0.1,0,0.5
RandomForest,1460,3,1,0.12,0,0.5
RandomForest,1461,3,1,0.11,0,0.5
RandomForest,1462,3,0,0.13,0,0.5
RandomForest,1463,3,0,0.1,0,0.5
RandomForest,1464,3,1,0.12,0,0.5
RandomForest,1465,3,1,0.1,0,0.5
RandomForest,1466,3,1,0.12,0,0.5
RandomForest,1467,3,1,0.09,0,0.5
RandomForest,1468,5,0,0.16,0,0.5
RandomForest,1469,3,0,0.12,0,0.5
RandomForest,1470,3,0,0.07,0,0.5
RandomForest,1471,3,0,0.07,0,0.5
RandomForest,1472,3,1,0.08,0,0.5
RandomForest,1473,3,0,0.2,0,0.5
RandomForest,1474,2,0,0.3,0,0.5
RandomForest,1475,5,1,0.37,0,0.5
RandomForest,1476,4,0,0.14,0,0.5
RandomForest,1477,2,1,0.27,0,0.5
RandomForest,1478,4,1,0.43,0,0.5
RandomForest,1479,3,0,0.41,0,0.5
RandomForest,1480,3,1,0.43,0,0.5
RandomForest,1481,4,1,0.52,1,0.5
RandomForest,1482,3,0,0.09,0,0.5
RandomForest,1483,3,0,0.02,0,0.5
RandomForest,1484,3,1,0.04,0,0.5
RandomForest,1485,5,0,0.37,0,0.5
RandomForest,1486,2,0,0.13,0,0.5
RandomForest,1487,2,1,0.3,0,0.5
RandomForest,1488,2,0,0.03,0,0.5
RandomForest,1489,2,0,0.03,0,0.5
RandomForest,1490,5,0,0.16,0,0.5
RandomForest,1491,2,0,0.43,0,0.5
RandomForest,1492,4,0,0.1,0,0.5
RandomForest,1493,3,0,0.27,0,0.5
RandomForest,1494,5,0,0.28,0,0.5
RandomForest,1495,3,0,0.15,0,0.5
RandomForest,1496,2,0,0.1,0,0.5
RandomForest,1497,5,0,0.3,0,0.5
RandomForest,1498,3,0,0.13,0,0.5
RandomForest,1499,3,0,0.08,0,0.5
RandomForest,1500,4,1,0.19,0,0.5
RandomForest,1501,5,0,0.13,0,0.5
RandomForest,1502,3,0,0.08,0,0.5
RandomForest,1503,2,0,0.22,0,0.5
RandomForest,1504,3,1,0.16,0,0.5
RandomForest,1505,4,1,0.39,0,0.5
RandomForest,1506,3,0,0.2,0,0.5
RandomForest,1507,4,0,0.15,0,0.5
RandomForest,1508,3,0,0.01,0,0.5
RandomForest,1509,3,0,0.04,0,0.5
RandomForest,1510,3,0,0.11,0,0.5
RandomForest,1511,2,0,0.13,0,0.5
RandomForest,1512,3,0,0.07,0,0.5
RandomForest,1513,5,0,0.01,0,0.5
RandomForest,1514,3,0,0.09,0,0.5
RandomForest,1515,5,0,0.04,0,0.5
RandomForest,1516,5,0,0.05,0,0.5
RandomForest,1517,3,0,0.11,0,0.5
RandomForest,1518,3,0,0.1,0,0.5
RandomForest,1519,3,0,0.15,0,0.5
RandomForest,1520,5,0,0.05,0,0.5
RandomForest,1521,3,0,0.11,0,0.5
RandomForest,1522,4,0,0.0,0,0.5
RandomForest,1523,3,0,0.01,0,0.5
RandomForest,1524,3,0,0.03,0,0.5
RandomForest,1525,5,0,0.34,0,0.5
RandomForest,1526,2,0,0.07,0,0.5
RandomForest,1527,3,0,0.05,0,0.5
RandomForest,1528,4,0,0.13,0,0.5
RandomForest,1529,4,0,0.04,0,0.5
RandomForest,1530,3,0,0.12,0,0.5
RandomForest,1531,5,0,0.09,0,0.5
RandomForest,1532,3,0,0.09,0,0.5
RandomForest,1533,5,0,0.04,0,0.5
RandomForest,1534,4,0,0.05,0,0.5
RandomForest,1535,3,0,0.05,0,0.5
RandomForest,1536,2,1,0.56,1,0.5
RandomForest,1537,4,0,0.04,0,0.5
RandomForest,1538,4,0,0.72,1,0.5
RandomForest,1539,5,1,0.45,0,0.5
RandomForest,1540,4,0,0.02,0,0.5
RandomForest,1541,3,0,0.05,0,0.5
RandomForest,1542,4,0,0.24,0,0.5
RandomForest,1543,2,0,0.06,0,0.5
RandomForest,1544,3,0,0.1,0,0.5
RandomForest,1545,3,0,0.09,0,0.5
RandomForest,1546,2,0,0.37,0,0.5
RandomForest,1547,5,0,0.25,0,0.5
RandomForest,1548,3,0,0.28,0,0.5
RandomForest,1549,2,0,0.07,0,0.5
RandomForest,1550,3,0,0.16,0,0.5
RandomForest,1551,3,0,0.12,0,0.5
RandomForest,1552,4,0,0.35,0,0.5
RandomForest,1553,5,0,0.06,0,0.5
RandomForest,1554,3,0,0.09,0,0.5
RandomForest,1555,3,0,0.05,0,0.5
RandomForest,1556,5,0,0.3,0,0.5
RandomForest,1557,5,1,0.34,0,0.5
RandomForest,1558,3,1,0.12,0,0.5
RandomForest,1559,3,0,0.11,0,0.5
RandomForest,1560,3,0,0.15,0,0.5
RandomForest,1561,3,0,0.11,0,0.5
RandomForest,1562,3,0,0.04,0,0.5
RandomForest,1563,5,0,0.18,0,0.5
RandomForest,1564,3,1,0.24,0,0.5
RandomForest,1565,3,0,0.08,0,0.5
RandomForest,1566,3,1,0.13,0,0.5
RandomForest,1567,3,0,0.08,0,0.5
RandomForest,1568,3,0,0.01,0,0.5
RandomForest,1569,4,0,0.02,0,0.5
RandomForest,1570,3,0,0.08,0,0.5
RandomForest,1571,4,0,0.01,0,0.5
RandomForest,1572,2,0,0.08,0,0.5
RandomForest,1573,2,0,0.01,0,0.5
RandomForest,1574,2,0,0.01,0,0.5
RandomForest,1575,4,0,0.02,0,0.5
RandomForest,1576,5,0,0.0,0,0.5
RandomForest,1577,5,0,0.01,0,0.5
RandomForest,1578,5,0,0.03,0,0.5
RandomForest,1579,4,0,0.01,0,0.5
RandomForest,1580,4,0,0.09,0,0.5
RandomForest,1581,4,0,0.08,0,0.5
RandomForest,1582,2,1,0.22,0,0.5
RandomForest,1583,4,0,0.01,0,0.5
RandomForest,1584,4,0,0.0,0,0.5
RandomForest,1585,3,0,0.09,0,0.5
RandomForest,1586,2,0,0.16,0,0.5
RandomForest,1587,5,1,0.03,0,0.5
RandomForest,1588,5,0,0.04,0,0.5
RandomForest,1589,3,0,0.18,0,0.5
RandomForest,1590,4,0,0.14,0,0.5
RandomForest,1591,4,0,0.05,0,0.5
RandomForest,1592,2,0,0.03,0,0.5
RandomForest,1593,3,0,0.0,0,0.5
RandomForest,1594,3,0,0.04,0,0.5
RandomForest,1595,4,0,0.19,0,0.5
RandomForest,1596,2,0,0.1,0,0.5
RandomForest,1597,3,0,0.08,0,0.5
RandomForest,1598,3,0,0.11,0,0.5
RandomForest,1599,3,0,0.03,0,0.5
RandomForest,1600,3,0,0.06,0,0.5
RandomForest,1601,3,0,0.13,0,0.5
RandomForest,1602,2,0,0.03,0,0.5
RandomForest,1603,5,0,0.09,0,0.5
RandomForest,1604,3,0,0.08,0,0.5
RandomForest,1605,3,0,0.36,0,0.5
RandomForest,1606,3,0,0.05,0,0.5
RandomForest,1607,3,0,0.05,0,0.5
RandomForest,1608,3,0,0.15,0,0.5
RandomForest,1609,4,0,0.07,0,0.5
RandomForest,1610,3,0,0.05,0,0.5
RandomForest,1611,3,0,0.14,0,0.5
RandomForest,1612,3,0,0.15,0,0.5
RandomForest,1613,2,0,0.11,0,0.5
RandomForest,1614,3,0,0.11,0,0.5
RandomForest,1615,5,0,0.16,0,0.5
RandomForest,1616,5,0,0.04,0,0.5
RandomForest,1617,5,0,0.15,0,0.5
RandomForest,1618,4,0,0.05,0,0.5
RandomForest,1619,2,0,0.21,0,0.5
RandomForest,1620,3,1,0.14,0,0.5
RandomForest,1621,3,0,0.37,0,0.5
RandomForest,1622,3,0,0.34,0,0.5
RandomForest,1623,4,0,0.12,0,0.5
RandomForest,1624,4,0,0.12,0,0.5
RandomForest,1625,2,1,0.47,0,0.5
RandomForest,1626,5,0,0.24,0,0.5
RandomForest,1627,3,0,0.02,0,0.5
RandomForest,1628,3,0,0.0,0,0.5
RandomForest,1629,3,0,0.0,0,0.5
RandomForest,1630,3,0,0.03,0,0.5
RandomForest,1631,5,0,0.02,0,0.5
RandomForest,1632,3,0,0.0,0,0.5
RandomForest,1633,5,0,0.11,0,0.5
RandomForest,1634,3,1,0.53,1,0.5
RandomForest,1635,3,0,0.08,0,0.5
RandomForest,1636,4,0,0.2,0,0.5
RandomForest,1637,2,0,0.13,0,0.5
RandomForest,1638,3,0,0.21,0,0.5
RandomForest,1639,4,0,0.26,0,0.5
RandomForest,1640,5,0,0.01,0,0.5
RandomForest,1641,2,1,0.11,0,0.5
RandomForest,1642,3,0,0.16,0,0.5
RandomForest,1643,5,0,0.74,1,0.5
RandomForest,1644,5,1,0.14,0,0.5
RandomForest,1645,3,0,0.13,0,0.5
RandomForest,1646,2,1,0.48,0,0.5
RandomForest,1647,4,0,0.3,0,0.5
RandomForest,1648,2,0,0.19,0,0.5
RandomForest,1649,3,0,0.01,0,0.5
RandomForest,1650,2,0,0.07,0,0.5
RandomForest,1651,3,0,0.05,0,0.5
RandomForest,1652,4,0,0.04,0,0.5
RandomForest,1653,5,0,0.07,0,0.5
RandomForest,1654,2,0,0.08,0,0.5
RandomForest,1655,3,0,0.04,0,0.5
RandomForest,1656,5,0,0.3,0,0.5
RandomForest,1657,3,0,0.01,0,0.5
RandomForest,1658,3,0,0.28,0,0.5
RandomForest,1659,3,0,0.26,0,0.5
RandomForest,1660,3,0,0.24,0,0.5
RandomForest,1661,3,0,0.24,0,0.5
RandomForest,1662,5,0,0.05,0,0.5
RandomForest,1663,3,0,0.03,0,0.5
RandomForest,1664,4,0,0.0,0,0.5
RandomForest,1665,4,0,0.18,0,0.5
RandomForest,1666,2,0,0.56,1,0.5
RandomForest,1667,3,0,0.39,0,0.5
RandomForest,1668,5,1,0.29,0,0.5
RandomForest,1669,3,1,0.26,0,0.5
RandomForest,1670,3,1,0.4,0,0.5
RandomForest,1671,3,1,0.53,1,0.5
RandomForest,1672,4,1,0.77,1,0.5
RandomForest,1673,3,0,0.51,1,0.5
RandomForest,1674,4,1,0.47,0,0.5
RandomForest,1675,3,0,0.55,1,0.5
RandomForest,1676,3,0,0.59,1,0.5
RandomForest,1677,3,1,0.53,1,0.5
RandomForest,1678,3,0,0.58,1,0.5
RandomForest,1679,3,1,0.3,0,0.5
RandomForest,1680,3,1,0.27,0,0.5
RandomForest,1681,3,1,0.39,0,0.5
RandomForest,1682,3,1,0.31,0,0.5
RandomForest,1683,3,1,0.59,1,0.5
RandomForest,1684,3,1,0.54,1,0.5
RandomForest,1685,3,1,0.18,0,0.5
RandomForest,1686,3,1,0.5,1,0.5
RandomForest,1687,3,0,0.33,0,0.5
RandomForest,1688,2,1,0.37,0,0.5
RandomForest,1689,3,1,0.54,1,0.5
RandomForest,1690,5,0,0.39,0,0.5
RandomForest,1691,5,1,0.8,1,0.5
RandomForest,1692,2,1,0.89,1,0.5
RandomForest,1693,3,1,0.7,1,0.5
RandomForest,1694,4,1,0.47,0,0.5
RandomForest,1695,4,1,0.24,0,0.5
RandomForest,1696,3,0,0.69,1,0.5
RandomForest,1697,3,0,0.42,0,0.5
RandomForest,1698,3,1,0.54,1,0.5
RandomForest,1699,4,0,0.18,0,0.5
RandomForest,1700,3,1,0.18,0,0.5
RandomForest,1701,4,1,0.15,0,0.5
RandomForest,1702,3,0,0.12,0,0.5
RandomForest,1703,3,0,0.09,0,0.5
RandomForest,1704,3,0,0.12,0,0.5
RandomForest,1705,2,0,0.13,0,0.5
RandomForest,1706,3,0,0.21,0,0.5
RandomForest,1707,2,0,0.21,0,0.5
RandomForest,1708,2,0,0.24,0,0.5
RandomForest,1709,2,0,0.32,0,0.5
RandomForest,1710,4,0,0.15,0,0.5
RandomForest,1711,3,0,0.24,0,0.5
RandomForest,1712,4,0,0.22,0,0.5
RandomForest,1713,3,1,0.17,0,0.5
RandomForest,1714,5,0,0.1,0,0.5
RandomForest,1715,5,0,0.19,0,0.5
RandomForest,1716,4,0,0.24,0,0.5
RandomForest,1717,3,1,0.47,0,0.5
RandomForest,1718,3,0,0.2,0,0.5
RandomForest,1719,3,1,0.25,0,0.5
RandomForest,1720,2,0,0.35,0,0.5
RandomForest,1721,2,1,0.13,0,0.5
RandomForest,1722,3,0,0.21,0,0.5
RandomForest,1723,4,0,0.07,0,0.5
RandomForest,1724,3,0,0.16,0,0.5
RandomForest,1725,5,0,0.12,0,0.5
RandomForest,1726,5,0,0.15,0,0.5
RandomForest,1727,4,0,0.13,0,0.5
RandomForest,1728,2,0,0.17,0,0.5
RandomForest,1729,3,0,0.3,0,0.5
RandomForest,1730,5,1,0.26,0,0.5
RandomForest,1731,2,0,0.05,0,0.5
RandomForest,1732,5,0,0.14,0,0.5
RandomForest,1733,3,0,0.17,0,0.5
RandomForest,1734,3,0,0.39,0,0.5
RandomForest,1735,3,0,0.27,0,0.5
RandomForest,1736,3,0,0.09,0,0.5
RandomForest,1737,3,1,0.11,0,0.5
RandomForest,1738,5,0,0.08,0,0.5
RandomForest,1739,3,0,0.03,0,0.5
RandomForest,1740,3,0,0.12,0,0.5
RandomForest,1741,3,0,0.43,0,0.5
RandomForest,1742,3,0,0.33,0,0.5
RandomForest,1743,3,1,0.61,1,0.5
RandomForest,1744,3,1,0.53,1,0.5
RandomForest,1745,4,0,0.13,0,0.5
RandomForest,1746,2,0,0.09,0,0.5
RandomForest,1747,3,0,0.11,0,0.5
RandomForest,1748,5,1,0.33,0,0.5
RandomForest,1749,3,0,0.61,1,0.5
RandomForest,1750,3,0,0.73,1,0.5
RandomForest,1751,4,1,0.45,0,0.5
RandomForest,1752,3,1,0.24,0,0.5
RandomForest,1753,3,0,0.08,0,0.5
RandomForest,1754,2,0,0.34,0,0.5
RandomForest,1755,3,0,0.2,0,0.5
RandomForest,1756,2,0,0.23,0,0.5
RandomForest,1757,4,0,0.25,0,0.5
RandomForest,1758,2,0,0.03,0,0.5
RandomForest,1759,5,1,0.04,0,0.5
RandomForest,1760,2,0,0.16,0,0.5
RandomForest,1761,5,0,0.07,0,0.5
RandomForest,1762,2,0,0.01,0,0.5
RandomForest,1763,5,0,0.25,0,0.5
RandomForest,1764,5,0,0.18,0,0.5
RandomForest,1765,3,0,0.08,0,0.5
RandomForest,1766,3,0,0.24,0,0.5
RandomForest,1767,4,0,0.3,0,0.5
RandomForest,1768,3,0,0.52,1,0.5
RandomForest,1769,3,0,0.02,0,0.5
RandomForest,1770,5,0,0.03,0,0.5
RandomForest,1771,3,0,0.06,0,0.5
RandomForest,1772,4,0,0.03,0,0.5
RandomForest,1773,5,0,0.01,0,0.5
RandomForest,1774,4,0,0.02,0,0.5
RandomForest,1775,2,0,0.04,0,0.5
RandomForest,1776,4,0,0.14,0,0.5
RandomForest,1777,2,0,0.02,0,0.5
RandomForest,1778,5,0,0.03,0,0.5
RandomForest,1779,2,0,0.12,0,0.5
RandomForest,1780,3,0,0.14,0,0.5
RandomForest,1781,4,0,0.16,0,0.5
RandomForest,1782,5,0,0.16,0,0.5
RandomForest,1783,2,0,0.13,0,0.5
RandomForest,1784,3,0,0.2,0,0.5
RandomForest,1785,3,0,0.32,0,0.5
RandomForest,1786,3,0,0.25,0,0.5
RandomForest,1787,3,0,0.1,0,0.5
RandomForest,1788,3,0,0.15,0,0.5
RandomForest,1789,5,0,0.02,0,0.5
RandomForest,1790,5,0,0.03,0,0.5
RandomForest,1791,5,0,0.04,0,0.5
RandomForest,1792,3,0,0.09,0,0.5
RandomForest,1793,3,0,0.09,0,0.5
RandomForest,1794,3,0,0.06,0,0.5
RandomForest,1795,2,0,0.16,0,0.5
RandomForest,1796,2,0,0.03,0,0.5
RandomForest,1797,3,0,0.13,0,0.5
RandomForest,1798,5,0,0.05,0,0.5
RandomForest,1799,3,1,0.31,0,0.5
RandomForest,1800,3,0,0.48,0,0.5
RandomForest,1801,3,0,0.2,0,0.5
RandomForest,1802,3,1,0.17,0,0.5
RandomForest,1803,3,0,0.06,0,0.5
RandomForest,1804,4,0,0.1,0,0.5
RandomForest,1805,4,0,0.07,0,0.5
RandomForest,1806,4,0,0.18,0,0.5
RandomForest,1807,3,0,0.05,0,0.5
RandomForest,1808,3,0,0.1,0,0.5
RandomForest,1809,5,0,0.0,0,0.5
RandomForest,1810,2,0,0.02,0,0.5
RandomForest,1811,5,0,0.01,0,0.5
RandomForest,1812,3,1,0.48,0,0.5
RandomForest,1813,3,1,0.41,0,0.5
RandomForest,1814,3,1,0.13,0,0.5
RandomForest,1815,5,0,0.08,0,0.5
RandomForest,1816,5,0,0.28,0,0.5
RandomForest,1817,5,1,0.28,0,0.5
RandomForest,1818,3,1,0.59,1,0.5
RandomForest,1819,3,0,0.12,0,0.5
RandomForest,1820,3,0,0.09,0,0.5
RandomForest,1821,3,1,0.5,1,0.5
RandomForest,1822,3,0,0.37,0,0.5
RandomForest,1823,3,0,0.03,0,0.5
RandomForest,1824,2,0,0.08,0,0.5
RandomForest,1825,4,0,0.11,0,0.5
RandomForest,1826,3,1,0.7,1,0.5
RandomForest,1827,3,0,0.13,0,0.5
RandomForest,1828,2,0,0.02,0,0.5
RandomForest,1829,3,0,0.0,0,0.5
RandomForest,1830,4,1,0.79,1,0.5
RandomForest,1831,5,0,0.16,0,0.5
RandomForest,1832,5,1,0.8,1,0.5
RandomForest,1833,2,1,0.69,1,0.5
RandomForest,1834,3,0,0.06,0,0.5
RandomForest,1835,4,1,0.7,1,0.5
RandomForest,1836,4,0,0.12,0,0.5
RandomForest,1837,5,1,0.77,1,0.5
RandomForest,1838,4,1,0.57,1,0.5
RandomForest,1839,2,1,0.61,1,0.5
RandomForest,1840,3,0,0.31,0,0.5
RandomForest,1841,4,0,0.09,0,0.5
RandomForest,1842,5,0,0.54,1,0.5
RandomForest,1843,2,0,0.17,0,0.5
RandomForest,1844,3,0,0.22,0,0.5
RandomForest,1845,3,1,0.66,1,0.5
RandomForest,1846,2,0,0.12,0,0.5
RandomForest,1847,4,0,0.08,0,0.5
RandomForest,1848,5,1,0.43,0,0.5
RandomForest,1849,3,0,0.31,0,0.5
RandomForest,1850,3,0,0.29,0,0.5
RandomForest,1851,3,0,0.15,0,0.5
RandomForest,1852,5,0,0.03,0,0.5
RandomForest,1853,3,0,0.13,0,0.5
RandomForest,1854,3,1,0.17,0,0.5
RandomForest,1855,3,0,0.19,0,0.5
RandomForest,1856,3,0,0.26,0,0.5
RandomForest,1857,3,1,0.24,0,0.5
RandomForest,1858,5,0,0.09,0,0.5
RandomForest,1859,3,1,0.13,0,0.5
RandomForest,1860,2,0,0.29,0,0.5
RandomForest,1861,2,0,0.06,0,0.5
RandomForest,1862,2,0,0.26,0,0.5
RandomForest,1863,2,0,0.1,0,0.5
RandomForest,1864,3,0,0.26,0,0.5
RandomForest,1865,3,1,0.22,0,0.5
RandomForest,1866,4,0,0.11,0,0.5
RandomForest,1867,2,0,0.1,0,0.5
RandomForest,1868,2,0,0.15,0,0.5
RandomForest,1869,4,0,0.23,0,0.5
RandomForest,1870,3,0,0.14,0,0.5
RandomForest,1871,3,1,0.06,0,0.5
RandomForest,1872,4,0,0.05,0,0.5
RandomForest,1873,5,0,0.04,0,0.5
RandomForest,1874,4,0,0.05,0,0.5
RandomForest,1875,5,0,0.01,0,0.5
RandomForest,1876,5,0,0.08,0,0.5
RandomForest,1877,4,0,0.06,0,0.5
RandomForest,1878,2,0,0.03,0,0.5
RandomForest,1879,2,0,0.03,0,0.5
RandomForest,1880,3,0,0.14,0,0.5
RandomForest,1881,2,0,0.01,0,0.5
RandomForest,1882,4,0,0.01,0,0.5
RandomForest,1883,3,1,0.29,0,0.5
RandomForest,1884,3,0,0.25,0,0.5
RandomForest,1885,3,0,0.21,0,0.5
RandomForest,1886,5,1,0.43,0,0.5
RandomForest,1887,4,0,0.06,0,0.5
RandomForest,1888,5,0,0.03,0,0.5
RandomForest,1889,3,0,0.2,0,0.5
RandomForest,1890,5,0,0.16,0,0.5
RandomForest,1891,2,0,0.21,0,0.5
RandomForest,1892,2,0,0.22,0,0.5
RandomForest,1893,5,1,0.0,0,0.5
RandomForest,1894,2,0,0.16,0,0.5
RandomForest,1895,3,0,0.05,0,0.5
RandomForest,1896,2,0,0.07,0,0.5
RandomForest,1897,3,0,0.25,0,0.5
RandomForest,1898,2,0,0.14,0,0.5
RandomForest,1899,4,0,0.05,0,0.5
RandomForest,1900,2,0,0.06,0,0.5
RandomForest,1901,3,1,0.22,0,0.5
RandomForest,1902,4,0,0.16,0,0.5
RandomForest,1903,3,0,0.04,0,0.5
RandomForest,1904,4,0,0.02,0,0.5
RandomForest,1905,5,0,0.0,0,0.5
RandomForest,1906,2,0,0.1,0,0.5
RandomForest,1907,2,0,0.45,0,0.5
RandomForest,1908,3,0,0.03,0,0.5
RandomForest,1909,4,0,0.1,0,0.5
RandomForest,1910,4,0,0.07,0,0.5
RandomForest,1911,4,0,0.1,0,0.5
RandomForest,1912,3,0,0.06,0,0.5
RandomForest,1913,3,0,0.06,0,0.5
RandomForest,1914,2,0,0.59,1,0.5
RandomForest,1915,4,0,0.06,0,0.5
RandomForest,1916,4,0,0.08,0,0.5
RandomForest,1917,4,0,0.1,0,0.5
RandomForest,1918,4,0,0.18,0,0.5
RandomForest,1919,2,0,0.04,0,0.5
RandomForest,1920,5,0,0.23,0,0.5
RandomForest,1921,4,1,0.02,0,0.5
RandomForest,1922,3,0,0.08,0,0.5
RandomForest,1923,3,0,0.02,0,0.5
RandomForest,1924,3,0,0.07,0,0.5
RandomForest,1925,3,0,0.03,0,0.5
RandomForest,1926,3,0,0.07,0,0.5
RandomForest,1927,3,0,0.09,0,0.5
RandomForest,1928,3,0,0.08,0,0.5
RandomForest,1929,3,0,0.04,0,0.5
RandomForest,1930,3,0,0.05,0,0.5
RandomForest,1931,3,0,0.07,0,0.5
RandomForest,1932,3,0,0.13,0,0.5
RandomForest,1933,3,0,0.07,0,0.5
RandomForest,1934,5,0,0.01,0,0.5
RandomForest,1935,3,0,0.05,0,0.5
RandomForest,1936,3,0,0.06,0,0.5
RandomForest,1937,3,0,0.1,0,0.5
RandomForest,1938,4,0,0.27,0,0.5
RandomForest,1939,3,1,0.37,0,0.5
RandomForest,1940,5,0,0.03,0,0.5
RandomForest,1941,2,0,0.0,0,0.5
RandomForest,1942,3,0,0.02,0,0.5
RandomForest,1943,4,0,0.03,0,0.5
RandomForest,1944,5,0,0.0,0,0.5
RandomForest,1945,2,0,0.02,0,0.5
RandomForest,1946,3,0,0.01,0,0.5
RandomForest,1947,5,0,0.01,0,0.5
RandomForest,1948,3,0,0.07,0,0.5
RandomForest,1949,4,1,0.16,0,0.5
RandomForest,1950,4,0,0.04,0,0.5
RandomForest,1951,5,0,0.01,0,0.5
RandomForest,1952,5,0,0.01,0,0.5
RandomForest,1953,2,0,0.02,0,0.5
RandomForest,1954,3,0,0.0,0,0.5
RandomForest,1955,3,0,0.03,0,0.5
RandomForest,1956,2,0,0.03,0,0.5
RandomForest,1957,2,0,0.07,0,0.5
RandomForest,1958,3,1,0.13,0,0.5
RandomForest,1959,4,0,0.09,0,0.5
RandomForest,1960,5,0,0.46,0,0.5
RandomForest,1961,2,0,0.11,0,0.5
RandomForest,1962,2,1,0.08,0,0.5
RandomForest,1963,5,0,0.14,0,0.5
RandomForest,1964,2,0,0.11,0,0.5
RandomForest,1965,4,0,0.07,0,0.5
RandomForest,1966,4,0,0.01,0,0.5
RandomForest,1967,2,0,0.03,0,0.5
RandomForest,1968,5,0,0.03,0,0.5
RandomForest,1969,2,0,0.05,0,0.5
RandomForest,1970,5,0,0.04,0,0.5
RandomForest,1971,3,0,0.2,0,0.5
RandomForest,1972,3,0,0.24,0,0.5
RandomForest,1973,3,1,0.13,0,0.5
RandomForest,1974,3,0,0.41,0,0.5
RandomForest,1975,5,0,0.02,0,0.5
RandomForest,1976,4,0,0.03,0,0.5
RandomForest,1977,4,0,0.08,0,0.5
RandomForest,1978,3,0,0.16,0,0.5
RandomForest,1979,4,0,0.07,0,0.5
RandomForest,1980,2,0,0.04,0,0.5
RandomForest,1981,5,0,0.01,0,0.5
RandomForest,1982,4,0,0.27,0,0.5
RandomForest,1983,4,0,0.02,0,0.5
RandomForest,1984,4,0,0.01,0,0.5
RandomForest,1985,4,0,0.06,0,0.5
RandomForest,1986,4,0,0.02,0,0.5
RandomForest,1987,4,0,0.28,0,0.5
RandomForest,1988,2,0,0.03,0,0.5
RandomForest,1989,4,0,0.13,0,0.5
RandomForest,1990,3,0,0.12,0,0.5
RandomForest,1991,3,0,0.13,0,0.5
RandomForest,1992,4,0,0.1,0,0.5
RandomForest,1993,3,0,0.08,0,0.5
RandomForest,1994,5,0,0.06,0,0.5
RandomForest,1995,3,0,0.04,0,0.5
RandomForest,1996,2,0,0.04,0,0.5
RandomForest,1997,5,0,0.17,0,0.5
RandomForest,1998,2,0,0.14,0,0.5
RandomForest,1999,5,0,0.12,0,0.5
RandomForest,2000,5,0,0.04,0,0.5
RandomForest,2001,4,0,0.25,0,0.5
RandomForest,2002,3,0,0.14,0,0.5
RandomForest,2003,5,0,0.05,0,0.5
RandomForest,2004,4,0,0.03,0,0.5
RandomForest,2005,3,0,0.17,0,0.5
RandomForest,2006,4,0,0.47,0,0.5
RandomForest,2007,2,1,0.14,0,0.5
RandomForest,2008,2,0,0.01,0,0.5
RandomForest,2009,3,0,0.02,0,0.5
RandomForest,2010,4,0,0.05,0,0.5
RandomForest,2011,5,0,0.11,0,0.5
RandomForest,2012,3,0,0.11,0,0.5
RandomForest,2013,4,0,0.25,0,0.5
RandomForest,2014,4,0,0.09,0,0.5
RandomForest,2015,4,0,0.11,0,0.5
RandomForest,2016,2,0,0.08,0,0.5
RandomForest,2017,4,0,0.02,0,0.5
RandomForest,2018,2,0,0.05,0,0.5
RandomForest,2019,5,0,0.0,0,0.5
RandomForest,2020,4,0,0.18,0,0.5
RandomForest,2021,4,0,0.04,0,0.5
RandomForest,2022,3,0,0.24,0,0.5
RandomForest,2023,3,0,0.11,0,0.5
RandomForest,2024,3,0,0.08,0,0.5
RandomForest,2025,3,0,0.09,0,0.5
RandomForest,2026,2,0,0.03,0,0.5
RandomForest,2027,4,0,0.15,0,0.5
RandomForest,2028,4,0,0.07,0,0.5
RandomForest,2029,3,0,0.03,0,0.5
RandomForest,2030,3,0,0.02,0,0.5
RandomForest,2031,5,0,0.09,0,0.5
RandomForest,2032,4,1,0.04,0,0.5
RandomForest,2033,4,1,0.06,0,0.5
RandomForest,2034,4,1,0.07,0,0.5
RandomForest,2035,2,0,0.1,0,0.5
RandomForest,2036,2,0,0.13,0,0.5
RandomForest,2037,4,0,0.24,0,0.5
RandomForest,2038,5,0,0.14,0,0.5
RandomForest,2039,2,0,0.19,0,0.5
RandomForest,2040,5,0,0.17,0,0.5
RandomForest,2041,3,0,0.41,0,0.5
RandomForest,2042,4,0,0.32,0,0.5
RandomForest,2043,3,0,0.18,0,0.5
RandomForest,2044,3,0,0.06,0,0.5
RandomForest,2045,3,0,0.31,0,0.5
RandomForest,2046,3,1,0.1,0,0.5
RandomForest,2047,3,1,0.12,0,0.5
RandomForest,2048,4,0,0.26,0,0.5
RandomForest,2049,3,1,0.57,1,0.5
RandomForest,2050,2,0,0.11,0,0.5
RandomForest,2051,4,0,0.18,0,0.5
RandomForest,2052,2,1,0.27,0,0.5
RandomForest,2053,5,0,0.24,0,0.5
RandomForest,2054,3,0,0.12,0,0.5
RandomForest,2055,3,0,0.15,0,0.5
RandomForest,2056,3,0,0.24,0,0.5
RandomForest,2057,4,0,0.07,0,0.5
RandomForest,2058,5,0,0.02,0,0.5
RandomForest,2059,3,0,0.05,0,0.5
RandomForest,2060,2,0,0.11,0,0.5
RandomForest,2061,4,0,0.19,0,0.5
RandomForest,2062,5,0,0.23,0,0.5
RandomForest,2063,4,0,0.05,0,0.5
RandomForest,2064,3,0,0.09,0,0.5
RandomForest,2065,3,0,0.19,0,0.5
RandomForest,2066,3,0,0.38,0,0.5
RandomForest,2067,3,0,0.27,0,0.5
RandomForest,2068,5,0,0.1,0,0.5
RandomForest,2069,2,0,0.05,0,0.5
RandomForest,2070,5,0,0.08,0,0.5
RandomForest,2071,3,0,0.33,0,0.5
RandomForest,2072,3,0,0.16,0,0.5
RandomForest,2073,3,0,0.01,0,0.5
RandomForest,2074,2,0,0.0,0,0.5
RandomForest,2075,3,0,0.02,0,0.5
RandomForest,2076,3,0,0.0,0,0.5
RandomForest,2077,5,0,0.11,0,0.5
RandomForest,2078,2,0,0.08,0,0.5
RandomForest,2079,4,0,0.13,0,0.5
RandomForest,2080,4,0,0.02,0,0.5
RandomForest,2081,3,0,0.07,0,0.5
RandomForest,2082,4,0,0.03,0,0.5
RandomForest,2083,3,0,0.05,0,0.5
RandomForest,2084,3,0,0.01,0,0.5
RandomForest,2085,3,0,0.02,0,0.5
RandomForest,2086,5,0,0.01,0,0.5
RandomForest,2087,5,0,0.0,0,0.5
RandomForest,2088,4,0,0.08,0,0.5
RandomForest,2089,3,0,0.31,0,0.5
RandomForest,2090,4,0,0.09,0,0.5
RandomForest,2091,5,0,0.02,0,0.5
RandomForest,2092,5,0,0.0,0,0.5
RandomForest,2093,2,0,0.31,0,0.5
RandomForest,2094,2,0,0.2,0,0.5
RandomForest,2095,4,0,0.13,0,0.5
RandomForest,2096,3,1,0.19,0,0.5
RandomForest,2097,5,0,0.16,0,0.5
RandomForest,2098,2,1,0.59,1,0.5
RandomForest,2099,5,0,0.16,0,0.5
RandomForest,2100,5,1,0.31,0,0.5
RandomForest,2101,5,1,0.54,1,0.5
RandomForest,2102,4,0,0.13,0,0.5
RandomForest,2103,4,0,0.16,0,0.5
RandomForest,2104,2,1,0.64,1,0.5
RandomForest,2105,4,0,0.11,0,0.5
RandomForest,2106,2,0,0.19,0,0.5
RandomForest,2107,3,0,0.18,0,0.5
RandomForest,2108,3,1,0.18,0,0.5
RandomForest,2109,3,1,0.2,0,0.5
RandomForest,2110,3,1,0.22,0,0.5
RandomForest,2111,4,0,0.38,0,0.5
RandomForest,2112,4,0,0.29,0,0.5
RandomForest,2113,3,0,0.19,0,0.5
RandomForest,2114,2,0,0.19,0,0.5
RandomForest,2115,2,0,0.24,0,0.5
RandomForest,2116,3,1,0.13,0,0.5
RandomForest,2117,3,1,0.21,0,0.5
RandomForest,2118,3,1,0.19,0,0.5
RandomForest,2119,3,0,0.09,0,0.5
RandomForest,2120,2,0,0.07,0,0.5
RandomForest,2121,4,0,0.28,0,0.5
RandomForest,2122,3,1,0.25,0,0.5
RandomForest,2123,3,0,0.05,0,0.5
RandomForest,2124,3,1,0.2,0,0.5
RandomForest,2125,3,1,0.11,0,0.5
RandomForest,2126,5,1,0.18,0,0.5
RandomForest,2127,3,0,0.28,0,0.5
RandomForest,2128,2,0,0.22,0,0.5
RandomForest,2129,2,0,0.1,0,0.5
RandomForest,2130,3,0,0.21,0,0.5
RandomForest,2131,3,0,0.29,0,0.5
RandomForest,2132,2,0,0.08,0,0.5
RandomForest,2133,5,0,0.11,0,0.5
RandomForest,2134,5,0,0.09,0,0.5
RandomForest,2135,3,0,0.2,0,0.5
RandomForest,2136,3,0,0.19,0,0.5
RandomForest,2137,4,0,0.41,0,0.5
RandomForest,2138,3,0,0.06,0,0.5
RandomForest,2139,5,0,0.05,0,0.5
RandomForest,2140,4,0,0.14,0,0.5
RandomForest,2141,5,0,0.05,0,0.5
RandomForest,2142,3,0,0.29,0,0.5
RandomForest,2143,2,0,0.14,0,0.5
RandomForest,2144,3,0,0.05,0,0.5
RandomForest,2145,2,1,0.56,1,0.5
RandomForest,2146,4,0,0.2,0,0.5
RandomForest,2147,5,0,0.06,0,0.5
RandomForest,2148,4,0,0.06,0,0.5
RandomForest,2149,2,0,0.19,0,0.5
RandomForest,2150,3,0,0.04,0,0.5
RandomForest,2151,5,0,0.05,0,0.5
RandomForest,2152,3,0,0.16,0,0.5
RandomForest,2153,4,0,0.1,0,0.5
RandomForest,2154,3,0,0.01,0,0.5
RandomForest,2155,3,0,0.06,0,0.5
RandomForest,2156,5,1,0.59,1,0.5
RandomForest,2157,3,0,0.33,0,0.5
RandomForest,2158,2,0,0.28,0,0.5
RandomForest,2159,2,0,0.1,0,0.5
RandomForest,2160,5,0,0.19,0,0.5
RandomForest,2161,4,0,0.23,0,0.5
RandomForest,2162,3,0,0.31,0,0.5
RandomForest,2163,4,0,0.36,0,0.5
RandomForest,2164,3,0,0.49,0,0.5
RandomForest,2165,5,0,0.3,0,0.5
RandomForest,2166,3,1,0.51,1,0.5
RandomForest,2167,3,1,0.52,1,0.5
GradientBoosting,0,3,0,0.17902712300811352,0,0.5
GradientBoosting,1,3,1,0.42485918673537404,0,0.5
GradientBoosting,2,5,0,0.7193768151616179,1,0.5
GradientBoosting,3,3,1,0.7422965415849745,1,0.5
GradientBoosting,4,2,0,0.24157784246282982,0,0.5
GradientBoosting,5,4,0,0.10260004513001465,0,0.5
GradientBoosting,6,3,0,0.3040166108077467,0,0.5
GradientBoosting,7,2,1,0.5869832995969422,1,0.5
GradientBoosting,8,3,1,0.4040671372090716,0,0.5
GradientBoosting,9,2,0,0.5891125488914163,1,0.5
GradientBoosting,10,3,0,0.1647543275503275,0,0.5
GradientBoosting,11,4,0,0.6653147095758902,1,0.5
GradientBoosting,12,3,0,0.3285309468648112,0,0.5
GradientBoosting,13,2,1,0.6146604914230721,1,0.5
GradientBoosting,14,5,1,0.8524372761535663,1,0.5
GradientBoosting,15,2,0,0.16828157985765943,0,0.5
GradientBoosting,16,3,0,0.1734448673644226,0,0.5
GradientBoosting,17,4,0,0.10539757739229981,0,0.5
GradientBoosting,18,3,0,0.15072918012270406,0,0.5
GradientBoosting,19,4,0,0.11875593016874751,0,0.5
GradientBoosting,20,2,1,0.7126834607233932,1,0.5
GradientBoosting,21,5,0,0.48214449248536057,0,0.5
GradientBoosting,22,4,0,0.18723069966173167,0,0.5
GradientBoosting,23,3,0,0.3161762900233522,0,0.5
GradientBoosting,24,4,1,0.1222670022258955,0,0.5
GradientBoosting,25,4,0,0.16983767552632872,0,0.5
GradientBoosting,26,5,0,0.3623445472171674,0,0.5
GradientBoosting,27,4,0,0.30575069473034366,0,0.5
GradientBoosting,28,3,0,0.1592353444041204,0,0.5
GradientBoosting,29,5,0,0.065204227297884,0,0.5
GradientBoosting,30,2,0,0.49405075659957515,0,0.5
GradientBoosting,31,3,0,0.2175495708385148,0,0.5
GradientBoosting,32,3,1,0.47597985887827643,0,0.5
GradientBoosting,33,2,1,0.4639051555450218,0,0.5
GradientBoosting,34,5,1,0.5519661800175393,1,0.5
GradientBoosting,35,3,1,0.825262139120362,1,0.5
GradientBoosting,36,4,0,0.8183576340150814,1,0.5
GradientBoosting,37,5,0,0.05167681814801389,0,0.5
GradientBoosting,38,5,0,0.8559574615675228,1,0.5
GradientBoosting,39,2,0,0.21606801731218636,0,0.5
GradientBoosting,40,3,0,0.20545297659824951,0,0.5
GradientBoosting,41,4,0,0.09617108215305492,0,0.5
GradientBoosting,42,2,0,0.40119391406129307,0,0.5
GradientBoosting,43,5,0,0.14277583589068243,0,0.5
GradientBoosting,44,5,0,0.15337372273382377,0,0.5
GradientBoosting,45,2,0,0.43907105149961134,0,0.5
GradientBoosting,46,3,0,0.17465776364809518,0,0.5
GradientBoosting,47,3,0,0.13054510544381834,0,0.5
GradientBoosting,48,4,0,0.1921573542639222,0,0.5
GradientBoosting,49,5,0,0.07326821689757515,0,0.5
GradientBoosting,50,4,0,0.3845865116511167,0,0.5
GradientBoosting,51,5,0,0.3799157932883624,0,0.5
GradientBoosting,52,3,0,0.8920932448230425,1,0.5
GradientBoosting,53,2,0,0.39415306785329685,0,0.5
GradientBoosting,54,3,1,0.47800653069238014,0,0.5
GradientBoosting,55,4,0,0.4886514979774592,0,0.5
GradientBoosting,56,5,0,0.18367655992983764,0,0.5
GradientBoosting,57,5,0,0.49698552034400867,0,0.5
GradientBoosting,58,3,0,0.17185198938072507,0,0.5
GradientBoosting,59,2,0,0.5172361352860431,1,0.5
GradientBoosting,60,4,0,0.1155671915142877,0,0.5
GradientBoosting,61,4,0,0.4039878004842754,0,0.5
GradientBoosting,62,5,0,0.0603848117769387,0,0.5
GradientBoosting,63,3,0,0.28230390046604953,0,0.5
GradientBoosting,64,5,0,0.08035827654520784,0,0.5
GradientBoosting,65,3,0,0.3441557279676298,0,0.5
GradientBoosting,66,2,0,0.6287954722268975,1,0.5
GradientBoosting,67,4,0,0.11441569996126696,0,0.5
GradientBoosting,68,4,0,0.5765754319557344,1,0.5
GradientBoosting,69,5,0,0.05520208883983747,0,0.5
GradientBoosting,70,3,0,0.33052203733449353,0,0.5
GradientBoosting,71,2,0,0.3861236151974613,0,0.5
GradientBoosting,72,3,0,0.2329516555772482,0,0.5
GradientBoosting,73,4,0,0.3313025685577089,0,0.5
GradientBoosting,74,2,0,0.31198363661192274,0,0.5
GradientBoosting,75,2,0,0.19457576278578495,0,0.5
GradientBoosting,76,3,1,0.16577451730501097,0,0.5
GradientBoosting,77,3,0,0.11102566042198724,0,0.5
GradientBoosting,78,3,0,0.39237812260772115,0,0.5
GradientBoosting,79,5,0,0.18179913976728895,0,0.5
GradientBoosting,80,3,0,0.17889499653713595,0,0.5
GradientBoosting,81,3,0,0.38454428628733145,0,0.5
GradientBoosting,82,3,0,0.5357238456984902,1,0.5
GradientBoosting,83,2,0,0.1775482338735104,0,0.5
GradientBoosting,84,3,0,0.27342524009298336,0,0.5
GradientBoosting,85,5,0,0.6338881486106045,1,0.5
GradientBoosting,86,2,0,0.06290458900363732,0,0.5
GradientBoosting,87,4,1,0.7539643009402316,1,0.5
GradientBoosting,88,4,0,0.1104342215510044,0,0.5
GradientBoosting,89,3,0,0.02353124297037811,0,0.5
GradientBoosting,90,3,0,0.09268994161484354,0,0.5
GradientBoosting,91,2,0,0.04673027657781452,0,0.5
GradientBoosting,92,4,1,0.9165661803868768,1,0.5
GradientBoosting,93,5,0,0.0318343339348145,0,0.5
GradientBoosting,94,2,0,0.4775457528104225,0,0.5
GradientBoosting,95,3,0,0.05207463569040929,0,0.5
GradientBoosting,96,2,0,0.16127899482699787,0,0.5
GradientBoosting,97,3,0,0.369586826143858,0,0.5
GradientBoosting,98,5,0,0.09421222597739248,0,0.5
GradientBoosting,99,2,0,0.10766433268294924,0,0.5
GradientBoosting,100,4,0,0.24162889866284618,0,0.5
GradientBoosting,101,2,0,0.12695181393278362,0,0.5
GradientBoosting,102,3,0,0.07798048971083654,0,0.5
GradientBoosting,103,4,0,0.13306206628860537,0,0.5
GradientBoosting,104,5,0,0.037376026707269194,0,0.5
GradientBoosting,105,3,0,0.2852585114772216,0,0.5
GradientBoosting,106,3,0,0.5052026002719511,1,0.5
GradientBoosting,107,5,0,0.060564328743966764,0,0.5
GradientBoosting,108,3,0,0.08984708418884468,0,0.5
GradientBoosting,109,4,0,0.08188778914168611,0,0.5
GradientBoosting,110,5,0,0.029556066917963263,0,0.5
GradientBoosting,111,2,0,0.040466104350401155,0,0.5
GradientBoosting,112,3,0,0.058330558917232676,0,0.5
GradientBoosting,113,4,0,0.06259838043788213,0,0.5
GradientBoosting,114,5,0,0.506843846096783,1,0.5
GradientBoosting,115,5,0,0.18616758352205837,0,0.5
GradientBoosting,116,2,0,0.07743650758101882,0,0.5
GradientBoosting,117,3,0,0.026395062117750306,0,0.5
GradientBoosting,118,4,1,0.39787295025261815,0,0.5
GradientBoosting,119,5,1,0.08202602884647141,0,0.5
GradientBoosting,120,3,1,0.4259334155542497,0,0.5
GradientBoosting,121,3,0,0.569959768804228,1,0.5
GradientBoosting,122,4,0,0.06258448075834344,0,0.5
GradientBoosting,123,2,0,0.3885451887564848,0,0.5
GradientBoosting,124,2,0,0.38377348043867243,0,0.5
GradientBoosting,125,4,0,0.7572524066835468,1,0.5
GradientBoosting,126,3,0,0.41779182482587396,0,0.5
GradientBoosting,127,2,0,0.24790541024183682,0,0.5
GradientBoosting,128,4,1,0.4459042029975731,0,0.5
GradientBoosting,129,5,1,0.4552779962010081,0,0.5
GradientBoosting,130,3,0,0.2593666266755436,0,0.5
GradientBoosting,131,3,0,0.27162084831653566,0,0.5
GradientBoosting,132,5,0,0.06567075161221618,0,0.5
GradientBoosting,133,3,0,0.23202702733237465,0,0.5
GradientBoosting,134,3,0,0.21481533562407049,0,0.5
GradientBoosting,135,3,0,0.3713601052735057,0,0.5
GradientBoosting,136,3,0,0.6376174914256302,1,0.5
GradientBoosting,137,3,0,0.2855283478720062,0,0.5
GradientBoosting,138,3,0,0.3932659861099251,0,0.5
GradientBoosting,139,2,0,0.08753187097028987,0,0.5
GradientBoosting,140,4,0,0.17932718625117064,0,0.5
GradientBoosting,141,4,0,0.6406507444718594,1,0.5
GradientBoosting,142,5,0,0.16152040088298023,0,0.5
GradientBoosting,143,3,0,0.2007581996878656,0,0.5
GradientBoosting,144,2,0,0.04356159008148487,0,0.5
GradientBoosting,145,4,0,0.18508887736232651,0,0.5
GradientBoosting,146,5,0,0.09561123027908142,0,0.5
GradientBoosting,147,3,0,0.03894770515278037,0,0.5
GradientBoosting,148,2,0,0.07718389125777596,0,0.5
GradientBoosting,149,3,0,0.1332138082151775,0,0.5
GradientBoosting,150,4,0,0.09083524322150957,0,0.5
GradientBoosting,151,5,0,0.03230899406564291,0,0.5
GradientBoosting,152,2,0,0.024738513924274,0,0.5
GradientBoosting,153,5,0,0.020445634505417715,0,0.5
GradientBoosting,154,3,0,0.018184419848118607,0,0.5
GradientBoosting,155,5,0,0.013608289746380573,0,0.5
GradientBoosting,156,2,0,0.021309893284700704,0,0.5
GradientBoosting,157,3,0,0.02294701154006413,0,0.5
GradientBoosting,158,5,0,0.05363433010500838,0,0.5
GradientBoosting,159,5,1,0.6602373229770119,1,0.5
GradientBoosting,160,2,0,0.08550275097445244,0,0.5
GradientBoosting,161,3,1,0.5890455180349947,1,0.5
GradientBoosting,162,3,0,0.363834617830918,0,0.5
GradientBoosting,163,3,0,0.26769098240785066,0,0.5
GradientBoosting,164,3,0,0.30453814359956344,0,0.5
GradientBoosting,165,3,0,0.19285912607954717,0,0.5
GradientBoosting,166,5,0,0.1476718018347225,0,0.5
GradientBoosting,167,5,0,0.46563560356665007,0,0.5
GradientBoosting,168,2,0,0.05873681532876617,0,0.5
GradientBoosting,169,2,0,0.011394158527256462,0,0.5
GradientBoosting,170,4,0,0.11354510638657343,0,0.5
GradientBoosting,171,4,0,0.5299322490809111,1,0.5
GradientBoosting,172,4,0,0.6354079504788825,1,0.5
GradientBoosting,173,4,0,0.7019975313309521,1,0.5
GradientBoosting,174,5,0,0.08078991947409432,0,0.5
GradientBoosting,175,2,0,0.062309256413184425,0,0.5
GradientBoosting,176,3,0,0.05278849061161588,0,0.5
GradientBoosting,177,3,0,0.5816961341449637,1,0.5
GradientBoosting,178,4,0,0.10200650127349685,0,0.5
GradientBoosting,179,5,0,0.6212796746202531,1,0.5
GradientBoosting,180,4,0,0.34781170567366804,0,0.5
GradientBoosting,181,4,0,0.38239166511041833,0,0.5
GradientBoosting,182,2,0,0.12432008977648996,0,0.5
GradientBoosting,183,4,0,0.022836137799639188,0,0.5
GradientBoosting,184,5,0,0.1372237673112417,0,0.5
GradientBoosting,185,2,1,0.19446291659721146,0,0.5
GradientBoosting,186,4,0,0.31113537247275735,0,0.5
GradientBoosting,187,3,0,0.051392750851651216,0,0.5
GradientBoosting,188,3,0,0.17337928003525138,0,0.5
GradientBoosting,189,2,0,0.11757065020182397,0,0.5
GradientBoosting,190,3,0,0.16211879960389874,0,0.5
GradientBoosting,191,2,1,0.7233155078503264,1,0.5
GradientBoosting,192,3,0,0.10306886316792602,0,0.5
GradientBoosting,193,5,0,0.11316841721660875,0,0.5
GradientBoosting,194,2,0,0.09870318063541197,0,0.5
GradientBoosting,195,5,1,0.328333965419196,0,0.5
GradientBoosting,196,2,0,0.19003806207240534,0,0.5
GradientBoosting,197,4,0,0.06679582483317824,0,0.5
GradientBoosting,198,3,0,0.26162567038322065,0,0.5
GradientBoosting,199,3,0,0.16155711044770832,0,0.5
GradientBoosting,200,4,1,0.49546365651415697,0,0.5
GradientBoosting,201,2,0,0.11931423508141013,0,0.5
GradientBoosting,202,2,1,0.6098929963878621,1,0.5
GradientBoosting,203,2,0,0.45049121177814855,0,0.5
GradientBoosting,204,2,0,0.3240424095162781,0,0.5
GradientBoosting,205,3,0,0.019879710281084362,0,0.5
GradientBoosting,206,4,0,0.21345983985898667,0,0.5
GradientBoosting,207,3,0,0.2729008197650154,0,0.5
GradientBoosting,208,4,0,0.4727759276223058,0,0.5
GradientBoosting,209,2,1,0.7783341871841942,1,0.5
GradientBoosting,210,3,0,0.4560952526726204,0,0.5
GradientBoosting,211,4,1,0.7580084971667559,1,0.5
GradientBoosting,212,3,1,0.2076118189371774,0,0.5
GradientBoosting,213,4,0,0.23663541803684268,0,0.5
GradientBoosting,214,5,0,0.5450474562854878,1,0.5
GradientBoosting,215,2,1,0.37757057741147965,0,0.5
GradientBoosting,216,4,0,0.15912260193121117,0,0.5
GradientBoosting,217,2,0,0.3415605750034877,0,0.5
GradientBoosting,218,3,1,0.8487040584555596,1,0.5
GradientBoosting,219,4,1,0.30964578488661265,0,0.5
GradientBoosting,220,2,1,0.532794058941631,1,0.5
GradientBoosting,221,2,1,0.6470872101421572,1,0.5
GradientBoosting,222,3,0,0.43072033340298066,0,0.5
GradientBoosting,223,2,0,0.4246040802034384,0,0.5
GradientBoosting,224,3,1,0.7830126657468546,1,0.5
GradientBoosting,225,2,0,0.20983556535506379,0,0.5
GradientBoosting,226,3,1,0.7432777899405908,1,0.5
GradientBoosting,227,3,0,0.23951856613730413,0,0.5
GradientBoosting,228,2,1,0.2741021849768763,0,0.5
GradientBoosting,229,3,0,0.2141360658983338,0,0.5
GradientBoosting,230,2,0,0.3247045430986161,0,0.5
GradientBoosting,231,3,0,0.13652468805213336,0,0.5
GradientBoosting,232,4,0,0.04826531428196501,0,0.5
GradientBoosting,233,5,1,0.6775049926545692,1,0.5
GradientBoosting,234,3,0,0.3988600528047661,0,0.5
GradientBoosting,235,3,0,0.21171721821862446,0,0.5
GradientBoosting,236,2,0,0.07247533871647523,0,0.5
GradientBoosting,237,4,0,0.15651482371077122,0,0.5
GradientBoosting,238,3,1,0.2518080136584924,0,0.5
GradientBoosting,239,4,0,0.15347174187800486,0,0.5
GradientBoosting,240,2,0,0.26613945667253436,0,0.5
GradientBoosting,241,4,0,0.11417268161489443,0,0.5
GradientBoosting,242,3,0,0.7522499410879597,1,0.5
GradientBoosting,243,3,0,0.1897091116629166,0,0.5
GradientBoosting,244,2,0,0.4815558455054367,0,0.5
GradientBoosting,245,3,0,0.26731769115248033,0,0.5
GradientBoosting,246,3,0,0.7573569980228116,1,0.5
GradientBoosting,247,3,0,0.20897142408338917,0,0.5
GradientBoosting,248,2,1,0.4057074223597468,0,0.5
GradientBoosting,249,5,0,0.10821635226169682,0,0.5
GradientBoosting,250,3,0,0.06462244438428477,0,0.5
GradientBoosting,251,3,0,0.08291508541227618,0,0.5
GradientBoosting,252,3,0,0.665713214707007,1,0.5
GradientBoosting,253,4,0,0.3586845060953193,0,0.5
GradientBoosting,254,3,0,0.3890991921468607,0,0.5
GradientBoosting,255,5,0,0.056225356942374474,0,0.5
GradientBoosting,256,2,0,0.5754188213902266,1,0.5
GradientBoosting,257,5,0,0.4065531545774452,0,0.5
GradientBoosting,258,5,0,0.11361183577905604,0,0.5
GradientBoosting,259,2,0,0.0587300932010352,0,0.5
GradientBoosting,260,4,0,0.17834700126264805,0,0.5
GradientBoosting,261,3,0,0.1937376145388601,0,0.5
GradientBoosting,262,2,0,0.2677112130964677,0,0.5
GradientBoosting,263,3,0,0.10862166446461484,0,0.5
GradientBoosting,264,3,0,0.510289177895174,1,0.5
GradientBoosting,265,5,0,0.06261743902057387,0,0.5
GradientBoosting,266,3,0,0.6709513370511562,1,0.5
GradientBoosting,267,3,0,0.07600710957177978,0,0.5
GradientBoosting,268,3,0,0.6792991737892486,1,0.5
GradientBoosting,269,3,1,0.5153210637053994,1,0.5
GradientBoosting,270,3,0,0.1144078037980027,0,0.5
GradientBoosting,271,3,0,0.4186773093750027,0,0.5
GradientBoosting,272,5,1,0.41543054444529176,0,0.5
GradientBoosting,273,4,0,0.46650868118088973,0,0.5
GradientBoosting,274,5,0,0.07242588338856781,0,0.5
GradientBoosting,275,2,0,0.0657187348338161,0,0.5
GradientBoosting,276,3,0,0.1581275877145904,0,0.5
GradientBoosting,277,3,0,0.1459430425931633,0,0.5
GradientBoosting,278,3,0,0.3482811289747844,0,0.5
GradientBoosting,279,3,1,0.12653577121709336,0,0.5
GradientBoosting,280,2,0,0.1703485232314538,0,0.5
GradientBoosting,281,3,0,0.11359657982170275,0,0.5
GradientBoosting,282,3,0,0.38468216194541605,0,0.5
GradientBoosting,283,2,0,0.051966411152963826,0,0.5
GradientBoosting,284,4,0,0.27381173121245517,0,0.5
GradientBoosting,285,2,0,0.15588808002153276,0,0.5
GradientBoosting,286,5,1,0.053456373969996786,0,0.5
GradientBoosting,287,3,0,0.23516988468401734,0,0.5
GradientBoosting,288,4,0,0.7931297769799925,1,0.5
GradientBoosting,289,5,0,0.10011953448533698,0,0.5
GradientBoosting,290,3,0,0.18585289809348451,0,0.5
GradientBoosting,291,2,1,0.8470758796010318,1,0.5
GradientBoosting,292,3,0,0.636795583324398,1,0.5
GradientBoosting,293,4,0,0.10168218131411821,0,0.5
GradientBoosting,294,5,0,0.6406709621830312,1,0.5
GradientBoosting,295,2,0,0.6749405957102335,1,0.5
GradientBoosting,296,5,0,0.0424328454061807,0,0.5
GradientBoosting,297,3,0,0.6582033651827909,1,0.5
GradientBoosting,298,2,0,0.3529615362626451,0,0.5
GradientBoosting,299,3,0,0.087014338244498,0,0.5
GradientBoosting,300,4,1,0.6635895307628441,1,0.5
GradientBoosting,301,5,0,0.5328456370261764,1,0.5
GradientBoosting,302,5,0,0.08160613083976177,0,0.5
GradientBoosting,303,2,0,0.21095632165097838,0,0.5
GradientBoosting,304,5,0,0.12389677713046895,0,0.5
GradientBoosting,305,3,0,0.11216479705886861,0,0.5
GradientBoosting,306,3,0,0.3554660459098478,0,0.5
GradientBoosting,307,3,1,0.1791813317830942,0,0.5
GradientBoosting,308,3,0,0.13329772916882648,0,0.5
GradientBoosting,309,3,0,0.03255448422138071,0,0.5
GradientBoosting,310,3,0,0.07179655753206204,0,0.5
GradientBoosting,311,4,0,0.023830762880456716,0,0.5
GradientBoosting,312,5,0,0.010481971302927696,0,0.5
GradientBoosting,313,5,0,0.04539782466632343,0,0.5
GradientBoosting,314,5,0,0.07206651685776706,0,0.5
GradientBoosting,315,3,0,0.40588653435048744,0,0.5
GradientBoosting,316,3,0,0.11907025655291906,0,0.5
GradientBoosting,317,5,0,0.10471928218380509,0,0.5
GradientBoosting,318,3,1,0.14419952019371865,0,0.5
GradientBoosting,319,5,0,0.1655703943684338,0,0.5
GradientBoosting,320,3,0,0.2684033849546038,0,0.5
GradientBoosting,321,3,1,0.06988504475140554,0,0.5
GradientBoosting,322,3,1,0.21877059368224336,0,0.5
GradientBoosting,323,4,0,0.032621613436897685,0,0.5
GradientBoosting,324,4,0,0.0496898722614783,0,0.5
GradientBoosting,325,4,0,0.13905708192221858,0,0.5
GradientBoosting,326,5,0,0.07791448017741633,0,0.5
GradientBoosting,327,3,0,0.07066643730619424,0,0.5
GradientBoosting,328,2,0,0.11694578315318428,0,0.5
GradientBoosting,329,2,0,0.07575205667307487,0,0.5
GradientBoosting,330,3,1,0.22355605968910855,0,0.5
GradientBoosting,331,4,0,0.4764388939651622,0,0.5
GradientBoosting,332,3,0,0.46510761036602505,0,0.5
GradientBoosting,333,2,0,0.14833546915289636,0,0.5
GradientBoosting,334,3,0,0.46435867757292676,0,0.5
GradientBoosting,335,2,0,0.3437717118041282,0,0.5
GradientBoosting,336,5,0,0.3941154675815014,0,0.5
GradientBoosting,337,2,0,0.4883938784866193,0,0.5
GradientBoosting,338,3,1,0.4012074266817035,0,0.5
GradientBoosting,339,3,0,0.3774791505825129,0,0.5
GradientBoosting,340,4,0,0.08129220785974083,0,0.5
GradientBoosting,341,5,0,0.1608809313903976,0,0.5
GradientBoosting,342,3,0,0.04359861345694009,0,0.5
GradientBoosting,343,3,0,0.049397692496135605,0,0.5
GradientBoosting,344,2,0,0.48453707670064017,0,0.5
GradientBoosting,345,5,1,0.15122970470822544,0,0.5
GradientBoosting,346,5,0,0.05739111162622573,0,0.5
GradientBoosting,347,5,0,0.14651262959659556,0,0.5
GradientBoosting,348,4,0,0.08447761396516687,0,0.5
GradientBoosting,349,3,0,0.03772371844723864,0,0.5
GradientBoosting,350,2,0,0.07166558296560069,0,0.5
GradientBoosting,351,3,0,0.38966210560615383,0,0.5
GradientBoosting,352,5,0,0.18486115142319984,0,0.5
GradientBoosting,353,3,0,0.2829964864462513,0,0.5
GradientBoosting,354,3,0,0.34714966496861493,0,0.5
GradientBoosting,355,3,0,0.08454485162576468,0,0.5
GradientBoosting,356,3,0,0.06731228139499278,0,0.5
GradientBoosting,357,4,0,0.2261631917193754,0,0.5
GradientBoosting,358,3,0,0.06148765349855498,0,0.5
GradientBoosting,359,5,0,0.06783725736592637,0,0.5
GradientBoosting,360,3,0,0.15407845180216448,0,0.5
GradientBoosting,361,3,0,0.11282421020812188,0,0.5
GradientBoosting,362,3,0,0.2265072190876374,0,0.5
GradientBoosting,363,3,0,0.12304123250240123,0,0.5
GradientBoosting,364,3,1,0.6257157010182797,1,0.5
GradientBoosting,365,4,0,0.09203237391593297,0,0.5
GradientBoosting,366,3,1,0.48950643356904877,0,0.5
GradientBoosting,367,3,0,0.25671504385592137,0,0.5
GradientBoosting,368,2,0,0.5757219625767732,1,0.5
GradientBoosting,369,2,0,0.7315347909830322,1,0.5
GradientBoosting,370,3,0,0.1020017606080818,0,0.5
GradientBoosting,371,5,0,0.3707437491982573,0,0.5
GradientBoosting,372,3,0,0.12612248619535396,0,0.5
GradientBoosting,373,2,0,0.03234596842307878,0,0.5
GradientBoosting,374,3,1,0.6236614040114199,1,0.5
GradientBoosting,375,4,0,0.0658993567827344,0,0.5
GradientBoosting,376,4,0,0.7280277836093463,1,0.5
GradientBoosting,377,2,0,0.44135846737665574,0,0.5
GradientBoosting,378,3,1,0.1955766630418944,0,0.5
GradientBoosting,379,4,0,0.05521965153082763,0,0.5
GradientBoosting,380,3,0,0.3447819403795646,0,0.5
GradientBoosting,381,5,1,0.726559534391399,1,0.5
GradientBoosting,382,5,0,0.13080693690395362,0,0.5
GradientBoosting,383,2,0,0.061458380037463664,0,0.5
GradientBoosting,384,3,0,0.3052076164960132,0,0.5
GradientBoosting,385,3,0,0.1103948240917502,0,0.5
GradientBoosting,386,4,0,0.04436537119390733,0,0.5
GradientBoosting,387,3,0,0.20707562667828713,0,0.5
GradientBoosting,388,3,0,0.22953529284484026,0,0.5
GradientBoosting,389,3,0,0.2621510276228538,0,0.5
GradientBoosting,390,4,0,0.1364874056244588,0,0.5
GradientBoosting,391,2,0,0.13105149750221842,0,0.5
GradientBoosting,392,3,0,0.5464676490703849,1,0.5
GradientBoosting,393,3,0,0.1696512547088669,0,0.5
GradientBoosting,394,3,1,0.7317452472108518,1,0.5
GradientBoosting,395,3,0,0.3209975415960954,0,0.5
GradientBoosting,396,3,0,0.2773980538959785,0,0.5
GradientBoosting,397,3,0,0.08189421306762602,0,0.5
GradientBoosting,398,3,0,0.4148640526254415,0,0.5
GradientBoosting,399,3,0,0.06718142270158746,0,0.5
GradientBoosting,400,3,0,0.3775918375602819,0,0.5
GradientBoosting,401,4,0,0.09504885227123183,0,0.5
GradientBoosting,402,5,0,0.026844327378882638,0,0.5
GradientBoosting,403,2,0,0.14312579345846932,0,0.5
GradientBoosting,404,4,0,0.4865349208173908,0,0.5
GradientBoosting,405,4,0,0.2706343287821115,0,0.5
GradientBoosting,406,3,0,0.33626918924114707,0,0.5
GradientBoosting,407,3,0,0.12131695526398815,0,0.5
GradientBoosting,408,3,0,0.13357560403371366,0,0.5
GradientBoosting,409,5,0,0.15889182872414054,0,0.5
GradientBoosting,410,3,0,0.10757540274157448,0,0.5
GradientBoosting,411,5,1,0.16495827464520585,0,0.5
GradientBoosting,412,2,0,0.20777274531099263,0,0.5
GradientBoosting,413,4,0,0.16252498467618232,0,0.5
GradientBoosting,414,3,0,0.015409546262959288,0,0.5
GradientBoosting,415,5,0,0.019947408943379402,0,0.5
GradientBoosting,416,4,0,0.05755389665020979,0,0.5
GradientBoosting,417,3,0,0.038370207348162794,0,0.5
GradientBoosting,418,4,0,0.06480892050092371,0,0.5
GradientBoosting,419,5,0,0.022132621659540955,0,0.5
GradientBoosting,420,4,0,0.03319735116098613,0,0.5
GradientBoosting,421,2,0,0.02698858658983539,0,0.5
GradientBoosting,422,3,0,0.030300301437142695,0,0.5
GradientBoosting,423,3,0,0.02974834254304684,0,0.5
GradientBoosting,424,3,0,0.0389158576745485,0,0.5
GradientBoosting,425,5,0,0.029133856354854607,0,0.5
GradientBoosting,426,4,0,0.034892660912094545,0,0.5
GradientBoosting,427,5,0,0.15581663500184323,0,0.5
GradientBoosting,428,3,0,0.0389158576745485,0,0.5
GradientBoosting,429,2,0,0.011347545442288384,0,0.5
GradientBoosting,430,3,0,0.019589716056607063,0,0.5
GradientBoosting,431,4,0,0.12744696695658012,0,0.5
GradientBoosting,432,2,0,0.21815891336310494,0,0.5
GradientBoosting,433,3,0,0.2131900042605006,0,0.5
GradientBoosting,434,4,0,0.14341638834990408,0,0.5
GradientBoosting,435,5,0,0.2075301202446249,0,0.5
GradientBoosting,436,3,0,0.04827939317601244,0,0.5
GradientBoosting,437,3,0,0.049527419693434736,0,0.5
GradientBoosting,438,2,0,0.3167845166065486,0,0.5
GradientBoosting,439,3,0,0.08847321395681756,0,0.5
GradientBoosting,440,4,0,0.22778240344236442,0,0.5
GradientBoosting,441,2,0,0.0971763613481764,0,0.5
GradientBoosting,442,5,0,0.4043042534735358,0,0.5
GradientBoosting,443,5,0,0.6407987395550014,1,0.5
GradientBoosting,444,3,1,0.7287529386367703,1,0.5
GradientBoosting,445,2,0,0.4156925256391453,0,0.5
GradientBoosting,446,2,0,0.07045238461593636,0,0.5
GradientBoosting,447,3,0,0.6976511147788478,1,0.5
GradientBoosting,448,4,0,0.49720807881763546,0,0.5
GradientBoosting,449,2,0,0.12996539551097405,0,0.5
GradientBoosting,450,5,0,0.26967752584202853,0,0.5
GradientBoosting,451,3,0,0.09171956404527783,0,0.5
GradientBoosting,452,4,1,0.40267024388604317,0,0.5
GradientBoosting,453,2,0,0.7372661654052467,1,0.5
GradientBoosting,454,4,0,0.41614247580173513,0,0.5
GradientBoosting,455,5,0,0.2626007008669638,0,0.5
GradientBoosting,456,3,0,0.8256727986146324,1,0.5
GradientBoosting,457,2,0,0.3701531922183377,0,0.5
GradientBoosting,458,4,0,0.37788975170637834,0,0.5
GradientBoosting,459,3,0,0.10662909483497263,0,0.5
GradientBoosting,460,2,0,0.041699704028183154,0,0.5
GradientBoosting,461,3,0,0.32197971012607557,0,0.5
GradientBoosting,462,3,0,0.2514671584071893,0,0.5
GradientBoosting,463,4,0,0.20760378043333405,0,0.5
GradientBoosting,464,4,0,0.3998543272538012,0,0.5
GradientBoosting,465,3,0,0.642153950871022,1,0.5
GradientBoosting,466,3,0,0.5456335135065072,1,0.5
GradientBoosting,467,5,1,0.4507961911855907,0,0.5
GradientBoosting,468,3,0,0.0787712016538448,0,0.5
GradientBoosting,469,3,0,0.16809073562943438,0,0.5
GradientBoosting,470,3,0,0.1304279609243025,0,0.5
GradientBoosting,471,2,0,0.3129718183259181,0,0.5
GradientBoosting,472,3,0,0.08189399296480217,0,0.5
GradientBoosting,473,5,0,0.20728206700833146,0,0.5
GradientBoosting,474,4,0,0.13607163864879182,0,0.5
GradientBoosting,475,5,0,0.08989286545815398,0,0.5
GradientBoosting,476,2,0,0.12813370929537837,0,0.5
GradientBoosting,477,3,0,0.03902631493990634,0,0.5
GradientBoosting,478,3,0,0.23987108160344905,0,0.5
GradientBoosting,479,4,0,0.4497867655677249,0,0.5
GradientBoosting,480,5,0,0.05789981021852177,0,0.5
GradientBoosting,481,3,0,0.0377438961408795,0,0.5
GradientBoosting,482,4,1,0.7883830021514565,1,0.5
GradientBoosting,483,5,0,0.7926218621146564,1,0.5
GradientBoosting,484,2,0,0.8138732858025162,1,0.5
GradientBoosting,485,3,0,0.1536174348651107,0,0.5
GradientBoosting,486,3,0,0.6358162305698277,1,0.5
GradientBoosting,487,4,1,0.8166027327998454,1,0.5
GradientBoosting,488,2,1,0.9112759659654278,1,0.5
GradientBoosting,489,4,0,0.12354701934849496,0,0.5
GradientBoosting,490,3,0,0.4240235698509353,0,0.5
GradientBoosting,491,4,0,0.2639184267145583,0,0.5
GradientBoosting,492,5,0,0.16970899604887452,0,0.5
GradientBoosting,493,3,0,0.17944780401188937,0,0.5
GradientBoosting,494,2,0,0.1937929522599438,0,0.5
GradientBoosting,495,5,0,0.07490576409555355,0,0.5
GradientBoosting,496,3,0,0.04389921069711526,0,0.5
GradientBoosting,497,2,0,0.10992736354074666,0,0.5
GradientBoosting,498,5,0,0.12541543892012633,0,0.5
GradientBoosting,499,5,0,0.4602434524063834,0,0.5
GradientBoosting,500,5,1,0.335389078844281,0,0.5
GradientBoosting,501,3,1,0.8735291165166197,1,0.5
GradientBoosting,502,2,1,0.5752064490606579,1,0.5
GradientBoosting,503,3,0,0.012052384645521969,0,0.5
GradientBoosting,504,4,0,0.13777234733426366,0,0.5
GradientBoosting,505,5,0,0.4543833650616353,0,0.5
GradientBoosting,506,2,0,0.23529916990573227,0,0.5
GradientBoosting,507,3,0,0.037100047950784504,0,0.5
GradientBoosting,508,3,1,0.33963842556919094,0,0.5
GradientBoosting,509,3,0,0.6806733600444687,1,0.5
GradientBoosting,510,4,0,0.05124111007509629,0,0.5
GradientBoosting,511,5,1,0.7810030484395956,1,0.5
GradientBoosting,512,2,1,0.6559978026886274,1,0.5
GradientBoosting,513,3,0,0.05863222278682153,0,0.5
GradientBoosting,514,3,0,0.040067284797459066,0,0.5
GradientBoosting,515,5,0,0.22598174062122353,0,0.5
GradientBoosting,516,4,0,0.17301364024645263,0,0.5
GradientBoosting,517,3,0,0.2340554826642423,0,0.5
GradientBoosting,518,2,0,0.33851405758447084,0,0.5
GradientBoosting,519,5,0,0.29019336621915065,0,0.5
GradientBoosting,520,5,0,0.12495971126744697,0,0.5
GradientBoosting,521,4,0,0.07995801765229349,0,0.5
GradientBoosting,522,5,0,0.2641465433642507,0,0.5
GradientBoosting,523,3,1,0.8222494970270626,1,0.5
GradientBoosting,524,3,0,0.24168921498637583,0,0.5
GradientBoosting,525,2,0,0.6910096665357118,1,0.5
GradientBoosting,526,3,0,0.18953066846749814,0,0.5
GradientBoosting,527,3,0,0.06525241178879065,0,0.5
GradientBoosting,528,4,0,0.5240591516994627,1,0.5
GradientBoosting,529,5,0,0.5774162520139823,1,0.5
GradientBoosting,530,3,0,0.490890178523759,0,0.5
GradientBoosting,531,2,1,0.18160693993013524,0,0.5
GradientBoosting,532,3,1,0.7355184643132563,1,0.5
GradientBoosting,533,4,0,0.05108573350006121,0,0.5
GradientBoosting,534,5,0,0.09638465206883229,0,0.5
GradientBoosting,535,5,0,0.09371222612882177,0,0.5
GradientBoosting,536,3,0,0.336309474776472,0,0.5
GradientBoosting,537,2,1,0.4698296799303,0,0.5
GradientBoosting,538,2,0,0.26496996862315697,0,0.5
GradientBoosting,539,4,0,0.07805168422934557,0,0.5
GradientBoosting,540,4,0,0.033415756814561465,0,0.5
GradientBoosting,541,5,0,0.04453631111944075,0,0.5
GradientBoosting,542,2,0,0.1990182659258428,0,0.5
GradientBoosting,543,2,0,0.0752794450330316,0,0.5
GradientBoosting,544,5,0,0.09946359213166195,0,0.5
GradientBoosting,545,2,0,0.1344399870468101,0,0.5
GradientBoosting,546,4,0,0.1149050106778201,0,0.5
GradientBoosting,547,4,0,0.1787004955102445,0,0.5
GradientBoosting,548,2,0,0.04111377274577358,0,0.5
GradientBoosting,549,2,0,0.5173509941988681,1,0.5
GradientBoosting,550,2,0,0.06562700846793647,0,0.5
GradientBoosting,551,3,0,0.37189478856382785,0,0.5
GradientBoosting,552,3,0,0.06575491895299537,0,0.5
GradientBoosting,553,2,0,0.16539376054659058,0,0.5
GradientBoosting,554,3,0,0.396571182150418,0,0.5
GradientBoosting,555,4,0,0.11330014222661525,0,0.5
GradientBoosting,556,5,1,0.15762246380924844,0,0.5
GradientBoosting,557,3,0,0.05369226872161445,0,0.5
GradientBoosting,558,2,1,0.2572146935314366,0,0.5
GradientBoosting,559,2,0,0.04734650249470422,0,0.5
GradientBoosting,560,5,0,0.2934378342011407,0,0.5
GradientBoosting,561,3,0,0.3551959875391513,0,0.5
GradientBoosting,562,3,1,0.5761694599354958,1,0.5
GradientBoosting,563,2,0,0.420627889354792,0,0.5
GradientBoosting,564,3,0,0.28223848786135813,0,0.5
GradientBoosting,565,4,0,0.14989102935483345,0,0.5
GradientBoosting,566,2,0,0.09626937804116562,0,0.5
GradientBoosting,567,4,0,0.21853137199544043,0,0.5
GradientBoosting,568,5,0,0.045782356781020016,0,0.5
GradientBoosting,569,5,0,0.04535596295498059,0,0.5
GradientBoosting,570,4,0,0.07871457733612977,0,0.5
GradientBoosting,571,5,0,0.10561811996806594,0,0.5
GradientBoosting,572,5,0,0.08028499087374862,0,0.5
GradientBoosting,573,2,0,0.11866924327130443,0,0.5
GradientBoosting,574,2,0,0.15316332225260185,0,0.5
GradientBoosting,575,2,0,0.07203271662438468,0,0.5
GradientBoosting,576,3,0,0.12888885449265053,0,0.5
GradientBoosting,577,5,0,0.08162913061970029,0,0.5
GradientBoosting,578,2,0,0.09822798200709705,0,0.5
GradientBoosting,579,5,0,0.08784658736822173,0,0.5
GradientBoosting,580,2,0,0.11762266414963354,0,0.5
GradientBoosting,581,5,0,0.0887629100105501,0,0.5
GradientBoosting,582,3,0,0.1136288702536511,0,0.5
GradientBoosting,583,5,0,0.2698026265282097,0,0.5
GradientBoosting,584,2,0,0.1184872854213874,0,0.5
GradientBoosting,585,4,0,0.04689924336500843,0,0.5
GradientBoosting,586,4,0,0.03610404862130054,0,0.5
GradientBoosting,587,2,0,0.4202238931551216,0,0.5
GradientBoosting,588,3,0,0.21152524885366233,0,0.5
GradientBoosting,589,3,0,0.7029917624317904,1,0.5
GradientBoosting,590,5,1,0.12161678333790132,0,0.5
GradientBoosting,591,3,0,0.019811199868114488,0,0.5
GradientBoosting,592,3,1,0.14218698047018777,0,0.5
GradientBoosting,593,2,0,0.05174285386442771,0,0.5
GradientBoosting,594,3,0,0.31732961530624787,0,0.5
GradientBoosting,595,3,0,0.31732961530624787,0,0.5
GradientBoosting,596,3,1,0.2462625308410176,0,0.5
GradientBoosting,597,5,0,0.5060516264469466,1,0.5
GradientBoosting,598,2,0,0.11168602316721749,0,0.5
GradientBoosting,599,2,0,0.18929631089757884,0,0.5
GradientBoosting,600,3,0,0.08096071072421376,0,0.5
GradientBoosting,601,5,0,0.025269194511395726,0,0.5
GradientBoosting,602,3,0,0.20474914084786633,0,0.5
GradientBoosting,603,4,0,0.03831342810894024,0,0.5
GradientBoosting,604,3,0,0.06794430389178428,0,0.5
GradientBoosting,605,3,0,0.4786384355361118,0,0.5
GradientBoosting,606,2,0,0.05555179281439973,0,0.5
GradientBoosting,607,3,0,0.33232069073314113,0,0.5
GradientBoosting,608,3,0,0.4015278263114029,0,0.5
GradientBoosting,609,5,0,0.0906843520667084,0,0.5
GradientBoosting,610,4,0,0.030896709109489693,0,0.5
GradientBoosting,611,3,0,0.0920370103107999,0,0.5
GradientBoosting,612,2,0,0.13944183563536305,0,0.5
GradientBoosting,613,2,0,0.380485141583617,0,0.5
GradientBoosting,614,3,0,0.09961841299727693,0,0.5
GradientBoosting,615,2,0,0.03275461428025361,0,0.5
GradientBoosting,616,3,1,0.78487550145766,1,0.5
GradientBoosting,617,3,1,0.5841586483764569,1,0.5
GradientBoosting,618,3,0,0.7301213476378668,1,0.5
GradientBoosting,619,3,0,0.3921047207426409,0,0.5
GradientBoosting,620,3,0,0.24102207756973268,0,0.5
GradientBoosting,621,3,0,0.34287443968029857,0,0.5
GradientBoosting,622,3,1,0.6172976934093554,1,0.5
GradientBoosting,623,5,0,0.016824268694852297,0,0.5
GradientBoosting,624,5,0,0.06431560720398886,0,0.5
GradientBoosting,625,3,0,0.03401978135658792,0,0.5
GradientBoosting,626,5,0,0.020135594170283152,0,0.5
GradientBoosting,627,2,0,0.03904715016984903,0,0.5
GradientBoosting,628,3,0,0.05826768955202586,0,0.5
GradientBoosting,629,3,0,0.4702138056754566,0,0.5
GradientBoosting,630,2,0,0.058482230377479995,0,0.5
GradientBoosting,631,2,0,0.01818030737222245,0,0.5
GradientBoosting,632,3,0,0.19656408058043504,0,0.5
GradientBoosting,633,3,0,0.7621366820232455,1,0.5
GradientBoosting,634,3,0,0.2939711750374767,0,0.5
GradientBoosting,635,3,0,0.2335618659043244,0,0.5
GradientBoosting,636,2,0,0.2502099637331215,0,0.5
GradientBoosting,637,3,0,0.2187998141957095,0,0.5
GradientBoosting,638,5,0,0.16048856194592975,0,0.5
GradientBoosting,639,3,1,0.08357106662405689,0,0.5
GradientBoosting,640,3,0,0.8057929970042476,1,0.5
GradientBoosting,641,5,0,0.07611259118867546,0,0.5
GradientBoosting,642,5,0,0.04211640326942967,0,0.5
GradientBoosting,643,3,0,0.5319402033730019,1,0.5
GradientBoosting,644,3,0,0.22105188771371617,0,0.5
GradientBoosting,645,3,1,0.6172976934093554,1,0.5
GradientBoosting,646,4,0,0.09367234520966362,0,0.5
GradientBoosting,647,4,0,0.09810510502228112,0,0.5
GradientBoosting,648,3,0,0.08504188811474411,0,0.5
GradientBoosting,649,5,0,0.3445811671699541,0,0.5
GradientBoosting,650,4,1,0.2639138628602645,0,0.5
GradientBoosting,651,2,0,0.04944175385688521,0,0.5
GradientBoosting,652,3,0,0.038647322356599914,0,0.5
GradientBoosting,653,3,0,0.43919592964460263,0,0.5
GradientBoosting,654,3,0,0.06566141138615961,0,0.5
GradientBoosting,655,3,0,0.06347193073571751,0,0.5
GradientBoosting,656,3,0,0.024661022613570473,0,0.5
GradientBoosting,657,2,0,0.03300258542694148,0,0.5
GradientBoosting,658,3,0,0.16828955156002112,0,0.5
GradientBoosting,659,3,0,0.20849864291103204,0,0.5
GradientBoosting,660,3,1,0.5162307942571043,1,0.5
GradientBoosting,661,3,1,0.4425102200229931,0,0.5
GradientBoosting,662,3,0,0.2816487723243336,0,0.5
GradientBoosting,663,3,0,0.38932281804540225,0,0.5
GradientBoosting,664,4,0,0.04868329018525184,0,0.5
GradientBoosting,665,5,0,0.04896306900273053,0,0.5
GradientBoosting,666,3,0,0.06722043486873919,0,0.5
GradientBoosting,667,3,0,0.1473160467997434,0,0.5
GradientBoosting,668,2,0,0.41258486271138206,0,0.5
GradientBoosting,669,3,0,0.48689779611194234,0,0.5
GradientBoosting,670,4,0,0.15833833965091923,0,0.5
GradientBoosting,671,3,0,0.022658200511264822,0,0.5
GradientBoosting,672,4,0,0.12578229943478395,0,0.5
GradientBoosting,673,2,0,0.05364863803386105,0,0.5
GradientBoosting,674,2,1,0.08744439305295894,0,0.5
GradientBoosting,675,5,0,0.20287697302338847,0,0.5
GradientBoosting,676,3,1,0.4425102200229931,0,0.5
GradientBoosting,677,3,1,0.5162307942571043,1,0.5
GradientBoosting,678,5,0,0.5188445675031194,1,0.5
GradientBoosting,679,3,0,0.40406253666035125,0,0.5
GradientBoosting,680,3,0,0.7839946475159717,1,0.5
GradientBoosting,681,4,0,0.18783897314609443,0,0.5
GradientBoosting,682,4,0,0.08753271850031608,0,0.5
GradientBoosting,683,5,0,0.15143689094168208,0,0.5
GradientBoosting,684,5,0,0.07192218033364313,0,0.5
GradientBoosting,685,2,0,0.02924086989609381,0,0.5
GradientBoosting,686,4,0,0.059191366974779655,0,0.5
GradientBoosting,687,4,0,0.045015626685653475,0,0.5
GradientBoosting,688,3,1,0.558004808939123,1,0.5
GradientBoosting,689,5,0,0.3232445492140642,0,0.5
GradientBoosting,690,5,0,0.10200684790785416,0,0.5
GradientBoosting,691,2,0,0.03292554806738216,0,0.5
GradientBoosting,692,4,0,0.23101276217316083,0,0.5
GradientBoosting,693,2,1,0.4575446386406303,0,0.5
GradientBoosting,694,2,0,0.5805404962650631,1,0.5
GradientBoosting,695,2,0,0.3325595096326305,0,0.5
GradientBoosting,696,5,0,0.2658275287443583,0,0.5
GradientBoosting,697,4,0,0.5258808502990213,1,0.5
GradientBoosting,698,4,0,0.8190397358929987,1,0.5
GradientBoosting,699,5,0,0.09669379903873425,0,0.5
GradientBoosting,700,2,0,0.1950037795894609,0,0.5
GradientBoosting,701,2,0,0.2098987690461358,0,0.5
GradientBoosting,702,2,0,0.18589336376823112,0,0.5
GradientBoosting,703,2,0,0.2653361213782928,0,0.5
GradientBoosting,704,3,0,0.13367506921322694,0,0.5
GradientBoosting,705,4,0,0.027982702706684116,0,0.5
GradientBoosting,706,3,1,0.7489246114906578,1,0.5
GradientBoosting,707,2,0,0.08160528789912691,0,0.5
GradientBoosting,708,3,0,0.43212478369974056,0,0.5
GradientBoosting,709,3,0,0.09351006091673739,0,0.5
GradientBoosting,710,5,1,0.15761970122889626,0,0.5
GradientBoosting,711,3,0,0.20378691146955277,0,0.5
GradientBoosting,712,3,0,0.25079293044651163,0,0.5
GradientBoosting,713,3,0,0.29795650558856446,0,0.5
GradientBoosting,714,3,0,0.3066807558174452,0,0.5
GradientBoosting,715,3,0,0.0434410052010236,0,0.5
GradientBoosting,716,3,1,0.1867163111900469,0,0.5
GradientBoosting,717,4,1,0.5497946936152074,1,0.5
GradientBoosting,718,3,0,0.6040314856825597,1,0.5
GradientBoosting,719,2,0,0.061972006844836953,0,0.5
GradientBoosting,720,3,0,0.3150950676943133,0,0.5
GradientBoosting,721,5,0,0.09784688549193724,0,0.5
GradientBoosting,722,2,0,0.4100617390597604,0,0.5
GradientBoosting,723,4,0,0.07771370650896565,0,0.5
GradientBoosting,724,3,0,0.12348358419153359,0,0.5
GradientBoosting,725,3,0,0.08084356848965117,0,0.5
GradientBoosting,726,3,1,0.20870572429298445,0,0.5
GradientBoosting,727,3,1,0.0728933715536259,0,0.5
GradientBoosting,728,4,0,0.17572422447748112,0,0.5
GradientBoosting,729,5,0,0.0186549339022663,0,0.5
GradientBoosting,730,3,0,0.29373502437956794,0,0.5
GradientBoosting,731,2,1,0.14090483061084777,0,0.5
GradientBoosting,732,5,0,0.05274324129874801,0,0.5
GradientBoosting,733,3,0,0.6786626432292953,1,0.5
GradientBoosting,734,5,0,0.6868053856396142,1,0.5
GradientBoosting,735,3,0,0.14097732968523458,0,0.5
GradientBoosting,736,4,0,0.1347208942626181,0,0.5
GradientBoosting,737,5,1,0.28795655083840765,0,0.5
GradientBoosting,738,3,1,0.05454492069903975,0,0.5
GradientBoosting,739,4,0,0.18156430176126873,0,0.5
GradientBoosting,740,3,0,0.12840328950519425,0,0.5
GradientBoosting,741,3,0,0.1472001588564618,0,0.5
GradientBoosting,742,2,0,0.17726784515080882,0,0.5
GradientBoosting,743,2,0,0.2413348289519241,0,0.5
GradientBoosting,744,2,0,0.16972332962886721,0,0.5
GradientBoosting,745,5,0,0.022941391692022643,0,0.5
GradientBoosting,746,2,0,0.026737011820390566,0,0.5
GradientBoosting,747,5,0,0.11449960949622642,0,0.5
GradientBoosting,748,2,0,0.15787412472273074,0,0.5
GradientBoosting,749,2,0,0.09180981180095871,0,0.5
GradientBoosting,750,3,0,0.570871179987726,1,0.5
GradientBoosting,751,4,0,0.1861446132497506,0,0.5
GradientBoosting,752,5,0,0.30370883135795607,0,0.5
GradientBoosting,753,3,0,0.5973741542293299,1,0.5
GradientBoosting,754,3,1,0.7807922610246341,1,0.5
GradientBoosting,755,3,0,0.24518060400848962,0,0.5
GradientBoosting,756,5,0,0.14161021317083722,0,0.5
GradientBoosting,757,3,0,0.0887572893374503,0,0.5
GradientBoosting,758,5,0,0.06917651241832262,0,0.5
GradientBoosting,759,5,0,0.2666243553385579,0,0.5
GradientBoosting,760,5,0,0.06851019977031242,0,0.5
GradientBoosting,761,3,0,0.15111627037921224,0,0.5
GradientBoosting,762,3,0,0.12292595493537017,0,0.5
GradientBoosting,763,5,0,0.35984588987607324,0,0.5
GradientBoosting,764,2,1,0.6998840216195382,1,0.5
GradientBoosting,765,4,1,0.49439203489369893,0,0.5
GradientBoosting,766,3,0,0.3018526950390661,0,0.5
GradientBoosting,767,4,0,0.030846440914005867,0,0.5
GradientBoosting,768,4,1,0.13939705528127672,0,0.5
GradientBoosting,769,2,0,0.36994425349887483,0,0.5
GradientBoosting,770,5,0,0.14704161689847214,0,0.5
GradientBoosting,771,3,0,0.4015278263114029,0,0.5
GradientBoosting,772,2,0,0.055250558453011175,0,0.5
GradientBoosting,773,3,0,0.27714557213006624,0,0.5
GradientBoosting,774,4,0,0.0422771765552024,0,0.5
GradientBoosting,775,3,0,0.23425511019273138,0,0.5
GradientBoosting,776,5,0,0.13128821095150053,0,0.5
GradientBoosting,777,2,1,0.5577062063503467,1,0.5
GradientBoosting,778,3,0,0.40756872528936344,0,0.5
GradientBoosting,779,5,0,0.04526500851199835,0,0.5
GradientBoosting,780,4,0,0.13106012407245607,0,0.5
GradientBoosting,781,2,0,0.46546620335909117,0,0.5
GradientBoosting,782,3,0,0.09589242975223251,0,0.5
GradientBoosting,783,3,0,0.8751900659481325,1,0.5
GradientBoosting,784,4,0,0.03691825064863546,0,0.5
GradientBoosting,785,4,0,0.21546643356595024,0,0.5
GradientBoosting,786,3,0,0.10529566095778395,0,0.5
GradientBoosting,787,5,0,0.11657657647863462,0,0.5
GradientBoosting,788,3,0,0.11865026089122489,0,0.5
GradientBoosting,789,5,0,0.2394522208354353,0,0.5
GradientBoosting,790,5,0,0.3031465008752888,0,0.5
GradientBoosting,791,3,1,0.22851741758483834,0,0.5
GradientBoosting,792,3,0,0.09958763732803609,0,0.5
GradientBoosting,793,2,0,0.23194900406685845,0,0.5
GradientBoosting,794,3,0,0.6336925366080066,1,0.5
GradientBoosting,795,2,1,0.3287624276129844,0,0.5
GradientBoosting,796,5,0,0.8576322047835014,1,0.5
GradientBoosting,797,3,1,0.5822102176826542,1,0.5
GradientBoosting,798,5,0,0.9411341270809156,1,0.5
GradientBoosting,799,2,0,0.20177948895933487,0,0.5
GradientBoosting,800,3,0,0.055141295980105115,0,0.5
GradientBoosting,801,4,0,0.10070108823257486,0,0.5
GradientBoosting,802,3,0,0.12048439456707002,0,0.5
GradientBoosting,803,4,0,0.2942304724019372,0,0.5
GradientBoosting,804,5,0,0.4818333046682582,0,0.5
GradientBoosting,805,2,0,0.0907833147251719,0,0.5
GradientBoosting,806,5,0,0.08265374933609719,0,0.5
GradientBoosting,807,4,0,0.08707132665424998,0,0.5
GradientBoosting,808,3,0,0.38474830150821393,0,0.5
GradientBoosting,809,3,0,0.36147306270643853,0,0.5
GradientBoosting,810,2,1,0.06868282812152121,0,0.5
GradientBoosting,811,5,0,0.29341164562315036,0,0.5
GradientBoosting,812,4,0,0.24356266166177645,0,0.5
GradientBoosting,813,2,0,0.05481002420688123,0,0.5
GradientBoosting,814,4,1,0.058748322486528455,0,0.5
GradientBoosting,815,3,0,0.06838933483442744,0,0.5
GradientBoosting,816,4,0,0.023976447209965782,0,0.5
GradientBoosting,817,3,0,0.10501219336494023,0,0.5
GradientBoosting,818,2,0,0.1559824053393096,0,0.5
GradientBoosting,819,5,0,0.0377983674868228,0,0.5
GradientBoosting,820,4,0,0.14574173612072572,0,0.5
GradientBoosting,821,2,0,0.042039245117495176,0,0.5
GradientBoosting,822,4,0,0.06628086747999083,0,0.5
GradientBoosting,823,2,0,0.08448659706689858,0,0.5
GradientBoosting,824,2,0,0.17373318547490305,0,0.5
GradientBoosting,825,3,0,0.09653157164278657,0,0.5
GradientBoosting,826,3,0,0.13583374999511524,0,0.5
GradientBoosting,827,3,0,0.18254184310099816,0,0.5
GradientBoosting,828,4,0,0.09339096143827375,0,0.5
GradientBoosting,829,5,0,0.03022605740117124,0,0.5
GradientBoosting,830,4,0,0.34592380379733584,0,0.5
GradientBoosting,831,2,0,0.12629067513517625,0,0.5
GradientBoosting,832,3,0,0.032031589927783086,0,0.5
GradientBoosting,833,2,0,0.3835708394083976,0,0.5
GradientBoosting,834,5,1,0.46321474092851733,0,0.5
GradientBoosting,835,5,0,0.012890945106240392,0,0.5
GradientBoosting,836,4,0,0.13234788776848275,0,0.5
GradientBoosting,837,2,1,0.06271202671349692,0,0.5
GradientBoosting,838,3,0,0.5010696959455474,1,0.5
GradientBoosting,839,5,0,0.2128076439430018,0,0.5
GradientBoosting,840,2,0,0.2894209731241376,0,0.5
GradientBoosting,841,4,0,0.17117966788391387,0,0.5
GradientBoosting,842,5,0,0.4272418921815157,0,0.5
GradientBoosting,843,5,0,0.03143871552123395,0,0.5
GradientBoosting,844,4,1,0.4414645416658411,0,0.5
GradientBoosting,845,2,0,0.021539342482287283,0,0.5
GradientBoosting,846,3,0,0.4632502813231807,0,0.5
GradientBoosting,847,3,0,0.1397906757445214,0,0.5
GradientBoosting,848,4,0,0.048074186850065044,0,0.5
GradientBoosting,849,2,0,0.24924015993433293,0,0.5
GradientBoosting,850,3,0,0.14398265647060382,0,0.5
GradientBoosting,851,5,0,0.3504546603236015,0,0.5
GradientBoosting,852,4,0,0.08804213624932157,0,0.5
GradientBoosting,853,3,0,0.42090982059963455,0,0.5
GradientBoosting,854,3,0,0.0579537170814828,0,0.5
GradientBoosting,855,2,0,0.09502900434886553,0,0.5
GradientBoosting,856,3,0,0.07010303784214575,0,0.5
GradientBoosting,857,3,0,0.15966676673926034,0,0.5
GradientBoosting,858,5,1,0.13710589033762374,0,0.5
GradientBoosting,859,4,0,0.04643257034359321,0,0.5
GradientBoosting,860,4,0,0.048910024225763175,0,0.5
GradientBoosting,861,3,0,0.15606827352190838,0,0.5
GradientBoosting,862,2,0,0.028957010520641955,0,0.5
GradientBoosting,863,2,0,0.05538650519058001,0,0.5
GradientBoosting,864,3,0,0.02427951225486626,0,0.5
GradientBoosting,865,4,0,0.23345770910937833,0,0.5
GradientBoosting,866,5,0,0.2451690033604737,0,0.5
GradientBoosting,867,3,0,0.14605041285316903,0,0.5
GradientBoosting,868,2,0,0.09231504448646587,0,0.5
GradientBoosting,869,4,0,0.028213921320303897,0,0.5
GradientBoosting,870,5,0,0.0349796766659858,0,0.5
GradientBoosting,871,2,0,0.04625528938292058,0,0.5
GradientBoosting,872,5,0,0.04880236154183357,0,0.5
GradientBoosting,873,3,0,0.023554506850714346,0,0.5
GradientBoosting,874,2,0,0.039001191848687215,0,0.5
GradientBoosting,875,5,0,0.11761934343883916,0,0.5
GradientBoosting,876,4,0,0.2643739979491475,0,0.5
GradientBoosting,877,4,0,0.047756777051313086,0,0.5
GradientBoosting,878,3,0,0.11205270868103709,0,0.5
GradientBoosting,879,3,1,0.12573242129846568,0,0.5
GradientBoosting,880,2,0,0.17830145548412743,0,0.5
GradientBoosting,881,3,0,0.029251437048527947,0,0.5
GradientBoosting,882,4,0,0.2603967138817131,0,0.5
GradientBoosting,883,5,0,0.14315796944539608,0,0.5
GradientBoosting,884,3,0,0.6344640245924524,1,0.5
GradientBoosting,885,4,0,0.38489021867520584,0,0.5
GradientBoosting,886,5,0,0.11761934343883916,0,0.5
GradientBoosting,887,3,0,0.11477062748265636,0,0.5
GradientBoosting,888,3,0,0.056635400934126265,0,0.5
GradientBoosting,889,4,0,0.02145400689527683,0,0.5
GradientBoosting,890,3,0,0.02334167883266861,0,0.5
GradientBoosting,891,4,0,0.040306267741259665,0,0.5
GradientBoosting,892,3,0,0.07673232188421626,0,0.5
GradientBoosting,893,5,0,0.1176985896031487,0,0.5
GradientBoosting,894,2,0,0.05193188347355653,0,0.5
GradientBoosting,895,2,0,0.08704039953525082,0,0.5
GradientBoosting,896,3,0,0.01256148190365908,0,0.5
GradientBoosting,897,4,0,0.06199874118457685,0,0.5
GradientBoosting,898,5,0,0.12923429329983654,0,0.5
GradientBoosting,899,3,0,0.02072071196971149,0,0.5
GradientBoosting,900,4,0,0.07237352832732466,0,0.5
GradientBoosting,901,2,0,0.01565618118644057,0,0.5
GradientBoosting,902,5,0,0.02093565067498773,0,0.5
GradientBoosting,903,5,0,0.024055706028635816,0,0.5
GradientBoosting,904,2,0,0.02878070653413329,0,0.5
GradientBoosting,905,3,0,0.02798959744274964,0,0.5
GradientBoosting,906,4,0,0.03467266225775933,0,0.5
GradientBoosting,907,3,0,0.07009898216352212,0,0.5
GradientBoosting,908,2,0,0.02878070653413329,0,0.5
GradientBoosting,909,4,0,0.05321339808784357,0,0.5
GradientBoosting,910,5,0,0.01415719364227856,0,0.5
GradientBoosting,911,2,0,0.05649882286973876,0,0.5
GradientBoosting,912,4,0,0.13495637579683523,0,0.5
GradientBoosting,913,3,0,0.0917735241300468,0,0.5
GradientBoosting,914,5,0,0.027053387795775742,0,0.5
GradientBoosting,915,2,0,0.07230539897708446,0,0.5
GradientBoosting,916,5,0,0.10126568938943546,0,0.5
GradientBoosting,917,3,0,0.04179445340074237,0,0.5
GradientBoosting,918,3,0,0.03409185764857284,0,0.5
GradientBoosting,919,2,0,0.2152015562501834,0,0.5
GradientBoosting,920,3,0,0.10163875579877356,0,0.5
GradientBoosting,921,3,1,0.5167649810124088,1,0.5
GradientBoosting,922,4,0,0.15582519312785165,0,0.5
GradientBoosting,923,4,0,0.10206406378611808,0,0.5
GradientBoosting,924,5,0,0.03163781286644043,0,0.5
GradientBoosting,925,3,0,0.022914027351277268,0,0.5
GradientBoosting,926,2,0,0.020941186664196133,0,0.5
GradientBoosting,927,5,0,0.12244756628517017,0,0.5
GradientBoosting,928,3,0,0.1332138082151775,0,0.5
GradientBoosting,929,2,0,0.2570080854260952,0,0.5
GradientBoosting,930,4,0,0.10206406378611808,0,0.5
GradientBoosting,931,5,0,0.08528559844859436,0,0.5
GradientBoosting,932,2,0,0.019711774029749763,0,0.5
GradientBoosting,933,3,0,0.05485179117440281,0,0.5
GradientBoosting,934,2,0,0.05552870270514086,0,0.5
GradientBoosting,935,4,0,0.021318107541797773,0,0.5
GradientBoosting,936,5,0,0.03286849411571619,0,0.5
GradientBoosting,937,2,0,0.02634133985557733,0,0.5
GradientBoosting,938,3,0,0.028889630314125257,0,0.5
GradientBoosting,939,5,0,0.04948002514418868,0,0.5
GradientBoosting,940,4,0,0.050093319097617585,0,0.5
GradientBoosting,941,2,0,0.08991021482344846,0,0.5
GradientBoosting,942,3,1,0.11885018856342112,0,0.5
GradientBoosting,943,3,0,0.34031764483055915,0,0.5
GradientBoosting,944,3,0,0.1181142641444419,0,0.5
GradientBoosting,945,3,0,0.04367373028116152,0,0.5
GradientBoosting,946,5,0,0.044878487329205526,0,0.5
GradientBoosting,947,4,0,0.05010726020966654,0,0.5
GradientBoosting,948,4,0,0.07612163905873108,0,0.5
GradientBoosting,949,2,0,0.05443260428402094,0,0.5
GradientBoosting,950,5,0,0.21336740404895432,0,0.5
GradientBoosting,951,3,0,0.08263765237078304,0,0.5
GradientBoosting,952,2,0,0.23187874128814737,0,0.5
GradientBoosting,953,4,0,0.03525495364058626,0,0.5
GradientBoosting,954,3,0,0.03539451596549508,0,0.5
GradientBoosting,955,5,0,0.023946291091372307,0,0.5
GradientBoosting,956,3,0,0.06793039452982456,0,0.5
GradientBoosting,957,2,0,0.046627988235425195,0,0.5
GradientBoosting,958,2,0,0.2162143599599827,0,0.5
GradientBoosting,959,3,0,0.02249931860639378,0,0.5
GradientBoosting,960,4,0,0.028601157718213817,0,0.5
GradientBoosting,961,2,0,0.045849686588028724,0,0.5
GradientBoosting,962,2,0,0.024872089454930933,0,0.5
GradientBoosting,963,5,0,0.031624462244455906,0,0.5
GradientBoosting,964,4,0,0.04019341865914508,0,0.5
GradientBoosting,965,3,0,0.013759223444585309,0,0.5
GradientBoosting,966,5,0,0.286095488820052,0,0.5
GradientBoosting,967,3,0,0.033788510844923555,0,0.5
GradientBoosting,968,4,0,0.05476776750872361,0,0.5
GradientBoosting,969,2,0,0.02932016684786027,0,0.5
GradientBoosting,970,2,0,0.017379812358097543,0,0.5
GradientBoosting,971,3,0,0.06988565250648213,0,0.5
GradientBoosting,972,5,0,0.0274449057918159,0,0.5
GradientBoosting,973,5,0,0.04396015707727557,0,0.5
GradientBoosting,974,4,0,0.12560314162296957,0,0.5
GradientBoosting,975,5,0,0.07941531578365507,0,0.5
GradientBoosting,976,3,0,0.036376914149362734,0,0.5
GradientBoosting,977,4,0,0.03749197150441873,0,0.5
GradientBoosting,978,2,0,0.02878070653413329,0,0.5
GradientBoosting,979,5,0,0.02913589069915428,0,0.5
GradientBoosting,980,3,0,0.013759223444585309,0,0.5
GradientBoosting,981,3,0,0.04014906610679857,0,0.5
GradientBoosting,982,2,0,0.07657256954203322,0,0.5
GradientBoosting,983,5,0,0.06396289211129882,0,0.5
GradientBoosting,984,4,0,0.037193114620650745,0,0.5
GradientBoosting,985,2,0,0.03314715752244217,0,0.5
GradientBoosting,986,3,0,0.040009138776594004,0,0.5
GradientBoosting,987,5,0,0.04466476705501525,0,0.5
GradientBoosting,988,3,0,0.05948759263701261,0,0.5
GradientBoosting,989,2,0,0.031410743065894885,0,0.5
GradientBoosting,990,4,0,0.22858065887978757,0,0.5
GradientBoosting,991,4,0,0.21978924055757518,0,0.5
GradientBoosting,992,2,0,0.03968147059335545,0,0.5
GradientBoosting,993,3,0,0.04556171708991636,0,0.5
GradientBoosting,994,3,0,0.02680044320520403,0,0.5
GradientBoosting,995,5,0,0.09955929385217624,0,0.5
GradientBoosting,996,4,0,0.15240329180145817,0,0.5
GradientBoosting,997,2,0,0.03968147059335545,0,0.5
GradientBoosting,998,3,0,0.08152552414542429,0,0.5
GradientBoosting,999,4,0,0.1958426587585919,0,0.5
GradientBoosting,1000,3,0,0.06342196834110371,0,0.5
GradientBoosting,1001,3,0,0.056043972851182074,0,0.5
GradientBoosting,1002,3,0,0.06763614197872683,0,0.5
GradientBoosting,1003,4,0,0.045345711941968826,0,0.5
GradientBoosting,1004,5,0,0.03834241138560101,0,0.5
GradientBoosting,1005,4,0,0.031171777230329118,0,0.5
GradientBoosting,1006,2,0,0.02878070653413329,0,0.5
GradientBoosting,1007,2,0,0.10477112701483692,0,0.5
GradientBoosting,1008,2,0,0.37519082292388123,0,0.5
GradientBoosting,1009,3,0,0.02541119842764645,0,0.5
GradientBoosting,1010,5,0,0.07694761411062186,0,0.5
GradientBoosting,1011,4,0,0.0393976600686795,0,0.5
GradientBoosting,1012,5,0,0.4540885172868139,0,0.5
GradientBoosting,1013,4,0,0.2103837770133717,0,0.5
GradientBoosting,1014,2,0,0.15183539249860037,0,0.5
GradientBoosting,1015,3,0,0.031773970575202475,0,0.5
GradientBoosting,1016,3,0,0.04593479358784863,0,0.5
GradientBoosting,1017,2,0,0.036779742337173654,0,0.5
GradientBoosting,1018,4,0,0.11569733355021376,0,0.5
GradientBoosting,1019,5,0,0.037014529177853785,0,0.5
GradientBoosting,1020,2,0,0.07610023824474639,0,0.5
GradientBoosting,1021,3,0,0.03288647840983361,0,0.5
GradientBoosting,1022,3,0,0.08193950579115775,0,0.5
GradientBoosting,1023,4,0,0.2923246668271838,0,0.5
GradientBoosting,1024,5,0,0.1761728038047221,0,0.5
GradientBoosting,1025,3,0,0.03552372053813893,0,0.5
GradientBoosting,1026,3,0,0.04417670379040785,0,0.5
GradientBoosting,1027,3,0,0.05166510059972211,0,0.5
GradientBoosting,1028,4,0,0.15962970023577625,0,0.5
GradientBoosting,1029,5,1,0.699709453756087,1,0.5
GradientBoosting,1030,2,0,0.7086355743698295,1,0.5
GradientBoosting,1031,3,0,0.11181587554240217,0,0.5
GradientBoosting,1032,4,0,0.22595928924044204,0,0.5
GradientBoosting,1033,3,0,0.15358744665501642,0,0.5
GradientBoosting,1034,4,0,0.07061909502607291,0,0.5
GradientBoosting,1035,3,0,0.03552372053813893,0,0.5
GradientBoosting,1036,3,0,0.04192567207133861,0,0.5
GradientBoosting,1037,5,0,0.04251214143249893,0,0.5
GradientBoosting,1038,5,0,0.10284385701304621,0,0.5
GradientBoosting,1039,2,0,0.1673473627457764,0,0.5
GradientBoosting,1040,3,0,0.23762676051000686,0,0.5
GradientBoosting,1041,3,0,0.06932298949363004,0,0.5
GradientBoosting,1042,5,0,0.14046648216869154,0,0.5
GradientBoosting,1043,2,0,0.061279947752622924,0,0.5
GradientBoosting,1044,5,0,0.02589928414035374,0,0.5
GradientBoosting,1045,3,0,0.11202319264654534,0,0.5
GradientBoosting,1046,2,0,0.2776714840568797,0,0.5
GradientBoosting,1047,3,1,0.13241097069733831,0,0.5
GradientBoosting,1048,3,0,0.3247656272790835,0,0.5
GradientBoosting,1049,4,0,0.39427287489290386,0,0.5
GradientBoosting,1050,3,0,0.15937688217418414,0,0.5
GradientBoosting,1051,3,0,0.8460689794099757,1,0.5
GradientBoosting,1052,2,1,0.3136241217633752,0,0.5
GradientBoosting,1053,3,0,0.11322190853614546,0,0.5
GradientBoosting,1054,4,0,0.4493845009382832,0,0.5
GradientBoosting,1055,3,0,0.43333840287160297,0,0.5
GradientBoosting,1056,3,0,0.16133049835128843,0,0.5
GradientBoosting,1057,5,0,0.05182517204838824,0,0.5
GradientBoosting,1058,4,0,0.11664238047219881,0,0.5
GradientBoosting,1059,3,0,0.3378354125624427,0,0.5
GradientBoosting,1060,5,1,0.4266674107324717,0,0.5
GradientBoosting,1061,2,1,0.9063731919764207,1,0.5
GradientBoosting,1062,4,0,0.44815041120254273,0,0.5
GradientBoosting,1063,2,0,0.03910283745631711,0,0.5
GradientBoosting,1064,2,1,0.8447074935669235,1,0.5
GradientBoosting,1065,4,0,0.6737742345542459,1,0.5
GradientBoosting,1066,3,0,0.41862952330224373,0,0.5
GradientBoosting,1067,2,0,0.5353286207379299,1,0.5
GradientBoosting,1068,5,0,0.3046010594995062,0,0.5
GradientBoosting,1069,2,0,0.42382745969429125,0,0.5
GradientBoosting,1070,5,0,0.13291907832493033,0,0.5
GradientBoosting,1071,2,1,0.2335057766001083,0,0.5
GradientBoosting,1072,4,1,0.11642273609975477,0,0.5
GradientBoosting,1073,3,0,0.05604986672411286,0,0.5
GradientBoosting,1074,2,0,0.07295305971106131,0,0.5
GradientBoosting,1075,2,0,0.038086521750136,0,0.5
GradientBoosting,1076,4,0,0.19863485567976386,0,0.5
GradientBoosting,1077,3,0,0.22301577522896743,0,0.5
GradientBoosting,1078,3,0,0.20414252820065337,0,0.5
GradientBoosting,1079,3,0,0.19718889843323983,0,0.5
GradientBoosting,1080,3,0,0.17878045492980837,0,0.5
GradientBoosting,1081,5,0,0.6015703535967399,1,0.5
GradientBoosting,1082,3,0,0.10759510815881697,0,0.5
GradientBoosting,1083,4,0,0.3382948555319639,0,0.5
GradientBoosting,1084,2,0,0.40432831768473143,0,0.5
GradientBoosting,1085,4,0,0.10697261183101468,0,0.5
GradientBoosting,1086,3,0,0.2804452769769149,0,0.5
GradientBoosting,1087,3,1,0.18922705540438195,0,0.5
GradientBoosting,1088,5,0,0.029457540867056455,0,0.5
GradientBoosting,1089,4,0,0.033619317816160156,0,0.5
GradientBoosting,1090,2,0,0.13879900192791245,0,0.5
GradientBoosting,1091,3,1,0.40932875323514734,0,0.5
GradientBoosting,1092,5,0,0.5114790763339604,1,0.5
GradientBoosting,1093,3,0,0.6879866526848957,1,0.5
GradientBoosting,1094,2,1,0.4381935357816971,0,0.5
GradientBoosting,1095,2,0,0.5660781264383443,1,0.5
GradientBoosting,1096,4,0,0.6285217129870646,1,0.5
GradientBoosting,1097,2,0,0.1468942265731473,0,0.5
GradientBoosting,1098,3,1,0.9300151474903325,1,0.5
GradientBoosting,1099,4,1,0.7388046033858394,1,0.5
GradientBoosting,1100,5,1,0.6734647412559472,1,0.5
GradientBoosting,1101,4,1,0.8204222020340162,1,0.5
GradientBoosting,1102,3,0,0.5704200427496032,1,0.5
GradientBoosting,1103,5,0,0.31569017622661755,0,0.5
GradientBoosting,1104,3,0,0.4851062229907907,0,0.5
GradientBoosting,1105,3,0,0.1441555255036791,0,0.5
GradientBoosting,1106,3,0,0.10525599813464928,0,0.5
GradientBoosting,1107,5,1,0.7887222622399294,1,0.5
GradientBoosting,1108,3,0,0.2856350564091289,0,0.5
GradientBoosting,1109,4,0,0.3980344266026613,0,0.5
GradientBoosting,1110,3,0,0.04316522204274114,0,0.5
GradientBoosting,1111,4,1,0.820863772627183,1,0.5
GradientBoosting,1112,2,1,0.42963681200219167,0,0.5
GradientBoosting,1113,3,0,0.45815500500051454,0,0.5
GradientBoosting,1114,3,0,0.16086421811349252,0,0.5
GradientBoosting,1115,4,0,0.6307951333870019,1,0.5
GradientBoosting,1116,3,0,0.1290937405103359,0,0.5
GradientBoosting,1117,5,0,0.4292967551552794,0,0.5
GradientBoosting,1118,3,0,0.22247274681156803,0,0.5
GradientBoosting,1119,3,1,0.5206701694865141,1,0.5
GradientBoosting,1120,4,1,0.7007846013908672,1,0.5
GradientBoosting,1121,4,1,0.23662612971023333,0,0.5
GradientBoosting,1122,3,1,0.7554847315659078,1,0.5
GradientBoosting,1123,3,0,0.8541238099989797,1,0.5
GradientBoosting,1124,3,0,0.6485031161590814,1,0.5
GradientBoosting,1125,2,1,0.7820625468602914,1,0.5
GradientBoosting,1126,3,0,0.8423867366485902,1,0.5
GradientBoosting,1127,3,0,0.7839903792079461,1,0.5
GradientBoosting,1128,3,0,0.1230925629245378,0,0.5
GradientBoosting,1129,2,0,0.019627828978367946,0,0.5
GradientBoosting,1130,5,0,0.00516130564077603,0,0.5
GradientBoosting,1131,3,0,0.03482499343659493,0,0.5
GradientBoosting,1132,5,0,0.02093955166650672,0,0.5
GradientBoosting,1133,5,0,0.3099216499141608,0,0.5
GradientBoosting,1134,2,1,0.8281958918440503,1,0.5
GradientBoosting,1135,3,0,0.22756434424875407,0,0.5
GradientBoosting,1136,3,1,0.23138015383093188,0,0.5
GradientBoosting,1137,3,1,0.6753318517362323,1,0.5
GradientBoosting,1138,3,0,0.27183305858223905,0,0.5
GradientBoosting,1139,4,0,0.7442044302315434,1,0.5
GradientBoosting,1140,5,0,0.6877856973095616,1,0.5
GradientBoosting,1141,3,0,0.200360887249969,0,0.5
GradientBoosting,1142,4,0,0.30091848044749203,0,0.5
GradientBoosting,1143,4,0,0.15278371296321927,0,0.5
GradientBoosting,1144,5,0,0.14364492833368536,0,0.5
GradientBoosting,1145,5,0,0.045484095437157944,0,0.5
GradientBoosting,1146,3,0,0.23159992218183675,0,0.5
GradientBoosting,1147,3,0,0.6852399440103109,1,0.5
GradientBoosting,1148,2,1,0.9374060479446464,1,0.5
GradientBoosting,1149,2,1,0.9230418336080989,1,0.5
GradientBoosting,1150,5,1,0.9165059337807313,1,0.5
GradientBoosting,1151,3,1,0.8384011777583248,1,0.5
GradientBoosting,1152,2,1,0.28334161462821794,0,0.5
GradientBoosting,1153,3,0,0.24158333782558028,0,0.5
GradientBoosting,1154,4,0,0.23925522956021214,0,0.5
GradientBoosting,1155,4,0,0.17435686027893096,0,0.5
GradientBoosting,1156,3,0,0.5259387656305387,1,0.5
GradientBoosting,1157,4,0,0.17905680940524799,0,0.5
GradientBoosting,1158,4,0,0.2185675639200622,0,0.5
GradientBoosting,1159,2,0,0.35573608771715454,0,0.5
GradientBoosting,1160,2,0,0.4619034146714921,0,0.5
GradientBoosting,1161,4,1,0.8261412125025348,1,0.5
GradientBoosting,1162,3,0,0.6738149174926362,1,0.5
GradientBoosting,1163,5,0,0.016290567131805506,0,0.5
GradientBoosting,1164,5,0,0.019410144211797296,0,0.5
GradientBoosting,1165,3,0,0.020795070842180026,0,0.5
GradientBoosting,1166,5,0,0.1848432005076595,0,0.5
GradientBoosting,1167,4,0,0.5522569077880902,1,0.5
GradientBoosting,1168,5,0,0.7670085595876894,1,0.5
GradientBoosting,1169,3,0,0.04431123822808409,0,0.5
GradientBoosting,1170,3,1,0.8000710118632306,1,0.5
GradientBoosting,1171,5,1,0.16564209659806825,0,0.5
GradientBoosting,1172,5,0,0.3193454536704687,0,0.5
GradientBoosting,1173,5,0,0.040374998564570705,0,0.5
GradientBoosting,1174,5,0,0.20241296752839852,0,0.5
GradientBoosting,1175,5,0,0.34468340573969214,0,0.5
GradientBoosting,1176,5,0,0.32257081132786747,0,0.5
GradientBoosting,1177,5,0,0.4404054113665035,0,0.5
GradientBoosting,1178,3,0,0.011624821133460587,0,0.5
GradientBoosting,1179,5,0,0.5701184048950869,1,0.5
GradientBoosting,1180,2,1,0.7677410854497987,1,0.5
GradientBoosting,1181,4,0,0.5201069407113043,1,0.5
GradientBoosting,1182,5,1,0.8461652949902434,1,0.5
GradientBoosting,1183,2,0,0.7434217234531935,1,0.5
GradientBoosting,1184,5,0,0.7268310343273379,1,0.5
GradientBoosting,1185,4,1,0.40173235438824095,0,0.5
GradientBoosting,1186,2,0,0.32393613367895907,0,0.5
GradientBoosting,1187,5,0,0.38282580836818764,0,0.5
GradientBoosting,1188,2,0,0.07587654660568197,0,0.5
GradientBoosting,1189,3,0,0.21189898231946497,0,0.5
GradientBoosting,1190,3,0,0.2244414549686777,0,0.5
GradientBoosting,1191,4,0,0.10367715109665848,0,0.5
GradientBoosting,1192,2,0,0.46723635125706403,0,0.5
GradientBoosting,1193,5,0,0.16178903458836713,0,0.5
GradientBoosting,1194,2,0,0.30162479302865397,0,0.5
GradientBoosting,1195,3,0,0.08095949397345248,0,0.5
GradientBoosting,1196,5,0,0.32234971468464546,0,0.5
GradientBoosting,1197,2,0,0.46180132294831433,0,0.5
GradientBoosting,1198,2,0,0.2918809539998929,0,0.5
GradientBoosting,1199,4,0,0.3999350323929341,0,0.5
GradientBoosting,1200,3,0,0.26770317607081384,0,0.5
GradientBoosting,1201,2,0,0.09724705060428047,0,0.5
GradientBoosting,1202,4,1,0.06640178150787256,0,0.5
GradientBoosting,1203,5,0,0.3328500271356266,0,0.5
GradientBoosting,1204,2,0,0.08667533245386833,0,0.5
GradientBoosting,1205,5,0,0.08463809118616744,0,0.5
GradientBoosting,1206,4,0,0.3169610993405729,0,0.5
GradientBoosting,1207,3,1,0.7198704397508463,1,0.5
GradientBoosting,1208,2,0,0.04227740766667835,0,0.5
GradientBoosting,1209,4,0,0.4775952528610489,0,0.5
GradientBoosting,1210,3,0,0.33008896720703407,0,0.5
GradientBoosting,1211,3,0,0.6165610816703632,1,0.5
GradientBoosting,1212,2,0,0.09013103961775007,0,0.5
GradientBoosting,1213,5,0,0.1687669588327801,0,0.5
GradientBoosting,1214,5,0,0.14117812532182294,0,0.5
GradientBoosting,1215,5,0,0.12316407543845288,0,0.5
GradientBoosting,1216,5,0,0.15845737499285173,0,0.5
GradientBoosting,1217,1,0,0.6144224872583216,1,0.5
GradientBoosting,1218,2,0,0.03698375904124223,0,0.5
GradientBoosting,1219,4,0,0.606675668927799,1,0.5
GradientBoosting,1220,2,0,0.1430141577713303,0,0.5
GradientBoosting,1221,3,0,0.26630041491384104,0,0.5
GradientBoosting,1222,5,0,0.382930196465214,0,0.5
GradientBoosting,1223,2,0,0.2552372766502258,0,0.5
GradientBoosting,1224,3,0,0.31057675043223115,0,0.5
GradientBoosting,1225,5,0,0.03813588003288132,0,0.5
GradientBoosting,1226,3,0,0.27045669140289236,0,0.5
GradientBoosting,1227,3,1,0.6738650940530034,1,0.5
GradientBoosting,1228,3,0,0.12548799094678795,0,0.5
GradientBoosting,1229,3,0,0.18230464305346725,0,0.5
GradientBoosting,1230,4,0,0.5719267825535865,1,0.5
GradientBoosting,1231,2,0,0.09963675767274023,0,0.5
GradientBoosting,1232,5,0,0.04893463958349697,0,0.5
GradientBoosting,1233,2,0,0.4232978441533551,0,0.5
GradientBoosting,1234,5,0,0.6391091439158205,1,0.5
GradientBoosting,1235,2,0,0.0878927290276462,0,0.5
GradientBoosting,1236,3,1,0.779080044346329,1,0.5
GradientBoosting,1237,2,1,0.3105726571973491,0,0.5
GradientBoosting,1238,3,0,0.07825090140958738,0,0.5
GradientBoosting,1239,2,0,0.08770176781468383,0,0.5
GradientBoosting,1240,2,0,0.2746393697220455,0,0.5
GradientBoosting,1241,4,0,0.5182712359272434,1,0.5
GradientBoosting,1242,2,0,0.18107949056524786,0,0.5
GradientBoosting,1243,2,0,0.3283648150728755,0,0.5
GradientBoosting,1244,4,0,0.1317797518601611,0,0.5
GradientBoosting,1245,3,0,0.20980974104272204,0,0.5
GradientBoosting,1246,4,0,0.7875088572597558,1,0.5
GradientBoosting,1247,3,0,0.0611240552283792,0,0.5
GradientBoosting,1248,3,0,0.2275559446303604,0,0.5
GradientBoosting,1249,5,0,0.04275896494814015,0,0.5
GradientBoosting,1250,4,0,0.27034801218279186,0,0.5
GradientBoosting,1251,3,0,0.1471167568093379,0,0.5
GradientBoosting,1252,2,0,0.2799244625393073,0,0.5
GradientBoosting,1253,5,0,0.1406406422419289,0,0.5
GradientBoosting,1254,3,0,0.4116999372347062,0,0.5
GradientBoosting,1255,5,0,0.03731089902966034,0,0.5
GradientBoosting,1256,5,0,0.03027916199229375,0,0.5
GradientBoosting,1257,5,0,0.0849843043102177,0,0.5
GradientBoosting,1258,3,0,0.040615575103065196,0,0.5
GradientBoosting,1259,4,0,0.07878937173045336,0,0.5
GradientBoosting,1260,4,0,0.7335005657847754,1,0.5
GradientBoosting,1261,5,0,0.6611420876968384,1,0.5
GradientBoosting,1262,3,0,0.04400091998172727,0,0.5
GradientBoosting,1263,2,0,0.6631450068790659,1,0.5
GradientBoosting,1264,4,1,0.7699845342823424,1,0.5
GradientBoosting,1265,3,0,0.24664345928450299,0,0.5
GradientBoosting,1266,5,0,0.09249668108104009,0,0.5
GradientBoosting,1267,5,1,0.5385669143053423,1,0.5
GradientBoosting,1268,5,0,0.4193997219967002,0,0.5
GradientBoosting,1269,5,0,0.6253683654390356,1,0.5
GradientBoosting,1270,3,0,0.3395845771340062,0,0.5
GradientBoosting,1271,4,0,0.19365120771790273,0,0.5
GradientBoosting,1272,3,0,0.06080025949030869,0,0.5
GradientBoosting,1273,2,1,0.8697895172095161,1,0.5
GradientBoosting,1274,3,0,0.41217302170254705,0,0.5
GradientBoosting,1275,3,1,0.42760979602258903,0,0.5
GradientBoosting,1276,3,1,0.833846527885596,1,0.5
GradientBoosting,1277,4,0,0.6278137251630761,1,0.5
GradientBoosting,1278,3,0,0.46173265534790886,0,0.5
GradientBoosting,1279,3,1,0.5299637314789158,1,0.5
GradientBoosting,1280,5,1,0.6943545723837574,1,0.5
GradientBoosting,1281,3,1,0.5497521484910302,1,0.5
GradientBoosting,1282,4,1,0.7922419429883738,1,0.5
GradientBoosting,1283,5,1,0.8959860233120047,1,0.5
GradientBoosting,1284,3,1,0.9029817800687007,1,0.5
GradientBoosting,1285,2,1,0.5291611497235154,1,0.5
GradientBoosting,1286,3,1,0.5440323590352004,1,0.5
GradientBoosting,1287,3,1,0.6947161883462096,1,0.5
GradientBoosting,1288,3,1,0.6936717696681197,1,0.5
GradientBoosting,1289,4,1,0.8116188274015346,1,0.5
GradientBoosting,1290,5,1,0.8762873162477871,1,0.5
GradientBoosting,1291,3,1,0.704898713926797,1,0.5
GradientBoosting,1292,4,1,0.4462521552281091,0,0.5
GradientBoosting,1293,4,0,0.687090002107447,1,0.5
GradientBoosting,1294,3,1,0.3209147735530587,0,0.5
GradientBoosting,1295,4,1,0.6661038313997915,1,0.5
GradientBoosting,1296,3,1,0.9545017694527369,1,0.5
GradientBoosting,1297,3,1,0.886361666439389,1,0.5
GradientBoosting,1298,3,1,0.8954062892040173,1,0.5
GradientBoosting,1299,3,1,0.8499238295688594,1,0.5
GradientBoosting,1300,3,1,0.8793984491435524,1,0.5
GradientBoosting,1301,3,1,0.8967751986056647,1,0.5
GradientBoosting,1302,5,1,0.7061850579727492,1,0.5
GradientBoosting,1303,2,1,0.7723360001227847,1,0.5
GradientBoosting,1304,5,1,0.8747019459530392,1,0.5
GradientBoosting,1305,2,1,0.9057664214957009,1,0.5
GradientBoosting,1306,4,1,0.8887782647246225,1,0.5
GradientBoosting,1307,3,1,0.8673634251852803,1,0.5
GradientBoosting,1308,3,1,0.9498028690463087,1,0.5
GradientBoosting,1309,5,1,0.1640912356832369,0,0.5
GradientBoosting,1310,4,1,0.5449292481665864,1,0.5
GradientBoosting,1311,2,1,0.6158413769233062,1,0.5
GradientBoosting,1312,3,1,0.9488820919447808,1,0.5
GradientBoosting,1313,4,1,0.8818341258362878,1,0.5
GradientBoosting,1314,5,1,0.757169519722979,1,0.5
GradientBoosting,1315,4,0,0.8811440899425355,1,0.5
GradientBoosting,1316,3,1,0.9284989309906161,1,0.5
GradientBoosting,1317,3,1,0.9197183860422271,1,0.5
GradientBoosting,1318,3,1,0.9084198853110299,1,0.5
GradientBoosting,1319,5,1,0.9533231585979686,1,0.5
GradientBoosting,1320,4,1,0.8210211925515424,1,0.5
GradientBoosting,1321,2,0,0.14382450062800334,0,0.5
GradientBoosting,1322,3,0,0.8661901137892424,1,0.5
GradientBoosting,1323,3,1,0.47385090593876433,0,0.5
GradientBoosting,1324,3,0,0.5579540809244135,1,0.5
GradientBoosting,1325,3,1,0.7344509366154534,1,0.5
GradientBoosting,1326,3,0,0.835864789268664,1,0.5
GradientBoosting,1327,5,0,0.02804520247076535,0,0.5
GradientBoosting,1328,4,0,0.04352413819951743,0,0.5
GradientBoosting,1329,3,0,0.630806166360728,1,0.5
GradientBoosting,1330,3,0,0.22739835518574888,0,0.5
GradientBoosting,1331,3,0,0.29105352404988577,0,0.5
GradientBoosting,1332,4,1,0.887499651278838,1,0.5
GradientBoosting,1333,3,1,0.9403257071235371,1,0.5
GradientBoosting,1334,2,1,0.751251190205282,1,0.5
GradientBoosting,1335,4,0,0.7460430305828372,1,0.5
GradientBoosting,1336,3,0,0.2273060040391547,0,0.5
GradientBoosting,1337,5,1,0.9301565841375349,1,0.5
GradientBoosting,1338,4,1,0.8900459771499059,1,0.5
GradientBoosting,1339,2,1,0.9489860311506797,1,0.5
GradientBoosting,1340,4,0,0.1983969001288978,0,0.5
GradientBoosting,1341,3,1,0.7830696312595862,1,0.5
GradientBoosting,1342,2,1,0.7931661520380436,1,0.5
GradientBoosting,1343,3,0,0.8919307054776366,1,0.5
GradientBoosting,1344,3,0,0.5662718416903919,1,0.5
GradientBoosting,1345,2,1,0.8651050615739558,1,0.5
GradientBoosting,1346,4,1,0.8315404478507686,1,0.5
GradientBoosting,1347,5,0,0.6004925431061593,1,0.5
GradientBoosting,1348,2,0,0.37948328476734944,0,0.5
GradientBoosting,1349,3,0,0.7577136562757154,1,0.5
GradientBoosting,1350,2,1,0.6493655717748957,1,0.5
GradientBoosting,1351,2,1,0.9362107035860672,1,0.5
GradientBoosting,1352,4,1,0.8814985097590617,1,0.5
GradientBoosting,1353,4,1,0.8610049448547095,1,0.5
GradientBoosting,1354,5,1,0.9284004187855045,1,0.5
GradientBoosting,1355,4,1,0.7951380432516943,1,0.5
GradientBoosting,1356,3,0,0.14448950487923234,0,0.5
GradientBoosting,1357,5,0,0.06949310321947584,0,0.5
GradientBoosting,1358,2,0,0.5780682619547315,1,0.5
GradientBoosting,1359,3,0,0.538755224791518,1,0.5
GradientBoosting,1360,5,0,0.1737988207892221,0,0.5
GradientBoosting,1361,3,1,0.1827939925188484,0,0.5
GradientBoosting,1362,3,1,0.4988516545050109,0,0.5
GradientBoosting,1363,3,0,0.2702148224938908,0,0.5
GradientBoosting,1364,2,0,0.17014245256649316,0,0.5
GradientBoosting,1365,2,0,0.3361883445085237,0,0.5
GradientBoosting,1366,2,1,0.4394869700961097,0,0.5
GradientBoosting,1367,3,0,0.5586963061811706,1,0.5
GradientBoosting,1368,5,1,0.30395674074472295,0,0.5
GradientBoosting,1369,5,0,0.5100984722942614,1,0.5
GradientBoosting,1370,2,0,0.5097731933085231,1,0.5
GradientBoosting,1371,4,1,0.8192755270064219,1,0.5
GradientBoosting,1372,3,1,0.6257130909219615,1,0.5
GradientBoosting,1373,5,1,0.9206215971737625,1,0.5
GradientBoosting,1374,3,1,0.5124049463970022,1,0.5
GradientBoosting,1375,2,0,0.5630008112101333,1,0.5
GradientBoosting,1376,5,0,0.54567599927101,1,0.5
GradientBoosting,1377,3,1,0.5124049463970022,1,0.5
GradientBoosting,1378,2,1,0.7094759888311023,1,0.5
GradientBoosting,1379,5,0,0.5796258138507527,1,0.5
GradientBoosting,1380,4,0,0.3972668207642021,0,0.5
GradientBoosting,1381,2,0,0.5505081696522779,1,0.5
GradientBoosting,1382,3,1,0.8144575128916747,1,0.5
GradientBoosting,1383,5,1,0.8803072039290755,1,0.5
GradientBoosting,1384,4,1,0.6359566183820246,1,0.5
GradientBoosting,1385,2,0,0.8145398407433974,1,0.5
GradientBoosting,1386,4,1,0.7695515037364726,1,0.5
GradientBoosting,1387,3,1,0.8006552648419197,1,0.5
GradientBoosting,1388,2,1,0.6330807658621111,1,0.5
GradientBoosting,1389,5,1,0.8464202036680297,1,0.5
GradientBoosting,1390,5,1,0.5356025827562041,1,0.5
GradientBoosting,1391,5,0,0.05604599300401346,0,0.5
GradientBoosting,1392,5,0,0.13766305412597676,0,0.5
GradientBoosting,1393,3,0,0.5090924093712819,1,0.5
GradientBoosting,1394,3,0,0.5870131834177094,1,0.5
GradientBoosting,1395,2,0,0.14709563911646578,0,0.5
GradientBoosting,1396,3,0,0.5821220857581011,1,0.5
GradientBoosting,1397,3,0,0.05740972541009757,0,0.5
GradientBoosting,1398,3,0,0.597337880725585,1,0.5
GradientBoosting,1399,5,0,0.7015793016325425,1,0.5
GradientBoosting,1400,2,0,0.8277882818990802,1,0.5
GradientBoosting,1401,3,0,0.33581061387845407,0,0.5
GradientBoosting,1402,4,0,0.307594823097231,0,0.5
GradientBoosting,1403,2,0,0.17090649556414247,0,0.5
GradientBoosting,1404,3,1,0.8252789532022085,1,0.5
GradientBoosting,1405,5,0,0.11552794772193657,0,0.5
GradientBoosting,1406,5,0,0.008902148209141683,0,0.5
GradientBoosting,1407,3,0,0.18454754169106535,0,0.5
GradientBoosting,1408,3,1,0.3895895211571136,0,0.5
GradientBoosting,1409,3,1,0.7243512721844917,1,0.5
GradientBoosting,1410,4,1,0.8841398478976097,1,0.5
GradientBoosting,1411,2,1,0.8980398723926935,1,0.5
GradientBoosting,1412,3,1,0.9603592420617095,1,0.5
GradientBoosting,1413,5,1,0.9247306664989705,1,0.5
GradientBoosting,1414,3,1,0.5100434177621903,1,0.5
GradientBoosting,1415,4,0,0.8926803551490472,1,0.5
GradientBoosting,1416,2,1,0.923025431866456,1,0.5
GradientBoosting,1417,3,0,0.455180433015689,0,0.5
GradientBoosting,1418,5,1,0.7778240620172703,1,0.5
GradientBoosting,1419,2,1,0.5375277672036958,1,0.5
GradientBoosting,1420,3,0,0.11370523241285768,0,0.5
GradientBoosting,1421,4,1,0.8661913743660552,1,0.5
GradientBoosting,1422,5,1,0.6721937601790964,1,0.5
GradientBoosting,1423,5,0,0.7526441756933338,1,0.5
GradientBoosting,1424,3,1,0.8413269091852293,1,0.5
GradientBoosting,1425,3,0,0.8153155910346853,1,0.5
GradientBoosting,1426,5,1,0.37388974162327376,0,0.5
GradientBoosting,1427,2,0,0.04067536671084845,0,0.5
GradientBoosting,1428,5,1,0.8358027172900582,1,0.5
GradientBoosting,1429,3,0,0.023488972618447207,0,0.5
GradientBoosting,1430,4,0,0.4822500085571636,0,0.5
GradientBoosting,1431,2,1,0.20922167493337598,0,0.5
GradientBoosting,1432,2,0,0.09758529703573339,0,0.5
GradientBoosting,1433,2,0,0.15902073988226784,0,0.5
GradientBoosting,1434,4,0,0.03172922918880721,0,0.5
GradientBoosting,1435,3,0,0.4680286074666624,0,0.5
GradientBoosting,1436,2,0,0.4776264952960247,0,0.5
GradientBoosting,1437,3,0,0.11846759942450538,0,0.5
GradientBoosting,1438,3,0,0.42906841327322914,0,0.5
GradientBoosting,1439,4,0,0.6480337585589476,1,0.5
GradientBoosting,1440,3,1,0.6796119505128095,1,0.5
GradientBoosting,1441,4,0,0.32621572403861976,0,0.5
GradientBoosting,1442,3,0,0.6364246834157522,1,0.5
GradientBoosting,1443,4,0,0.18339411548500514,0,0.5
GradientBoosting,1444,2,1,0.674030405542365,1,0.5
GradientBoosting,1445,2,0,0.0836337241522816,0,0.5
GradientBoosting,1446,3,0,0.16780643006096171,0,0.5
GradientBoosting,1447,5,0,0.8764918142568217,1,0.5
GradientBoosting,1448,3,0,0.7941750507762277,1,0.5
GradientBoosting,1449,3,0,0.030713270913005453,0,0.5
GradientBoosting,1450,3,0,0.015444996070433694,0,0.5
GradientBoosting,1451,4,1,0.6621278512039689,1,0.5
GradientBoosting,1452,3,1,0.9074428789254049,1,0.5
GradientBoosting,1453,3,0,0.5576851624658098,1,0.5
GradientBoosting,1454,3,0,0.4539653914914057,0,0.5
GradientBoosting,1455,4,0,0.283765828576945,0,0.5
GradientBoosting,1456,3,0,0.17925022913411273,0,0.5
GradientBoosting,1457,3,1,0.15205100917060094,0,0.5
GradientBoosting,1458,3,0,0.1760580145397018,0,0.5
GradientBoosting,1459,3,0,0.3965919026177092,0,0.5
GradientBoosting,1460,3,1,0.1281947287891545,0,0.5
GradientBoosting,1461,3,1,0.28798350005984913,0,0.5
GradientBoosting,1462,3,0,0.34883377855430037,0,0.5
GradientBoosting,1463,3,0,0.37255696766348845,0,0.5
GradientBoosting,1464,3,1,0.2725241014700531,0,0.5
GradientBoosting,1465,3,1,0.37392943583428384,0,0.5
GradientBoosting,1466,3,1,0.4649732168466611,0,0.5
GradientBoosting,1467,3,1,0.17581484781715295,0,0.5
GradientBoosting,1468,5,0,0.5942664077060535,1,0.5
GradientBoosting,1469,3,0,0.45532925924414497,0,0.5
GradientBoosting,1470,3,0,0.3098396182212194,0,0.5
GradientBoosting,1471,3,0,0.3919983271964033,0,0.5
GradientBoosting,1472,3,1,0.33106161979376797,0,0.5
GradientBoosting,1473,3,0,0.48722846402634495,0,0.5
GradientBoosting,1474,2,0,0.4756719823776765,0,0.5
GradientBoosting,1475,5,1,0.5166825477525987,1,0.5
GradientBoosting,1476,4,0,0.4076393110674872,0,0.5
GradientBoosting,1477,2,1,0.3955627596536062,0,0.5
GradientBoosting,1478,4,1,0.7253067492442196,1,0.5
GradientBoosting,1479,3,0,0.7681056160682466,1,0.5
GradientBoosting,1480,3,1,0.7930964851260178,1,0.5
GradientBoosting,1481,4,1,0.6749414373766496,1,0.5
GradientBoosting,1482,3,0,0.4763929973682111,0,0.5
GradientBoosting,1483,3,0,0.16729671075120714,0,0.5
GradientBoosting,1484,3,1,0.08993123400439972,0,0.5
GradientBoosting,1485,5,0,0.3284870585507918,0,0.5
GradientBoosting,1486,2,0,0.2716075526539221,0,0.5
GradientBoosting,1487,2,1,0.6699409762166443,1,0.5
GradientBoosting,1488,2,0,0.05030185606171959,0,0.5
GradientBoosting,1489,2,0,0.04009902187235627,0,0.5
GradientBoosting,1490,5,0,0.5900942336530958,1,0.5
GradientBoosting,1491,2,0,0.8024837453174212,1,0.5
GradientBoosting,1492,4,0,0.31023535529887153,0,0.5
GradientBoosting,1493,3,0,0.41795703942051754,0,0.5
GradientBoosting,1494,5,0,0.5079059872623537,1,0.5
GradientBoosting,1495,3,0,0.38263517071763603,0,0.5
GradientBoosting,1496,2,0,0.0457948759717151,0,0.5
GradientBoosting,1497,5,0,0.6898781838076494,1,0.5
GradientBoosting,1498,3,0,0.23107556259525,0,0.5
GradientBoosting,1499,3,0,0.13694716261354706,0,0.5
GradientBoosting,1500,4,1,0.1620724229424112,0,0.5
GradientBoosting,1501,5,0,0.16662278879476902,0,0.5
GradientBoosting,1502,3,0,0.28873720191531266,0,0.5
GradientBoosting,1503,2,0,0.3684927503121895,0,0.5
GradientBoosting,1504,3,1,0.41957662507018195,0,0.5
GradientBoosting,1505,4,1,0.6825965148097674,1,0.5
GradientBoosting,1506,3,0,0.4111356135585962,0,0.5
GradientBoosting,1507,4,0,0.21063104534489077,0,0.5
GradientBoosting,1508,3,0,0.17596796377497495,0,0.5
GradientBoosting,1509,3,0,0.26448784228409694,0,0.5
GradientBoosting,1510,3,0,0.11704665813312966,0,0.5
GradientBoosting,1511,2,0,0.13154017180982538,0,0.5
GradientBoosting,1512,3,0,0.1790869458275252,0,0.5
GradientBoosting,1513,5,0,0.07263058164279997,0,0.5
GradientBoosting,1514,3,0,0.23649522628248165,0,0.5
GradientBoosting,1515,5,0,0.09509552592858915,0,0.5
GradientBoosting,1516,5,0,0.1240112518387091,0,0.5
GradientBoosting,1517,3,0,0.14096556637129695,0,0.5
GradientBoosting,1518,3,0,0.4550442394047354,0,0.5
GradientBoosting,1519,3,0,0.393583309461891,0,0.5
GradientBoosting,1520,5,0,0.08871621261571626,0,0.5
GradientBoosting,1521,3,0,0.08921245064723195,0,0.5
GradientBoosting,1522,4,0,0.037485153523539316,0,0.5
GradientBoosting,1523,3,0,0.11969229315974278,0,0.5
GradientBoosting,1524,3,0,0.029319026471137252,0,0.5
GradientBoosting,1525,5,0,0.5900544551072211,1,0.5
GradientBoosting,1526,2,0,0.09879991435074702,0,0.5
GradientBoosting,1527,3,0,0.19730245163522264,0,0.5
GradientBoosting,1528,4,0,0.17561111284039832,0,0.5
GradientBoosting,1529,4,0,0.08737441975424783,0,0.5
GradientBoosting,1530,3,0,0.3820931963778163,0,0.5
GradientBoosting,1531,5,0,0.20225679215698444,0,0.5
GradientBoosting,1532,3,0,0.24167972565378068,0,0.5
GradientBoosting,1533,5,0,0.1144374094892877,0,0.5
GradientBoosting,1534,4,0,0.20416998962178834,0,0.5
GradientBoosting,1535,3,0,0.23876317490624238,0,0.5
GradientBoosting,1536,2,1,0.7220558675537473,1,0.5
GradientBoosting,1537,4,0,0.03886427602499473,0,0.5
GradientBoosting,1538,4,0,0.9224696077261393,1,0.5
GradientBoosting,1539,5,1,0.6396236520492238,1,0.5
GradientBoosting,1540,4,0,0.25502136127939634,0,0.5
GradientBoosting,1541,3,0,0.05020969254152428,0,0.5
GradientBoosting,1542,4,0,0.6713736372074575,1,0.5
GradientBoosting,1543,2,0,0.08968177754109095,0,0.5
GradientBoosting,1544,3,0,0.11394602995520474,0,0.5
GradientBoosting,1545,3,0,0.4053068192368715,0,0.5
GradientBoosting,1546,2,0,0.7029854335025627,1,0.5
GradientBoosting,1547,5,0,0.5533104214829953,1,0.5
GradientBoosting,1548,3,0,0.5568092231090819,1,0.5
GradientBoosting,1549,2,0,0.6009610980536596,1,0.5
GradientBoosting,1550,3,0,0.3852426569603806,0,0.5
GradientBoosting,1551,3,0,0.22101826323357737,0,0.5
GradientBoosting,1552,4,0,0.5060631417652603,1,0.5
GradientBoosting,1553,5,0,0.09323027396963296,0,0.5
GradientBoosting,1554,3,0,0.4887025972984894,0,0.5
GradientBoosting,1555,3,0,0.06287072784534758,0,0.5
GradientBoosting,1556,5,0,0.5686414634816134,1,0.5
GradientBoosting,1557,5,1,0.5344446693716411,1,0.5
GradientBoosting,1558,3,1,0.3980272945174422,0,0.5
GradientBoosting,1559,3,0,0.31734934698817774,0,0.5
GradientBoosting,1560,3,0,0.42382771226923904,0,0.5
GradientBoosting,1561,3,0,0.2160967215370187,0,0.5
GradientBoosting,1562,3,0,0.08078864670826769,0,0.5
GradientBoosting,1563,5,0,0.4445285256168509,0,0.5
GradientBoosting,1564,3,1,0.4353215970203568,0,0.5
GradientBoosting,1565,3,0,0.3315591928061581,0,0.5
GradientBoosting,1566,3,1,0.16020534106615839,0,0.5
GradientBoosting,1567,3,0,0.5004692230773011,1,0.5
GradientBoosting,1568,3,0,0.03503911000311074,0,0.5
GradientBoosting,1569,4,0,0.05401630815085409,0,0.5
GradientBoosting,1570,3,0,0.07250040272497495,0,0.5
GradientBoosting,1571,4,0,0.04324152286603359,0,0.5
GradientBoosting,1572,2,0,0.2820118123237864,0,0.5
GradientBoosting,1573,2,0,0.023289271665837837,0,0.5
GradientBoosting,1574,2,0,0.015470409774414792,0,0.5
GradientBoosting,1575,4,0,0.037574471528238056,0,0.5
GradientBoosting,1576,5,0,0.038198600284342514,0,0.5
GradientBoosting,1577,5,0,0.022813921925383448,0,0.5
GradientBoosting,1578,5,0,0.025448515762298382,0,0.5
GradientBoosting,1579,4,0,0.035716176624276265,0,0.5
GradientBoosting,1580,4,0,0.041115784574970816,0,0.5
GradientBoosting,1581,4,0,0.3004584694426527,0,0.5
GradientBoosting,1582,2,1,0.46026793764956303,0,0.5
GradientBoosting,1583,4,0,0.04298731979970885,0,0.5
GradientBoosting,1584,4,0,0.023483432473048575,0,0.5
GradientBoosting,1585,3,0,0.34333516756213645,0,0.5
GradientBoosting,1586,2,0,0.2239877170936679,0,0.5
GradientBoosting,1587,5,1,0.2081703215120975,0,0.5
GradientBoosting,1588,5,0,0.14838704978887668,0,0.5
GradientBoosting,1589,3,0,0.5016438296384413,1,0.5
GradientBoosting,1590,4,0,0.25985496819815335,0,0.5
GradientBoosting,1591,4,0,0.25614651275045314,0,0.5
GradientBoosting,1592,2,0,0.018135643512833328,0,0.5
GradientBoosting,1593,3,0,0.0399894083178278,0,0.5
GradientBoosting,1594,3,0,0.2079982146034886,0,0.5
GradientBoosting,1595,4,0,0.08783733050459766,0,0.5
GradientBoosting,1596,2,0,0.17299011081032414,0,0.5
GradientBoosting,1597,3,0,0.1520687558212502,0,0.5
GradientBoosting,1598,3,0,0.43611493400393797,0,0.5
GradientBoosting,1599,3,0,0.09645108052389671,0,0.5
GradientBoosting,1600,3,0,0.1803514805454058,0,0.5
GradientBoosting,1601,3,0,0.3937442298659432,0,0.5
GradientBoosting,1602,2,0,0.09920689245945538,0,0.5
GradientBoosting,1603,5,0,0.08826239566358912,0,0.5
GradientBoosting,1604,3,0,0.33473822256743685,0,0.5
GradientBoosting,1605,3,0,0.6822101958702684,1,0.5
GradientBoosting,1606,3,0,0.08934420786703309,0,0.5
GradientBoosting,1607,3,0,0.08640611123753696,0,0.5
GradientBoosting,1608,3,0,0.3003113061336079,0,0.5
GradientBoosting,1609,4,0,0.3406915580386459,0,0.5
GradientBoosting,1610,3,0,0.18407493938716318,0,0.5
GradientBoosting,1611,3,0,0.3533140135473204,0,0.5
GradientBoosting,1612,3,0,0.5720484839601909,1,0.5
GradientBoosting,1613,2,0,0.165346708081246,0,0.5
GradientBoosting,1614,3,0,0.28217483516447434,0,0.5
GradientBoosting,1615,5,0,0.4076469625913108,0,0.5
GradientBoosting,1616,5,0,0.03399449079267018,0,0.5
GradientBoosting,1617,5,0,0.23254198370446288,0,0.5
GradientBoosting,1618,4,0,0.054602185109146245,0,0.5
GradientBoosting,1619,2,0,0.320205702423076,0,0.5
GradientBoosting,1620,3,1,0.33931593599818055,0,0.5
GradientBoosting,1621,3,0,0.695762189193684,1,0.5
GradientBoosting,1622,3,0,0.6536052361592047,1,0.5
GradientBoosting,1623,4,0,0.2635313396734965,0,0.5
GradientBoosting,1624,4,0,0.3965840657889982,0,0.5
GradientBoosting,1625,2,1,0.8288163440775069,1,0.5
GradientBoosting,1626,5,0,0.6512325691433428,1,0.5
GradientBoosting,1627,3,0,0.023570002097113876,0,0.5
GradientBoosting,1628,3,0,0.03297573108325933,0,0.5
GradientBoosting,1629,3,0,0.02542653996424757,0,0.5
GradientBoosting,1630,3,0,0.0261779289975135,0,0.5
GradientBoosting,1631,5,0,0.01278661247455771,0,0.5
GradientBoosting,1632,3,0,0.04764570328327399,0,0.5
GradientBoosting,1633,5,0,0.15184203059461926,0,0.5
GradientBoosting,1634,3,1,0.8391050539358091,1,0.5
GradientBoosting,1635,3,0,0.0765995289319355,0,0.5
GradientBoosting,1636,4,0,0.3429005794205449,0,0.5
GradientBoosting,1637,2,0,0.34275104087761343,0,0.5
GradientBoosting,1638,3,0,0.2921252640987164,0,0.5
GradientBoosting,1639,4,0,0.3579098798619944,0,0.5
GradientBoosting,1640,5,0,0.04083039931932169,0,0.5
GradientBoosting,1641,2,1,0.5887558463115681,1,0.5
GradientBoosting,1642,3,0,0.2665447827786742,0,0.5
GradientBoosting,1643,5,0,0.8067156219320073,1,0.5
GradientBoosting,1644,5,1,0.23989339593536715,0,0.5
GradientBoosting,1645,3,0,0.4142313284435979,0,0.5
GradientBoosting,1646,2,1,0.7592750082624952,1,0.5
GradientBoosting,1647,4,0,0.5914732376902568,1,0.5
GradientBoosting,1648,2,0,0.48734574193800045,0,0.5
GradientBoosting,1649,3,0,0.029157066378906808,0,0.5
GradientBoosting,1650,2,0,0.10962099424609037,0,0.5
GradientBoosting,1651,3,0,0.11802340222931934,0,0.5
GradientBoosting,1652,4,0,0.23278936372877784,0,0.5
GradientBoosting,1653,5,0,0.20963400255590317,0,0.5
GradientBoosting,1654,2,0,0.18875595791283042,0,0.5
GradientBoosting,1655,3,0,0.20578027796086543,0,0.5
GradientBoosting,1656,5,0,0.60554156961218,1,0.5
GradientBoosting,1657,3,0,0.08479098034789889,0,0.5
GradientBoosting,1658,3,0,0.4994574030757185,0,0.5
GradientBoosting,1659,3,0,0.557980394999528,1,0.5
GradientBoosting,1660,3,0,0.5698572556061848,1,0.5
GradientBoosting,1661,3,0,0.5556933553185159,1,0.5
GradientBoosting,1662,5,0,0.1399321674029805,0,0.5
GradientBoosting,1663,3,0,0.09061558071602661,0,0.5
GradientBoosting,1664,4,0,0.13077741410099467,0,0.5
GradientBoosting,1665,4,0,0.5385764983402526,1,0.5
GradientBoosting,1666,2,0,0.8634063621339617,1,0.5
GradientBoosting,1667,3,0,0.4988306861704455,0,0.5
GradientBoosting,1668,5,1,0.8547216497832797,1,0.5
GradientBoosting,1669,3,1,0.7171021668678287,1,0.5
GradientBoosting,1670,3,1,0.6710170950954082,1,0.5
GradientBoosting,1671,3,1,0.8845953659375206,1,0.5
GradientBoosting,1672,4,1,0.9382758840636856,1,0.5
GradientBoosting,1673,3,0,0.9287523826219252,1,0.5
GradientBoosting,1674,4,1,0.6318126597047028,1,0.5
GradientBoosting,1675,3,0,0.8609584914881392,1,0.5
GradientBoosting,1676,3,0,0.8344006163363102,1,0.5
GradientBoosting,1677,3,1,0.6689203730165144,1,0.5
GradientBoosting,1678,3,0,0.8413012193657666,1,0.5
GradientBoosting,1679,3,1,0.8042247272123423,1,0.5
GradientBoosting,1680,3,1,0.7679986275062045,1,0.5
GradientBoosting,1681,3,1,0.8822718541412965,1,0.5
GradientBoosting,1682,3,1,0.7529062186203191,1,0.5
GradientBoosting,1683,3,1,0.8864857851407677,1,0.5
GradientBoosting,1684,3,1,0.7459528617844324,1,0.5
GradientBoosting,1685,3,1,0.5893949577411801,1,0.5
GradientBoosting,1686,3,1,0.9066053912037708,1,0.5
GradientBoosting,1687,3,0,0.8255829971597944,1,0.5
GradientBoosting,1688,2,1,0.5452791327896807,1,0.5
GradientBoosting,1689,3,1,0.8990167601799385,1,0.5
GradientBoosting,1690,5,0,0.5336240134950575,1,0.5
GradientBoosting,1691,5,1,0.7335501580406599,1,0.5
GradientBoosting,1692,2,1,0.8280114394281574,1,0.5
GradientBoosting,1693,3,1,0.9022687055088654,1,0.5
GradientBoosting,1694,4,1,0.8494159564752849,1,0.5
GradientBoosting,1695,4,1,0.8387216494144769,1,0.5
GradientBoosting,1696,3,0,0.8900899317196406,1,0.5
GradientBoosting,1697,3,0,0.7141394658425521,1,0.5
GradientBoosting,1698,3,1,0.8044945125888404,1,0.5
GradientBoosting,1699,4,0,0.18874648569879524,0,0.5
GradientBoosting,1700,3,1,0.14069585869869994,0,0.5
GradientBoosting,1701,4,1,0.48008402393579946,0,0.5
GradientBoosting,1702,3,0,0.2990565497751767,0,0.5
GradientBoosting,1703,3,0,0.30255192122753494,0,0.5
GradientBoosting,1704,3,0,0.22829290928805382,0,0.5
GradientBoosting,1705,2,0,0.1570348339828743,0,0.5
GradientBoosting,1706,3,0,0.39050791644922794,0,0.5
GradientBoosting,1707,2,0,0.2045949686108599,0,0.5
GradientBoosting,1708,2,0,0.18040345614056558,0,0.5
GradientBoosting,1709,2,0,0.7199109097455644,1,0.5
GradientBoosting,1710,4,0,0.3105204523328747,0,0.5
GradientBoosting,1711,3,0,0.23583044393984634,0,0.5
GradientBoosting,1712,4,0,0.25838045806641197,0,0.5
GradientBoosting,1713,3,1,0.34968717334884336,0,0.5
GradientBoosting,1714,5,0,0.3658665197810105,0,0.5
GradientBoosting,1715,5,0,0.2743351124847454,0,0.5
GradientBoosting,1716,4,0,0.24438103961256308,0,0.5
GradientBoosting,1717,3,1,0.827701686309691,1,0.5
GradientBoosting,1718,3,0,0.449146314501625,0,0.5
GradientBoosting,1719,3,1,0.618688016820263,1,0.5
GradientBoosting,1720,2,0,0.4477222976778437,0,0.5
GradientBoosting,1721,2,1,0.20355049092429298,0,0.5
GradientBoosting,1722,3,0,0.24591154225904804,0,0.5
GradientBoosting,1723,4,0,0.22633088208832375,0,0.5
GradientBoosting,1724,3,0,0.3872760779035086,0,0.5
GradientBoosting,1725,5,0,0.0991351773997945,0,0.5
GradientBoosting,1726,5,0,0.09472741542525051,0,0.5
GradientBoosting,1727,4,0,0.1799739875775577,0,0.5
GradientBoosting,1728,2,0,0.4110492106021274,0,0.5
GradientBoosting,1729,3,0,0.6612113190239313,1,0.5
GradientBoosting,1730,5,1,0.3982613757279608,0,0.5
GradientBoosting,1731,2,0,0.30006682498004084,0,0.5
GradientBoosting,1732,5,0,0.06082565713134839,0,0.5
GradientBoosting,1733,3,0,0.21874259968323234,0,0.5
GradientBoosting,1734,3,0,0.5517778244755409,1,0.5
GradientBoosting,1735,3,0,0.7033944049402778,1,0.5
GradientBoosting,1736,3,0,0.19185712979774494,0,0.5
GradientBoosting,1737,3,1,0.13038416012604845,0,0.5
GradientBoosting,1738,5,0,0.11044826941351511,0,0.5
GradientBoosting,1739,3,0,0.08519821264430413,0,0.5
GradientBoosting,1740,3,0,0.1393227602296088,0,0.5
GradientBoosting,1741,3,0,0.7175044556721347,1,0.5
GradientBoosting,1742,3,0,0.6511037718469151,1,0.5
GradientBoosting,1743,3,1,0.8191547716741376,1,0.5
GradientBoosting,1744,3,1,0.7465418588568798,1,0.5
GradientBoosting,1745,4,0,0.2566848036558502,0,0.5
GradientBoosting,1746,2,0,0.04520236622731446,0,0.5
GradientBoosting,1747,3,0,0.22044625206221813,0,0.5
GradientBoosting,1748,5,1,0.80650121042834,1,0.5
GradientBoosting,1749,3,0,0.840537884116073,1,0.5
GradientBoosting,1750,3,0,0.7832148701294208,1,0.5
GradientBoosting,1751,4,1,0.557724696489179,1,0.5
GradientBoosting,1752,3,1,0.6881697504786262,1,0.5
GradientBoosting,1753,3,0,0.2636140949805099,0,0.5
GradientBoosting,1754,2,0,0.5158001933200516,1,0.5
GradientBoosting,1755,3,0,0.07666308618591176,0,0.5
GradientBoosting,1756,2,0,0.4212740203681666,0,0.5
GradientBoosting,1757,4,0,0.3846052948744545,0,0.5
GradientBoosting,1758,2,0,0.03782440194378978,0,0.5
GradientBoosting,1759,5,1,0.04738046752776664,0,0.5
GradientBoosting,1760,2,0,0.380291253145239,0,0.5
GradientBoosting,1761,5,0,0.2099460367180326,0,0.5
GradientBoosting,1762,2,0,0.01944856656336797,0,0.5
GradientBoosting,1763,5,0,0.18688330742171003,0,0.5
GradientBoosting,1764,5,0,0.09048458182822193,0,0.5
GradientBoosting,1765,3,0,0.3799434081639506,0,0.5
GradientBoosting,1766,3,0,0.7291394506601208,1,0.5
GradientBoosting,1767,4,0,0.6398486443266316,1,0.5
GradientBoosting,1768,3,0,0.5011132334518837,1,0.5
GradientBoosting,1769,3,0,0.007923822039236854,0,0.5
GradientBoosting,1770,5,0,0.06652372771087195,0,0.5
GradientBoosting,1771,3,0,0.04412207872392869,0,0.5
GradientBoosting,1772,4,0,0.016772985232254796,0,0.5
GradientBoosting,1773,5,0,0.011800599691209937,0,0.5
GradientBoosting,1774,4,0,0.02047412715605238,0,0.5
GradientBoosting,1775,2,0,0.06865396953390687,0,0.5
GradientBoosting,1776,4,0,0.09116149973015844,0,0.5
GradientBoosting,1777,2,0,0.009056983221158044,0,0.5
GradientBoosting,1778,5,0,0.07638673390282398,0,0.5
GradientBoosting,1779,2,0,0.2082151744071421,0,0.5
GradientBoosting,1780,3,0,0.12822085928756705,0,0.5
GradientBoosting,1781,4,0,0.16889430855284268,0,0.5
GradientBoosting,1782,5,0,0.06862530747175899,0,0.5
GradientBoosting,1783,2,0,0.2631603477140003,0,0.5
GradientBoosting,1784,3,0,0.28639394789033035,0,0.5
GradientBoosting,1785,3,0,0.3725470362197172,0,0.5
GradientBoosting,1786,3,0,0.6032468414711639,1,0.5
GradientBoosting,1787,3,0,0.030263829767509916,0,0.5
GradientBoosting,1788,3,0,0.11780004801419594,0,0.5
GradientBoosting,1789,5,0,0.019414789319683885,0,0.5
GradientBoosting,1790,5,0,0.022049402165073954,0,0.5
GradientBoosting,1791,5,0,0.034083454759232766,0,0.5
GradientBoosting,1792,3,0,0.10489104692089568,0,0.5
GradientBoosting,1793,3,0,0.09147995038316627,0,0.5
GradientBoosting,1794,3,0,0.28347374399507275,0,0.5
GradientBoosting,1795,2,0,0.6733929359819644,1,0.5
GradientBoosting,1796,2,0,0.037401874846787565,0,0.5
GradientBoosting,1797,3,0,0.134584398543433,0,0.5
GradientBoosting,1798,5,0,0.05027012431291399,0,0.5
GradientBoosting,1799,3,1,0.7075738935964674,1,0.5
GradientBoosting,1800,3,0,0.7940387083775027,1,0.5
GradientBoosting,1801,3,0,0.694868696893737,1,0.5
GradientBoosting,1802,3,1,0.48433085556487465,0,0.5
GradientBoosting,1803,3,0,0.21199776047751653,0,0.5
GradientBoosting,1804,4,0,0.20385453852196797,0,0.5
GradientBoosting,1805,4,0,0.1302799292031494,0,0.5
GradientBoosting,1806,4,0,0.4711633108854887,0,0.5
GradientBoosting,1807,3,0,0.12880470278885922,0,0.5
GradientBoosting,1808,3,0,0.1915719514812941,0,0.5
GradientBoosting,1809,5,0,0.029116828296042244,0,0.5
GradientBoosting,1810,2,0,0.04519590001868838,0,0.5
GradientBoosting,1811,5,0,0.025946856768163256,0,0.5
GradientBoosting,1812,3,1,0.7206706107681515,1,0.5
GradientBoosting,1813,3,1,0.41785082696107084,0,0.5
GradientBoosting,1814,3,1,0.34090432807320137,0,0.5
GradientBoosting,1815,5,0,0.03611598572230336,0,0.5
GradientBoosting,1816,5,0,0.44649136146239365,0,0.5
GradientBoosting,1817,5,1,0.3995825863755287,0,0.5
GradientBoosting,1818,3,1,0.8234580933822516,1,0.5
GradientBoosting,1819,3,0,0.5669906983291336,1,0.5
GradientBoosting,1820,3,0,0.22372010893304034,0,0.5
GradientBoosting,1821,3,1,0.7709919753882903,1,0.5
GradientBoosting,1822,3,0,0.4827923408280667,0,0.5
GradientBoosting,1823,3,0,0.04048676631862399,0,0.5
GradientBoosting,1824,2,0,0.17270297293814196,0,0.5
GradientBoosting,1825,4,0,0.015696529822593733,0,0.5
GradientBoosting,1826,3,1,0.8245794877117953,1,0.5
GradientBoosting,1827,3,0,0.4181499398345271,0,0.5
GradientBoosting,1828,2,0,0.10336430429089968,0,0.5
GradientBoosting,1829,3,0,0.03117928440584573,0,0.5
GradientBoosting,1830,4,1,0.8832618705064453,1,0.5
GradientBoosting,1831,5,0,0.22910936130094628,0,0.5
GradientBoosting,1832,5,1,0.9552447944312735,1,0.5
GradientBoosting,1833,2,1,0.9145018608845826,1,0.5
GradientBoosting,1834,3,0,0.06777529320965943,0,0.5
GradientBoosting,1835,4,1,0.9622086292218359,1,0.5
GradientBoosting,1836,4,0,0.20186058925889547,0,0.5
GradientBoosting,1837,5,1,0.9638551250676587,1,0.5
GradientBoosting,1838,4,1,0.9577334358620908,1,0.5
GradientBoosting,1839,2,1,0.8749116536004891,1,0.5
GradientBoosting,1840,3,0,0.3453852327166466,0,0.5
GradientBoosting,1841,4,0,0.11464962918892237,0,0.5
GradientBoosting,1842,5,0,0.5467611174599427,1,0.5
GradientBoosting,1843,2,0,0.31053701887067287,0,0.5
GradientBoosting,1844,3,0,0.3375889910907999,0,0.5
GradientBoosting,1845,3,1,0.800700027648412,1,0.5
GradientBoosting,1846,2,0,0.08836941561550529,0,0.5
GradientBoosting,1847,4,0,0.13771968142662422,0,0.5
GradientBoosting,1848,5,1,0.8415089111962064,1,0.5
GradientBoosting,1849,3,0,0.39609499777741297,0,0.5
GradientBoosting,1850,3,0,0.4551449445907751,0,0.5
GradientBoosting,1851,3,0,0.6740397553600778,1,0.5
GradientBoosting,1852,5,0,0.07015350651097807,0,0.5
GradientBoosting,1853,3,0,0.506710864272486,1,0.5
GradientBoosting,1854,3,1,0.35829720402290416,0,0.5
GradientBoosting,1855,3,0,0.7551588521068723,1,0.5
GradientBoosting,1856,3,0,0.6894929672611322,1,0.5
GradientBoosting,1857,3,1,0.6516374717088119,1,0.5
GradientBoosting,1858,5,0,0.09120218889021682,0,0.5
GradientBoosting,1859,3,1,0.34621808065044957,0,0.5
GradientBoosting,1860,2,0,0.6321757885365156,1,0.5
GradientBoosting,1861,2,0,0.23105253993355568,0,0.5
GradientBoosting,1862,2,0,0.5297297092537565,1,0.5
GradientBoosting,1863,2,0,0.2793914815049109,0,0.5
GradientBoosting,1864,3,0,0.7141317440866494,1,0.5
GradientBoosting,1865,3,1,0.6977439281728761,1,0.5
GradientBoosting,1866,4,0,0.06792481705022833,0,0.5
GradientBoosting,1867,2,0,0.11434241869660136,0,0.5
GradientBoosting,1868,2,0,0.09114545406883595,0,0.5
GradientBoosting,1869,4,0,0.1403374314127766,0,0.5
GradientBoosting,1870,3,0,0.0388784676347823,0,0.5
GradientBoosting,1871,3,1,0.05513260740346589,0,0.5
GradientBoosting,1872,4,0,0.20966195170119126,0,0.5
GradientBoosting,1873,5,0,0.14210785294506467,0,0.5
GradientBoosting,1874,4,0,0.10795640405977697,0,0.5
GradientBoosting,1875,5,0,0.08817628855429785,0,0.5
GradientBoosting,1876,5,0,0.24237599237099328,0,0.5
GradientBoosting,1877,4,0,0.07721836587336885,0,0.5
GradientBoosting,1878,2,0,0.17596300501850956,0,0.5
GradientBoosting,1879,2,0,0.0509188549886297,0,0.5
GradientBoosting,1880,3,0,0.22043917875088803,0,0.5
GradientBoosting,1881,2,0,0.1858538558331529,0,0.5
GradientBoosting,1882,4,0,0.07492087862281689,0,0.5
GradientBoosting,1883,3,1,0.7356513211773676,1,0.5
GradientBoosting,1884,3,0,0.3581969026561108,0,0.5
GradientBoosting,1885,3,0,0.7465019251391812,1,0.5
GradientBoosting,1886,5,1,0.8018785291306774,1,0.5
GradientBoosting,1887,4,0,0.059581535804573794,0,0.5
GradientBoosting,1888,5,0,0.05122447577350945,0,0.5
GradientBoosting,1889,3,0,0.527525861526971,1,0.5
GradientBoosting,1890,5,0,0.1584829018797294,0,0.5
GradientBoosting,1891,2,0,0.35739880167635824,0,0.5
GradientBoosting,1892,2,0,0.05742513701537948,0,0.5
GradientBoosting,1893,5,1,0.012395335231766553,0,0.5
GradientBoosting,1894,2,0,0.17589691825800893,0,0.5
GradientBoosting,1895,3,0,0.034920079396911524,0,0.5
GradientBoosting,1896,2,0,0.07131310410766599,0,0.5
GradientBoosting,1897,3,0,0.279176763218573,0,0.5
GradientBoosting,1898,2,0,0.05562562291062288,0,0.5
GradientBoosting,1899,4,0,0.046498067289265275,0,0.5
GradientBoosting,1900,2,0,0.04387306785678638,0,0.5
GradientBoosting,1901,3,1,0.43221457285855513,0,0.5
GradientBoosting,1902,4,0,0.2383857648530756,0,0.5
GradientBoosting,1903,3,0,0.04311696263637098,0,0.5
GradientBoosting,1904,4,0,0.09156313839605673,0,0.5
GradientBoosting,1905,5,0,0.013675802588313267,0,0.5
GradientBoosting,1906,2,0,0.04822390624800793,0,0.5
GradientBoosting,1907,2,0,0.6018132089339617,1,0.5
GradientBoosting,1908,3,0,0.14516610438617017,0,0.5
GradientBoosting,1909,4,0,0.184642087709452,0,0.5
GradientBoosting,1910,4,0,0.13253112662717798,0,0.5
GradientBoosting,1911,4,0,0.049609737149775526,0,0.5
GradientBoosting,1912,3,0,0.04399811573624164,0,0.5
GradientBoosting,1913,3,0,0.10512067556887758,0,0.5
GradientBoosting,1914,2,0,0.7946953067304529,1,0.5
GradientBoosting,1915,4,0,0.06037477364767449,0,0.5
GradientBoosting,1916,4,0,0.07468880979121709,0,0.5
GradientBoosting,1917,4,0,0.13463513973786836,0,0.5
GradientBoosting,1918,4,0,0.2426983535409261,0,0.5
GradientBoosting,1919,2,0,0.07087092259452189,0,0.5
GradientBoosting,1920,5,0,0.20190995363304776,0,0.5
GradientBoosting,1921,4,1,0.050014742098049306,0,0.5
GradientBoosting,1922,3,0,0.18735451556699365,0,0.5
GradientBoosting,1923,3,0,0.022355124563751303,0,0.5
GradientBoosting,1924,3,0,0.15925688792494744,0,0.5
GradientBoosting,1925,3,0,0.13508297503422764,0,0.5
GradientBoosting,1926,3,0,0.2836703974837496,0,0.5
GradientBoosting,1927,3,0,0.1593641602898673,0,0.5
GradientBoosting,1928,3,0,0.29157895856369553,0,0.5
GradientBoosting,1929,3,0,0.15349180145117375,0,0.5
GradientBoosting,1930,3,0,0.17834398903528556,0,0.5
GradientBoosting,1931,3,0,0.272335293896811,0,0.5
GradientBoosting,1932,3,0,0.29750938323824044,0,0.5
GradientBoosting,1933,3,0,0.09010582323885924,0,0.5
GradientBoosting,1934,5,0,0.03101461258007623,0,0.5
GradientBoosting,1935,3,0,0.2836703974837496,0,0.5
GradientBoosting,1936,3,0,0.24928284255721017,0,0.5
GradientBoosting,1937,3,0,0.17898744939970226,0,0.5
GradientBoosting,1938,4,0,0.5708454608385873,1,0.5
GradientBoosting,1939,3,1,0.8349417388025367,1,0.5
GradientBoosting,1940,5,0,0.019076033066496446,0,0.5
GradientBoosting,1941,2,0,0.0563835589599778,0,0.5
GradientBoosting,1942,3,0,0.01930414067856351,0,0.5
GradientBoosting,1943,4,0,0.05114592856150206,0,0.5
GradientBoosting,1944,5,0,0.04833812300107551,0,0.5
GradientBoosting,1945,2,0,0.039215955577505145,0,0.5
GradientBoosting,1946,3,0,0.014560046053014693,0,0.5
GradientBoosting,1947,5,0,0.021885099102861492,0,0.5
GradientBoosting,1948,3,0,0.13261778717550607,0,0.5
GradientBoosting,1949,4,1,0.5700066831695807,1,0.5
GradientBoosting,1950,4,0,0.019299889437264968,0,0.5
GradientBoosting,1951,5,0,0.020198899794790302,0,0.5
GradientBoosting,1952,5,0,0.024049713394375585,0,0.5
GradientBoosting,1953,2,0,0.036865267627977656,0,0.5
GradientBoosting,1954,3,0,0.06962314691496077,0,0.5
GradientBoosting,1955,3,0,0.014552483639532772,0,0.5
GradientBoosting,1956,2,0,0.1292280611757483,0,0.5
GradientBoosting,1957,2,0,0.054436805400209926,0,0.5
GradientBoosting,1958,3,1,0.34252001013229194,0,0.5
GradientBoosting,1959,4,0,0.33165118999037124,0,0.5
GradientBoosting,1960,5,0,0.45476866139326,0,0.5
GradientBoosting,1961,2,0,0.11447672901323755,0,0.5
GradientBoosting,1962,2,1,0.17652010808926077,0,0.5
GradientBoosting,1963,5,0,0.3710151175599526,0,0.5
GradientBoosting,1964,2,0,0.061910733803005775,0,0.5
GradientBoosting,1965,4,0,0.05029402079000952,0,0.5
GradientBoosting,1966,4,0,0.07353834568062337,0,0.5
GradientBoosting,1967,2,0,0.045195542616109925,0,0.5
GradientBoosting,1968,5,0,0.07196831905826818,0,0.5
GradientBoosting,1969,2,0,0.06064385193123581,0,0.5
GradientBoosting,1970,5,0,0.06619234683276054,0,0.5
GradientBoosting,1971,3,0,0.47370896939323104,0,0.5
GradientBoosting,1972,3,0,0.5115005868861471,1,0.5
GradientBoosting,1973,3,1,0.08456228562134914,0,0.5
GradientBoosting,1974,3,0,0.6576909782364866,1,0.5
GradientBoosting,1975,5,0,0.0380255938604038,0,0.5
GradientBoosting,1976,4,0,0.03076880622105203,0,0.5
GradientBoosting,1977,4,0,0.17005137289099076,0,0.5
GradientBoosting,1978,3,0,0.4580465711558361,0,0.5
GradientBoosting,1979,4,0,0.05867639608562453,0,0.5
GradientBoosting,1980,2,0,0.03261175691271554,0,0.5
GradientBoosting,1981,5,0,0.026076683292551903,0,0.5
GradientBoosting,1982,4,0,0.4508891793186811,0,0.5
GradientBoosting,1983,4,0,0.011783836716275259,0,0.5
GradientBoosting,1984,4,0,0.046260766150940415,0,0.5
GradientBoosting,1985,4,0,0.1137633381433372,0,0.5
GradientBoosting,1986,4,0,0.13699373031619475,0,0.5
GradientBoosting,1987,4,0,0.7082878554293975,1,0.5
GradientBoosting,1988,2,0,0.04585866565823164,0,0.5
GradientBoosting,1989,4,0,0.1534220945394403,0,0.5
GradientBoosting,1990,3,0,0.08927261574786911,0,0.5
GradientBoosting,1991,3,0,0.06149206816271306,0,0.5
GradientBoosting,1992,4,0,0.09633856040649769,0,0.5
GradientBoosting,1993,3,0,0.05585803667894627,0,0.5
GradientBoosting,1994,5,0,0.08072374087548094,0,0.5
GradientBoosting,1995,3,0,0.03493959905991084,0,0.5
GradientBoosting,1996,2,0,0.11162844012978143,0,0.5
GradientBoosting,1997,5,0,0.3023807137465219,0,0.5
GradientBoosting,1998,2,0,0.1343215469816687,0,0.5
GradientBoosting,1999,5,0,0.16199622115449133,0,0.5
GradientBoosting,2000,5,0,0.05225227210459915,0,0.5
GradientBoosting,2001,4,0,0.4262441292405252,0,0.5
GradientBoosting,2002,3,0,0.49598944724948296,0,0.5
GradientBoosting,2003,5,0,0.08300945785387796,0,0.5
GradientBoosting,2004,4,0,0.01792872763506114,0,0.5
GradientBoosting,2005,3,0,0.3628511067943037,0,0.5
GradientBoosting,2006,4,0,0.5006362060514503,1,0.5
GradientBoosting,2007,2,1,0.22789296478958368,0,0.5
GradientBoosting,2008,2,0,0.024707561000942985,0,0.5
GradientBoosting,2009,3,0,0.03799853290113844,0,0.5
GradientBoosting,2010,4,0,0.03473390185030531,0,0.5
GradientBoosting,2011,5,0,0.20180879363158707,0,0.5
GradientBoosting,2012,3,0,0.37485988582612767,0,0.5
GradientBoosting,2013,4,0,0.5685490521202826,1,0.5
GradientBoosting,2014,4,0,0.3442238035783726,0,0.5
GradientBoosting,2015,4,0,0.1395230173138423,0,0.5
GradientBoosting,2016,2,0,0.03511206474055959,0,0.5
GradientBoosting,2017,4,0,0.024493653588759618,0,0.5
GradientBoosting,2018,2,0,0.017898365619946267,0,0.5
GradientBoosting,2019,5,0,0.10385315241608117,0,0.5
GradientBoosting,2020,4,0,0.20028295664785317,0,0.5
GradientBoosting,2021,4,0,0.08692152809788523,0,0.5
GradientBoosting,2022,3,0,0.29956939253125375,0,0.5
GradientBoosting,2023,3,0,0.23341030347527256,0,0.5
GradientBoosting,2024,3,0,0.24174889355364892,0,0.5
GradientBoosting,2025,3,0,0.2840768114585773,0,0.5
GradientBoosting,2026,2,0,0.09580075137515362,0,0.5
GradientBoosting,2027,4,0,0.15208411039099443,0,0.5
GradientBoosting,2028,4,0,0.10324131206678648,0,0.5
GradientBoosting,2029,3,0,0.031004947079361335,0,0.5
GradientBoosting,2030,3,0,0.05666914981696152,0,0.5
GradientBoosting,2031,5,0,0.05828909205837071,0,0.5
GradientBoosting,2032,4,1,0.07684787798145216,0,0.5
GradientBoosting,2033,4,1,0.06375037019189782,0,0.5
GradientBoosting,2034,4,1,0.12978967060018598,0,0.5
GradientBoosting,2035,2,0,0.2364727284815968,0,0.5
GradientBoosting,2036,2,0,0.661768142235476,1,0.5
GradientBoosting,2037,4,0,0.5182860433136178,1,0.5
GradientBoosting,2038,5,0,0.39059130246401724,0,0.5
GradientBoosting,2039,2,0,0.20726887157200993,0,0.5
GradientBoosting,2040,5,0,0.30508246872865546,0,0.5
GradientBoosting,2041,3,0,0.7541245469952341,1,0.5
GradientBoosting,2042,4,0,0.3770400525060247,0,0.5
GradientBoosting,2043,3,0,0.31759336043237374,0,0.5
GradientBoosting,2044,3,0,0.07670892508316125,0,0.5
GradientBoosting,2045,3,0,0.6331958844115956,1,0.5
GradientBoosting,2046,3,1,0.14887471582189832,0,0.5
GradientBoosting,2047,3,1,0.2282662600255712,0,0.5
GradientBoosting,2048,4,0,0.549242748285398,1,0.5
GradientBoosting,2049,3,1,0.8629183247854871,1,0.5
GradientBoosting,2050,2,0,0.20789948546780074,0,0.5
GradientBoosting,2051,4,0,0.08375056977592568,0,0.5
GradientBoosting,2052,2,1,0.5231491192878349,1,0.5
GradientBoosting,2053,5,0,0.42623589363687814,0,0.5
GradientBoosting,2054,3,0,0.21478558685047397,0,0.5
GradientBoosting,2055,3,0,0.5464650737020589,1,0.5
GradientBoosting,2056,3,0,0.34309483473538743,0,0.5
GradientBoosting,2057,4,0,0.0358843816783995,0,0.5
GradientBoosting,2058,5,0,0.011400904532888521,0,0.5
GradientBoosting,2059,3,0,0.028915045206312866,0,0.5
GradientBoosting,2060,2,0,0.05870069937757576,0,0.5
GradientBoosting,2061,4,0,0.4484902786710937,0,0.5
GradientBoosting,2062,5,0,0.3167734660099983,0,0.5
GradientBoosting,2063,4,0,0.07713450261431584,0,0.5
GradientBoosting,2064,3,0,0.10801282568292228,0,0.5
GradientBoosting,2065,3,0,0.45819131621204195,0,0.5
GradientBoosting,2066,3,0,0.68324910417213,1,0.5
GradientBoosting,2067,3,0,0.7158395482214226,1,0.5
GradientBoosting,2068,5,0,0.01822004503013352,0,0.5
GradientBoosting,2069,2,0,0.055600650849114204,0,0.5
GradientBoosting,2070,5,0,0.039768093869074234,0,0.5
GradientBoosting,2071,3,0,0.641663469660207,1,0.5
GradientBoosting,2072,3,0,0.3370828397849564,0,0.5
GradientBoosting,2073,3,0,0.01903424701361965,0,0.5
GradientBoosting,2074,2,0,0.026254762352885798,0,0.5
GradientBoosting,2075,3,0,0.00988338839701584,0,0.5
GradientBoosting,2076,3,0,0.023488972618447207,0,0.5
GradientBoosting,2077,5,0,0.12039040016040171,0,0.5
GradientBoosting,2078,2,0,0.08965744610308696,0,0.5
GradientBoosting,2079,4,0,0.19462841513335596,0,0.5
GradientBoosting,2080,4,0,0.04072798267115051,0,0.5
GradientBoosting,2081,3,0,0.051959719165150825,0,0.5
GradientBoosting,2082,4,0,0.02942120122341764,0,0.5
GradientBoosting,2083,3,0,0.07305262036177809,0,0.5
GradientBoosting,2084,3,0,0.016573615211568936,0,0.5
GradientBoosting,2085,3,0,0.01658666716963218,0,0.5
GradientBoosting,2086,5,0,0.04773116541739027,0,0.5
GradientBoosting,2087,5,0,0.022759553353607236,0,0.5
GradientBoosting,2088,4,0,0.36667818820913944,0,0.5
GradientBoosting,2089,3,0,0.40274287902027,0,0.5
GradientBoosting,2090,4,0,0.09533202615784882,0,0.5
GradientBoosting,2091,5,0,0.05900403283380556,0,0.5
GradientBoosting,2092,5,0,0.060290584488215886,0,0.5
GradientBoosting,2093,2,0,0.4749017936632459,0,0.5
GradientBoosting,2094,2,0,0.5313437277869342,1,0.5
GradientBoosting,2095,4,0,0.2511142232741842,0,0.5
GradientBoosting,2096,3,1,0.3628049761480987,0,0.5
GradientBoosting,2097,5,0,0.5072579864399731,1,0.5
GradientBoosting,2098,2,1,0.9305822641221342,1,0.5
GradientBoosting,2099,5,0,0.1354433620040097,0,0.5
GradientBoosting,2100,5,1,0.7039981289525293,1,0.5
GradientBoosting,2101,5,1,0.7443281051103364,1,0.5
GradientBoosting,2102,4,0,0.3640865505246916,0,0.5
GradientBoosting,2103,4,0,0.2895359644760557,0,0.5
GradientBoosting,2104,2,1,0.8656202402489364,1,0.5
GradientBoosting,2105,4,0,0.08223945391795298,0,0.5
GradientBoosting,2106,2,0,0.28842658246088654,0,0.5
GradientBoosting,2107,3,0,0.23715209951702035,0,0.5
GradientBoosting,2108,3,1,0.13988155110818687,0,0.5
GradientBoosting,2109,3,1,0.15129867955959625,0,0.5
GradientBoosting,2110,3,1,0.167422244890568,0,0.5
GradientBoosting,2111,4,0,0.7575897104609769,1,0.5
GradientBoosting,2112,4,0,0.6927095490147444,1,0.5
GradientBoosting,2113,3,0,0.29326809968473616,0,0.5
GradientBoosting,2114,2,0,0.785369561506327,1,0.5
GradientBoosting,2115,2,0,0.689222237046052,1,0.5
GradientBoosting,2116,3,1,0.21074352714009886,0,0.5
GradientBoosting,2117,3,1,0.4702138056754566,0,0.5
GradientBoosting,2118,3,1,0.3881192403967622,0,0.5
GradientBoosting,2119,3,0,0.2714433158606238,0,0.5
GradientBoosting,2120,2,0,0.2913445895582945,0,0.5
GradientBoosting,2121,4,0,0.6578922970047857,1,0.5
GradientBoosting,2122,3,1,0.3332054228219828,0,0.5
GradientBoosting,2123,3,0,0.085700201230133,0,0.5
GradientBoosting,2124,3,1,0.3979759877647672,0,0.5
GradientBoosting,2125,3,1,0.13762196424434356,0,0.5
GradientBoosting,2126,5,1,0.3841786827199485,0,0.5
GradientBoosting,2127,3,0,0.6994094617916995,1,0.5
GradientBoosting,2128,2,0,0.505547438173884,1,0.5
GradientBoosting,2129,2,0,0.1865925555109715,0,0.5
GradientBoosting,2130,3,0,0.366335420206935,0,0.5
GradientBoosting,2131,3,0,0.582716111774482,1,0.5
GradientBoosting,2132,2,0,0.018994607491018344,0,0.5
GradientBoosting,2133,5,0,0.3233573829362358,0,0.5
GradientBoosting,2134,5,0,0.29010206544092554,0,0.5
GradientBoosting,2135,3,0,0.35361440010377077,0,0.5
GradientBoosting,2136,3,0,0.4023012822338988,0,0.5
GradientBoosting,2137,4,0,0.7472712881098206,1,0.5
GradientBoosting,2138,3,0,0.0563755265080217,0,0.5
GradientBoosting,2139,5,0,0.05519073096707204,0,0.5
GradientBoosting,2140,4,0,0.05413398437086603,0,0.5
GradientBoosting,2141,5,0,0.04377920365602875,0,0.5
GradientBoosting,2142,3,0,0.5758350586104147,1,0.5
GradientBoosting,2143,2,0,0.12091158833209,0,0.5
GradientBoosting,2144,3,0,0.2025391593384711,0,0.5
GradientBoosting,2145,2,1,0.791395637084023,1,0.5
GradientBoosting,2146,4,0,0.3187938030070011,0,0.5
GradientBoosting,2147,5,0,0.023877790073086002,0,0.5
GradientBoosting,2148,4,0,0.06962156629712742,0,0.5
GradientBoosting,2149,2,0,0.29027863389238107,0,0.5
GradientBoosting,2150,3,0,0.10035216558140896,0,0.5
GradientBoosting,2151,5,0,0.11034397075769373,0,0.5
GradientBoosting,2152,3,0,0.3304914817111645,0,0.5
GradientBoosting,2153,4,0,0.5698466652225458,1,0.5
GradientBoosting,2154,3,0,0.015670722722042788,0,0.5
GradientBoosting,2155,3,0,0.27889535826294687,0,0.5
GradientBoosting,2156,5,1,0.7644047948243318,1,0.5
GradientBoosting,2157,3,0,0.4815466923188307,0,0.5
GradientBoosting,2158,2,0,0.27276466819976736,0,0.5
GradientBoosting,2159,2,0,0.35043902825741685,0,0.5
GradientBoosting,2160,5,0,0.14277387903229266,0,0.5
GradientBoosting,2161,4,0,0.5636566750927408,1,0.5
GradientBoosting,2162,3,0,0.6284477614500337,1,0.5
GradientBoosting,2163,4,0,0.5985021183315026,1,0.5
GradientBoosting,2164,3,0,0.23385731515163474,0,0.5
GradientBoosting,2165,5,0,0.4240567929826578,0,0.5
GradientBoosting,2166,3,1,0.6493341471116693,1,0.5
GradientBoosting,2167,3,1,0.7544972971284825,1,0.5
XGBoost,0,3,0,0.019679073244333267,0,0.5
XGBoost,1,3,1,0.5422201752662659,1,0.5
XGBoost,2,5,0,0.3161337673664093,0,0.5
XGBoost,3,3,1,0.9715075492858887,1,0.5
XGBoost,4,2,0,0.5377709865570068,1,0.5
XGBoost,5,4,0,0.01967875100672245,0,0.5
XGBoost,6,3,0,0.00612633116543293,0,0.5
XGBoost,7,2,1,0.3887886703014374,0,0.5
XGBoost,8,3,1,0.5624688863754272,1,0.5
XGBoost,9,2,0,0.32841184735298157,0,0.5
XGBoost,10,3,0,0.04183211922645569,0,0.5
XGBoost,11,4,0,0.3519819378852844,0,0.5
XGBoost,12,3,0,0.00947995763272047,0,0.5
XGBoost,13,2,1,0.8020328879356384,1,0.5
XGBoost,14,5,1,0.5658333897590637,1,0.5
XGBoost,15,2,0,0.022191159427165985,0,0.5
XGBoost,16,3,0,0.0036788671277463436,0,0.5
XGBoost,17,4,0,0.000574632256757468,0,0.5
XGBoost,18,3,0,0.00460320757701993,0,0.5
XGBoost,19,4,0,0.001025092788040638,0,0.5
XGBoost,20,2,1,0.587303876876831,1,0.5
XGBoost,21,5,0,0.029389332979917526,0,0.5
XGBoost,22,4,0,0.011777615174651146,0,0.5
XGBoost,23,3,0,0.03791855648159981,0,0.5
XGBoost,24,4,1,0.003980396315455437,0,0.5
XGBoost,25,4,0,0.000994403031654656,0,0.5
XGBoost,26,5,0,0.015170521102845669,0,0.5
XGBoost,27,4,0,0.1790396124124527,0,0.5
XGBoost,28,3,0,0.004300794564187527,0,0.5
XGBoost,29,5,0,0.0014367965050041676,0,0.5
XGBoost,30,2,0,0.09622818976640701,0,0.5
XGBoost,31,3,0,0.011856857687234879,0,0.5
XGBoost,32,3,1,0.030318941920995712,0,0.5
XGBoost,33,2,1,0.1913406252861023,0,0.5
XGBoost,34,5,1,0.03871084749698639,0,0.5
XGBoost,35,3,1,0.7038927674293518,1,0.5
XGBoost,36,4,0,0.9335605502128601,1,0.5
XGBoost,37,5,0,0.0009156155283562839,0,0.5
XGBoost,38,5,0,0.9870461225509644,1,0.5
XGBoost,39,2,0,0.23967985808849335,0,0.5
XGBoost,40,3,0,0.009929941967129707,0,0.5
XGBoost,41,4,0,0.002280467189848423,0,0.5
XGBoost,42,2,0,0.006945264991372824,0,0.5
XGBoost,43,5,0,0.014479098841547966,0,0.5
XGBoost,44,5,0,0.007940766401588917,0,0.5
XGBoost,45,2,0,0.0022640894167125225,0,0.5
XGBoost,46,3,0,0.003457132261246443,0,0.5
XGBoost,47,3,0,0.0006281230598688126,0,0.5
XGBoost,48,4,0,0.00408530980348587,0,0.5
XGBoost,49,5,0,0.0004397150769364089,0,0.5
XGBoost,50,4,0,0.42626601457595825,0,0.5
XGBoost,51,5,0,0.010940629057586193,0,0.5
XGBoost,52,3,0,0.9442110657691956,1,0.5
XGBoost,53,2,0,0.3390718698501587,0,0.5
XGBoost,54,3,1,0.009832835756242275,0,0.5
XGBoost,55,4,0,0.011774835176765919,0,0.5
XGBoost,56,5,0,0.005338675808161497,0,0.5
XGBoost,57,5,0,0.20338869094848633,0,0.5
XGBoost,58,3,0,0.009441073052585125,0,0.5
XGBoost,59,2,0,0.32817432284355164,0,0.5
XGBoost,60,4,0,0.005838498938828707,0,0.5
XGBoost,61,4,0,0.03566838800907135,0,0.5
XGBoost,62,5,0,0.001976823667064309,0,0.5
XGBoost,63,3,0,0.011714547872543335,0,0.5
XGBoost,64,5,0,0.0021737515926361084,0,0.5
XGBoost,65,3,0,0.0327141210436821,0,0.5
XGBoost,66,2,0,0.8474020957946777,1,0.5
XGBoost,67,4,0,0.01809375174343586,0,0.5
XGBoost,68,4,0,0.3692115843296051,0,0.5
XGBoost,69,5,0,0.00274347304366529,0,0.5
XGBoost,70,3,0,0.017561467364430428,0,0.5
XGBoost,71,2,0,0.24786455929279327,0,0.5
XGBoost,72,3,0,0.006058547180145979,0,0.5
XGBoost,73,4,0,0.04720114916563034,0,0.5
XGBoost,74,2,0,0.3496662974357605,0,0.5
XGBoost,75,2,0,0.004158263094723225,0,0.5
XGBoost,76,3,1,0.006444029044359922,0,0.5
XGBoost,77,3,0,0.014521768316626549,0,0.5
XGBoost,78,3,0,0.5132654905319214,1,0.5
XGBoost,79,5,0,0.00422638887539506,0,0.5
XGBoost,80,3,0,0.02357156202197075,0,0.5
XGBoost,81,3,0,0.025026516988873482,0,0.5
XGBoost,82,3,0,0.16978269815444946,0,0.5
XGBoost,83,2,0,0.04444161430001259,0,0.5
XGBoost,84,3,0,0.007441663648933172,0,0.5
XGBoost,85,5,0,0.012120791710913181,0,0.5
XGBoost,86,2,0,0.0012314997147768736,0,0.5
XGBoost,87,4,1,0.541576623916626,1,0.5
XGBoost,88,4,0,0.0041923304088413715,0,0.5
XGBoost,89,3,0,0.00241885450668633,0,0.5
XGBoost,90,3,0,0.0011075352085754275,0,0.5
XGBoost,91,2,0,0.003824445651844144,0,0.5
XGBoost,92,4,1,0.5555292367935181,1,0.5
XGBoost,93,5,0,0.00029037753120064735,0,0.5
XGBoost,94,2,0,0.05533542484045029,0,0.5
XGBoost,95,3,0,0.0010220356052741408,0,0.5
XGBoost,96,2,0,0.005661808419972658,0,0.5
XGBoost,97,3,0,0.6102755665779114,1,0.5
XGBoost,98,5,0,0.0002054746146313846,0,0.5
XGBoost,99,2,0,0.006537992041558027,0,0.5
XGBoost,100,4,0,0.01643550768494606,0,0.5
XGBoost,101,2,0,0.002650189446285367,0,0.5
XGBoost,102,3,0,0.01107841171324253,0,0.5
XGBoost,103,4,0,0.0009890396613627672,0,0.5
XGBoost,104,5,0,0.0011461442336440086,0,0.5
XGBoost,105,3,0,0.010921569541096687,0,0.5
XGBoost,106,3,0,0.34088456630706787,0,0.5
XGBoost,107,5,0,0.009340249001979828,0,0.5
XGBoost,108,3,0,0.00029488542350009084,0,0.5
XGBoost,109,4,0,0.000525986251886934,0,0.5
XGBoost,110,5,0,0.00026366280508227646,0,0.5
XGBoost,111,2,0,0.00018304953118786216,0,0.5
XGBoost,112,3,0,0.00037443259498104453,0,0.5
XGBoost,113,4,0,0.00032128795282915235,0,0.5
XGBoost,114,5,0,0.7846090197563171,1,0.5
XGBoost,115,5,0,0.003217254998162389,0,0.5
XGBoost,116,2,0,0.0013170951278880239,0,0.5
XGBoost,117,3,0,0.0011862518731504679,0,0.5
XGBoost,118,4,1,0.07499922811985016,0,0.5
XGBoost,119,5,1,0.003206801600754261,0,0.5
XGBoost,120,3,1,0.23912455141544342,0,0.5
XGBoost,121,3,0,0.13117194175720215,0,0.5
XGBoost,122,4,0,0.00028879224555566907,0,0.5
XGBoost,123,2,0,0.03716304153203964,0,0.5
XGBoost,124,2,0,0.03508363291621208,0,0.5
XGBoost,125,4,0,0.715658962726593,1,0.5
XGBoost,126,3,0,0.39792540669441223,0,0.5
XGBoost,127,2,0,0.008622201159596443,0,0.5
XGBoost,128,4,1,0.023784395307302475,0,0.5
XGBoost,129,5,1,0.10734636336565018,0,0.5
XGBoost,130,3,0,0.007608933374285698,0,0.5
XGBoost,131,3,0,0.05925755947828293,0,0.5
XGBoost,132,5,0,0.0037649183068424463,0,0.5
XGBoost,133,3,0,0.014874217100441456,0,0.5
XGBoost,134,3,0,0.0009774304926395416,0,0.5
XGBoost,135,3,0,0.04265175387263298,0,0.5
XGBoost,136,3,0,0.8494760990142822,1,0.5
XGBoost,137,3,0,0.011147414334118366,0,0.5
XGBoost,138,3,0,0.0019372653914615512,0,0.5
XGBoost,139,2,0,0.004788858816027641,0,0.5
XGBoost,140,4,0,0.015582089312374592,0,0.5
XGBoost,141,4,0,0.7094641327857971,1,0.5
XGBoost,142,5,0,0.001867852988652885,0,0.5
XGBoost,143,3,0,0.0017944315914064646,0,0.5
XGBoost,144,2,0,0.00019640143727883697,0,0.5
XGBoost,145,4,0,0.0031447981018573046,0,0.5
XGBoost,146,5,0,0.001325115212239325,0,0.5
XGBoost,147,3,0,0.00015601047198288143,0,0.5
XGBoost,148,2,0,0.0004322033782955259,0,0.5
XGBoost,149,3,0,0.0004611368349287659,0,0.5
XGBoost,150,4,0,3.833885784843005e-05,0,0.5
XGBoost,151,5,0,9.257875353796408e-05,0,0.5
XGBoost,152,2,0,2.3039179723127745e-05,0,0.5
XGBoost,153,5,0,2.9892804377595894e-05,0,0.5
XGBoost,154,3,0,0.00030269796843640506,0,0.5
XGBoost,155,5,0,8.177025301847607e-05,0,0.5
XGBoost,156,2,0,0.00011600570724112913,0,0.5
XGBoost,157,3,0,0.00026694551343098283,0,0.5
XGBoost,158,5,0,0.010179463773965836,0,0.5
XGBoost,159,5,1,0.6500831842422485,1,0.5
XGBoost,160,2,0,8.153152884915471e-05,0,0.5
XGBoost,161,3,1,0.3177716135978699,0,0.5
XGBoost,162,3,0,0.06420005857944489,0,0.5
XGBoost,163,3,0,0.039962828159332275,0,0.5
XGBoost,164,3,0,0.009714754298329353,0,0.5
XGBoost,165,3,0,0.012423171661794186,0,0.5
XGBoost,166,5,0,0.04075236618518829,0,0.5
XGBoost,167,5,0,0.03113122098147869,0,0.5
XGBoost,168,2,0,0.0018354615895077586,0,0.5
XGBoost,169,2,0,0.00037994919694028795,0,0.5
XGBoost,170,4,0,0.0808013528585434,0,0.5
XGBoost,171,4,0,0.29115739464759827,0,0.5
XGBoost,172,4,0,0.9425503015518188,1,0.5
XGBoost,173,4,0,0.04548756033182144,0,0.5
XGBoost,174,5,0,0.0003962335758842528,0,0.5
XGBoost,175,2,0,0.0004871312703471631,0,0.5
XGBoost,176,3,0,0.00021619891049340367,0,0.5
XGBoost,177,3,0,0.10592252016067505,0,0.5
XGBoost,178,4,0,0.0021096004638820887,0,0.5
XGBoost,179,5,0,0.27928969264030457,0,0.5
XGBoost,180,4,0,0.2512286901473999,0,0.5
XGBoost,181,4,0,0.1427682787179947,0,0.5
XGBoost,182,2,0,0.0017558567924425006,0,0.5
XGBoost,183,4,0,0.00016853492707014084,0,0.5
XGBoost,184,5,0,0.02032475173473358,0,0.5
XGBoost,185,2,1,0.0802469551563263,0,0.5
XGBoost,186,4,0,0.042724478989839554,0,0.5
XGBoost,187,3,0,0.003909433260560036,0,0.5
XGBoost,188,3,0,0.010715941898524761,0,0.5
XGBoost,189,2,0,0.02798715978860855,0,0.5
XGBoost,190,3,0,0.014036946929991245,0,0.5
XGBoost,191,2,1,0.33196401596069336,0,0.5
XGBoost,192,3,0,0.008846204727888107,0,0.5
XGBoost,193,5,0,0.004948185291141272,0,0.5
XGBoost,194,2,0,0.0005668965168297291,0,0.5
XGBoost,195,5,1,0.006672378163784742,0,0.5
XGBoost,196,2,0,0.0032145280856639147,0,0.5
XGBoost,197,4,0,0.0001714941899990663,0,0.5
XGBoost,198,3,0,0.013154637068510056,0,0.5
XGBoost,199,3,0,0.056443873792886734,0,0.5
XGBoost,200,4,1,0.01800612173974514,0,0.5
XGBoost,201,2,0,0.008814524859189987,0,0.5
XGBoost,202,2,1,0.7394258975982666,1,0.5
XGBoost,203,2,0,0.004680616315454245,0,0.5
XGBoost,204,2,0,0.007764344569295645,0,0.5
XGBoost,205,3,0,0.004331788048148155,0,0.5
XGBoost,206,4,0,0.005377639085054398,0,0.5
XGBoost,207,3,0,0.01028300542384386,0,0.5
XGBoost,208,4,0,0.05256189778447151,0,0.5
XGBoost,209,2,1,0.9681237936019897,1,0.5
XGBoost,210,3,0,0.5364348888397217,1,0.5
XGBoost,211,4,1,0.9874610304832458,1,0.5
XGBoost,212,3,1,0.5067859292030334,1,0.5
XGBoost,213,4,0,0.033346690237522125,0,0.5
XGBoost,214,5,0,0.5354869961738586,1,0.5
XGBoost,215,2,1,0.013021103106439114,0,0.5
XGBoost,216,4,0,0.0021073680836707354,0,0.5
XGBoost,217,2,0,0.012225469574332237,0,0.5
XGBoost,218,3,1,0.9028347730636597,1,0.5
XGBoost,219,4,1,0.02283766120672226,0,0.5
XGBoost,220,2,1,0.036551687866449356,0,0.5
XGBoost,221,2,1,0.613462507724762,1,0.5
XGBoost,222,3,0,0.5357575416564941,1,0.5
XGBoost,223,2,0,0.6569640040397644,1,0.5
XGBoost,224,3,1,0.9272370338439941,1,0.5
XGBoost,225,2,0,0.08961649984121323,0,0.5
XGBoost,226,3,1,0.9911900758743286,1,0.5
XGBoost,227,3,0,0.000996727729216218,0,0.5
XGBoost,228,2,1,0.023380007594823837,0,0.5
XGBoost,229,3,0,0.0005223724292591214,0,0.5
XGBoost,230,2,0,0.07505921274423599,0,0.5
XGBoost,231,3,0,0.0042640031315386295,0,0.5
XGBoost,232,4,0,0.0005270231049507856,0,0.5
XGBoost,233,5,1,0.3470381796360016,0,0.5
XGBoost,234,3,0,0.10761264711618423,0,0.5
XGBoost,235,3,0,0.11261546611785889,0,0.5
XGBoost,236,2,0,0.0007005298393778503,0,0.5
XGBoost,237,4,0,0.002959274221211672,0,0.5
XGBoost,238,3,1,0.23737391829490662,0,0.5
XGBoost,239,4,0,0.0019597280770540237,0,0.5
XGBoost,240,2,0,0.014643523842096329,0,0.5
XGBoost,241,4,0,0.0012657063780352473,0,0.5
XGBoost,242,3,0,0.37144550681114197,0,0.5
XGBoost,243,3,0,0.0019220801768824458,0,0.5
XGBoost,244,2,0,0.2720082700252533,0,0.5
XGBoost,245,3,0,0.04195140674710274,0,0.5
XGBoost,246,3,0,0.6580967307090759,1,0.5
XGBoost,247,3,0,0.0028530890122056007,0,0.5
XGBoost,248,2,1,0.04212094098329544,0,0.5
XGBoost,249,5,0,0.027351494878530502,0,0.5
XGBoost,250,3,0,0.0017069667810574174,0,0.5
XGBoost,251,3,0,0.017980752512812614,0,0.5
XGBoost,252,3,0,0.08710454404354095,0,0.5
XGBoost,253,4,0,0.024664195254445076,0,0.5
XGBoost,254,3,0,0.003246898762881756,0,0.5
XGBoost,255,5,0,0.0008698492310941219,0,0.5
XGBoost,256,2,0,0.011005372740328312,0,0.5
XGBoost,257,5,0,0.03880378603935242,0,0.5
XGBoost,258,5,0,0.012927114963531494,0,0.5
XGBoost,259,2,0,6.084912456572056e-05,0,0.5
XGBoost,260,4,0,0.001736985519528389,0,0.5
XGBoost,261,3,0,0.004077092278748751,0,0.5
XGBoost,262,2,0,0.0014822777593508363,0,0.5
XGBoost,263,3,0,0.00036380140227265656,0,0.5
XGBoost,264,3,0,0.14319448173046112,0,0.5
XGBoost,265,5,0,0.0008146849577315152,0,0.5
XGBoost,266,3,0,0.05372437462210655,0,0.5
XGBoost,267,3,0,0.00027321220841258764,0,0.5
XGBoost,268,3,0,0.39938920736312866,0,0.5
XGBoost,269,3,1,0.329929381608963,0,0.5
XGBoost,270,3,0,0.01402186881750822,0,0.5
XGBoost,271,3,0,0.024059535935521126,0,0.5
XGBoost,272,5,1,0.008603972382843494,0,0.5
XGBoost,273,4,0,0.1970805674791336,0,0.5
XGBoost,274,5,0,0.007128873839974403,0,0.5
XGBoost,275,2,0,0.000631938106380403,0,0.5
XGBoost,276,3,0,0.005913142580538988,0,0.5
XGBoost,277,3,0,0.0009641957585699856,0,0.5
XGBoost,278,3,0,0.0659559890627861,0,0.5
XGBoost,279,3,1,0.0013911108253523707,0,0.5
XGBoost,280,2,0,0.020702602341771126,0,0.5
XGBoost,281,3,0,0.0059480261988937855,0,0.5
XGBoost,282,3,0,0.0005506205488927662,0,0.5
XGBoost,283,2,0,0.001187043497338891,0,0.5
XGBoost,284,4,0,0.010941934771835804,0,0.5
XGBoost,285,2,0,0.009666969999670982,0,0.5
XGBoost,286,5,1,0.00869964063167572,0,0.5
XGBoost,287,3,0,0.014281786978244781,0,0.5
XGBoost,288,4,0,0.693320095539093,1,0.5
XGBoost,289,5,0,0.005869588349014521,0,0.5
XGBoost,290,3,0,0.0005253239069133997,0,0.5
XGBoost,291,2,1,0.8655758500099182,1,0.5
XGBoost,292,3,0,0.5586471557617188,1,0.5
XGBoost,293,4,0,0.023981546983122826,0,0.5
XGBoost,294,5,0,0.2537076473236084,0,0.5
XGBoost,295,2,0,0.3562851846218109,0,0.5
XGBoost,296,5,0,0.003121759044006467,0,0.5
XGBoost,297,3,0,0.3012770414352417,0,0.5
XGBoost,298,2,0,0.12584705650806427,0,0.5
XGBoost,299,3,0,6.868554191896692e-05,0,0.5
XGBoost,300,4,1,0.3332761526107788,0,0.5
XGBoost,301,5,0,0.07712271809577942,0,0.5
XGBoost,302,5,0,0.003429248696193099,0,0.5
XGBoost,303,2,0,0.002941062906756997,0,0.5
XGBoost,304,5,0,0.016673754900693893,0,0.5
XGBoost,305,3,0,0.0015175208682194352,0,0.5
XGBoost,306,3,0,0.09073174744844437,0,0.5
XGBoost,307,3,1,0.0014221802121028304,0,0.5
XGBoost,308,3,0,0.0011640358716249466,0,0.5
XGBoost,309,3,0,0.00019675155635923147,0,0.5
XGBoost,310,3,0,0.0002389892761129886,0,0.5
XGBoost,311,4,0,0.000587213784456253,0,0.5
XGBoost,312,5,0,0.0005650696693919599,0,0.5
XGBoost,313,5,0,0.0014499762328341603,0,0.5
XGBoost,314,5,0,0.009043987840414047,0,0.5
XGBoost,315,3,0,0.39787691831588745,0,0.5
XGBoost,316,3,0,0.0009873826056718826,0,0.5
XGBoost,317,5,0,0.0019033309072256088,0,0.5
XGBoost,318,3,1,0.0017785429954528809,0,0.5
XGBoost,319,5,0,0.01418991107493639,0,0.5
XGBoost,320,3,0,0.021035553887486458,0,0.5
XGBoost,321,3,1,0.0005058007081970572,0,0.5
XGBoost,322,3,1,0.001634226064197719,0,0.5
XGBoost,323,4,0,0.0009303635451942682,0,0.5
XGBoost,324,4,0,0.000410124019253999,0,0.5
XGBoost,325,4,0,0.0028815562836825848,0,0.5
XGBoost,326,5,0,0.00989976990967989,0,0.5
XGBoost,327,3,0,0.0003733431512955576,0,0.5
XGBoost,328,2,0,0.001067301258444786,0,0.5
XGBoost,329,2,0,0.0005724502843804657,0,0.5
XGBoost,330,3,1,0.007008526474237442,0,0.5
XGBoost,331,4,0,0.04257683828473091,0,0.5
XGBoost,332,3,0,0.01938050054013729,0,0.5
XGBoost,333,2,0,0.009564638137817383,0,0.5
XGBoost,334,3,0,0.06491699814796448,0,0.5
XGBoost,335,2,0,0.016996236518025398,0,0.5
XGBoost,336,5,0,0.11074481904506683,0,0.5
XGBoost,337,2,0,0.27310800552368164,0,0.5
XGBoost,338,3,1,0.021158995106816292,0,0.5
XGBoost,339,3,0,0.2318766713142395,0,0.5
XGBoost,340,4,0,0.009726275689899921,0,0.5
XGBoost,341,5,0,0.0818348154425621,0,0.5
XGBoost,342,3,0,0.0014506106963381171,0,0.5
XGBoost,343,3,0,8.054439967963845e-05,0,0.5
XGBoost,344,2,0,0.1505478471517563,0,0.5
XGBoost,345,5,1,0.0059412638656795025,0,0.5
XGBoost,346,5,0,0.00031431298702955246,0,0.5
XGBoost,347,5,0,0.03334572911262512,0,0.5
XGBoost,348,4,0,0.0006230731960386038,0,0.5
XGBoost,349,3,0,0.0030235671438276768,0,0.5
XGBoost,350,2,0,0.003263789461925626,0,0.5
XGBoost,351,3,0,0.1372023969888687,0,0.5
XGBoost,352,5,0,0.04050128906965256,0,0.5
XGBoost,353,3,0,0.0011323310900479555,0,0.5
XGBoost,354,3,0,0.04649796336889267,0,0.5
XGBoost,355,3,0,0.0010432667331770062,0,0.5
XGBoost,356,3,0,0.0001252356159966439,0,0.5
XGBoost,357,4,0,0.05365089699625969,0,0.5
XGBoost,358,3,0,0.013572225347161293,0,0.5
XGBoost,359,5,0,0.005642713513225317,0,0.5
XGBoost,360,3,0,0.01834237575531006,0,0.5
XGBoost,361,3,0,0.0005035361391492188,0,0.5
XGBoost,362,3,0,0.00934782437980175,0,0.5
XGBoost,363,3,0,0.004492133855819702,0,0.5
XGBoost,364,3,1,0.6385287642478943,1,0.5
XGBoost,365,4,0,0.0023078673984855413,0,0.5
XGBoost,366,3,1,0.20343855023384094,0,0.5
XGBoost,367,3,0,0.007649116218090057,0,0.5
XGBoost,368,2,0,0.0371067188680172,0,0.5
XGBoost,369,2,0,0.7758941650390625,1,0.5
XGBoost,370,3,0,0.00039778946666046977,0,0.5
XGBoost,371,5,0,0.007543795742094517,0,0.5
XGBoost,372,3,0,0.0010815380373969674,0,0.5
XGBoost,373,2,0,0.0005201346357353032,0,0.5
XGBoost,374,3,1,0.5541896224021912,1,0.5
XGBoost,375,4,0,0.0002489601029083133,0,0.5
XGBoost,376,4,0,0.9278606176376343,1,0.5
XGBoost,377,2,0,0.41635578870773315,0,0.5
XGBoost,378,3,1,0.003343154676258564,0,0.5
XGBoost,379,4,0,0.002724478719756007,0,0.5
XGBoost,380,3,0,0.09560589492321014,0,0.5
XGBoost,381,5,1,0.6618618965148926,1,0.5
XGBoost,382,5,0,0.022062264382839203,0,0.5
XGBoost,383,2,0,0.00041388344834558666,0,0.5
XGBoost,384,3,0,0.012535384856164455,0,0.5
XGBoost,385,3,0,0.001799564459361136,0,0.5
XGBoost,386,4,0,0.0040787034668028355,0,0.5
XGBoost,387,3,0,0.0098289605230093,0,0.5
XGBoost,388,3,0,0.35124215483665466,0,0.5
XGBoost,389,3,0,0.08909045159816742,0,0.5
XGBoost,390,4,0,0.023755062371492386,0,0.5
XGBoost,391,2,0,0.004619954619556665,0,0.5
XGBoost,392,3,0,0.26408955454826355,0,0.5
XGBoost,393,3,0,0.0020824940875172615,0,0.5
XGBoost,394,3,1,0.7682965397834778,1,0.5
XGBoost,395,3,0,0.03460177406668663,0,0.5
XGBoost,396,3,0,0.042829085141420364,0,0.5
XGBoost,397,3,0,0.004252355545759201,0,0.5
XGBoost,398,3,0,0.18125413358211517,0,0.5
XGBoost,399,3,0,0.0011770423734560609,0,0.5
XGBoost,400,3,0,0.2458503544330597,0,0.5
XGBoost,401,4,0,0.0016352557577192783,0,0.5
XGBoost,402,5,0,0.0021839526016265154,0,0.5
XGBoost,403,2,0,0.028131742030382156,0,0.5
XGBoost,404,4,0,0.18497753143310547,0,0.5
XGBoost,405,4,0,0.03630221635103226,0,0.5
XGBoost,406,3,0,0.0017551439814269543,0,0.5
XGBoost,407,3,0,0.0003401920257601887,0,0.5
XGBoost,408,3,0,0.00015545183850917965,0,0.5
XGBoost,409,5,0,0.02008487470448017,0,0.5
XGBoost,410,3,0,0.016173824667930603,0,0.5
XGBoost,411,5,1,0.0025972186122089624,0,0.5
XGBoost,412,2,0,0.46339213848114014,0,0.5
XGBoost,413,4,0,0.0013917058240622282,0,0.5
XGBoost,414,3,0,6.116998702054843e-05,0,0.5
XGBoost,415,5,0,0.00010038780601462349,0,0.5
XGBoost,416,4,0,6.230926373973489e-05,0,0.5
XGBoost,417,3,0,6.097610457800329e-05,0,0.5
XGBoost,418,4,0,0.0007027555257081985,0,0.5
XGBoost,419,5,0,0.00021785015997011214,0,0.5
XGBoost,420,4,0,0.0009177042520605028,0,0.5
XGBoost,421,2,0,0.00020634040993172675,0,0.5
XGBoost,422,3,0,0.00020290067186579108,0,0.5
XGBoost,423,3,0,0.0005505888257175684,0,0.5
XGBoost,424,3,0,0.00044773714034818113,0,0.5
XGBoost,425,5,0,0.0006971342954784632,0,0.5
XGBoost,426,4,0,0.0006585314404219389,0,0.5
XGBoost,427,5,0,0.0004357636789791286,0,0.5
XGBoost,428,3,0,0.0004171439213678241,0,0.5
XGBoost,429,2,0,3.757383092306554e-05,0,0.5
XGBoost,430,3,0,6.051436503184959e-05,0,0.5
XGBoost,431,4,0,0.0027819883543998003,0,0.5
XGBoost,432,2,0,0.0027354692574590445,0,0.5
XGBoost,433,3,0,0.0013776911655440927,0,0.5
XGBoost,434,4,0,0.01965397782623768,0,0.5
XGBoost,435,5,0,0.0005513082141987979,0,0.5
XGBoost,436,3,0,0.0005338307237252593,0,0.5
XGBoost,437,3,0,0.0006593100843019783,0,0.5
XGBoost,438,2,0,0.020238379016518593,0,0.5
XGBoost,439,3,0,0.0005519978585653007,0,0.5
XGBoost,440,4,0,0.0005625943304039538,0,0.5
XGBoost,441,2,0,9.307268192060292e-05,0,0.5
XGBoost,442,5,0,0.00798543356359005,0,0.5
XGBoost,443,5,0,0.7617547512054443,1,0.5
XGBoost,444,3,1,0.9714000821113586,1,0.5
XGBoost,445,2,0,0.11879444867372513,0,0.5
XGBoost,446,2,0,0.001711699995212257,0,0.5
XGBoost,447,3,0,0.2344224900007248,0,0.5
XGBoost,448,4,0,0.3166619539260864,0,0.5
XGBoost,449,2,0,0.0010505679529160261,0,0.5
XGBoost,450,5,0,0.0139070525765419,0,0.5
XGBoost,451,3,0,0.0006918668514117599,0,0.5
XGBoost,452,4,1,0.21240320801734924,0,0.5
XGBoost,453,2,0,0.9789207577705383,1,0.5
XGBoost,454,4,0,0.21317656338214874,0,0.5
XGBoost,455,5,0,0.027173517271876335,0,0.5
XGBoost,456,3,0,0.3120322525501251,0,0.5
XGBoost,457,2,0,0.020774509757757187,0,0.5
XGBoost,458,4,0,0.2730723023414612,0,0.5
XGBoost,459,3,0,0.0031947465613484383,0,0.5
XGBoost,460,2,0,0.0017069977475330234,0,0.5
XGBoost,461,3,0,0.0020392935257405043,0,0.5
XGBoost,462,3,0,0.004894852172583342,0,0.5
XGBoost,463,4,0,0.0028467527590692043,0,0.5
XGBoost,464,4,0,0.006099264603108168,0,0.5
XGBoost,465,3,0,0.6030207276344299,1,0.5
XGBoost,466,3,0,0.10476478189229965,0,0.5
XGBoost,467,5,1,0.01004822738468647,0,0.5
XGBoost,468,3,0,0.0013953793095424771,0,0.5
XGBoost,469,3,0,0.0051099336706101894,0,0.5
XGBoost,470,3,0,0.0009536680299788713,0,0.5
XGBoost,471,2,0,0.0021562345791608095,0,0.5
XGBoost,472,3,0,0.0016770332586020231,0,0.5
XGBoost,473,5,0,0.00898672454059124,0,0.5
XGBoost,474,4,0,0.00987174641340971,0,0.5
XGBoost,475,5,0,0.00439599109813571,0,0.5
XGBoost,476,2,0,0.0007745499024167657,0,0.5
XGBoost,477,3,0,0.00020197608682792634,0,0.5
XGBoost,478,3,0,0.001581042306497693,0,0.5
XGBoost,479,4,0,0.5683006048202515,1,0.5
XGBoost,480,5,0,0.0008775581372901797,0,0.5
XGBoost,481,3,0,0.0012475228868424892,0,0.5
XGBoost,482,4,1,0.9365530014038086,1,0.5
XGBoost,483,5,0,0.9342754483222961,1,0.5
XGBoost,484,2,0,0.9698261022567749,1,0.5
XGBoost,485,3,0,0.00012690089351963252,0,0.5
XGBoost,486,3,0,0.0869978666305542,0,0.5
XGBoost,487,4,1,0.9944288730621338,1,0.5
XGBoost,488,2,1,0.9967213273048401,1,0.5
XGBoost,489,4,0,0.026769405230879784,0,0.5
XGBoost,490,3,0,0.05425523221492767,0,0.5
XGBoost,491,4,0,0.0021315952762961388,0,0.5
XGBoost,492,5,0,0.00044832477578893304,0,0.5
XGBoost,493,3,0,0.0003486629284452647,0,0.5
XGBoost,494,2,0,0.0014981162967160344,0,0.5
XGBoost,495,5,0,0.0014495543437078595,0,0.5
XGBoost,496,3,0,0.0028626115527004004,0,0.5
XGBoost,497,2,0,0.0012805674923583865,0,0.5
XGBoost,498,5,0,0.009766655042767525,0,0.5
XGBoost,499,5,0,0.14940135180950165,0,0.5
XGBoost,500,5,1,0.35119912028312683,0,0.5
XGBoost,501,3,1,0.9307259917259216,1,0.5
XGBoost,502,2,1,0.6548568606376648,1,0.5
XGBoost,503,3,0,0.0003425315662752837,0,0.5
XGBoost,504,4,0,0.002760361647233367,0,0.5
XGBoost,505,5,0,0.005072250962257385,0,0.5
XGBoost,506,2,0,0.0004840596520807594,0,0.5
XGBoost,507,3,0,0.0012825888115912676,0,0.5
XGBoost,508,3,1,0.05154063552618027,0,0.5
XGBoost,509,3,0,0.6268271207809448,1,0.5
XGBoost,510,4,0,0.001723201130516827,0,0.5
XGBoost,511,5,1,0.9944120049476624,1,0.5
XGBoost,512,2,1,0.047723207622766495,0,0.5
XGBoost,513,3,0,0.00432930001989007,0,0.5
XGBoost,514,3,0,0.00022153844474814832,0,0.5
XGBoost,515,5,0,0.0032922956161201,0,0.5
XGBoost,516,4,0,0.0023172616492956877,0,0.5
XGBoost,517,3,0,0.0008721302729099989,0,0.5
XGBoost,518,2,0,0.01605602726340294,0,0.5
XGBoost,519,5,0,0.016972074285149574,0,0.5
XGBoost,520,5,0,0.008406726643443108,0,0.5
XGBoost,521,4,0,0.000741619267500937,0,0.5
XGBoost,522,5,0,0.005882370751351118,0,0.5
XGBoost,523,3,1,0.9417330622673035,1,0.5
XGBoost,524,3,0,0.02509564347565174,0,0.5
XGBoost,525,2,0,0.15924210846424103,0,0.5
XGBoost,526,3,0,0.00453214580193162,0,0.5
XGBoost,527,3,0,0.000672006222885102,0,0.5
XGBoost,528,4,0,0.5116221308708191,1,0.5
XGBoost,529,5,0,0.1570557951927185,0,0.5
XGBoost,530,3,0,0.0025426936335861683,0,0.5
XGBoost,531,2,1,0.0074517191387712955,0,0.5
XGBoost,532,3,1,0.96310955286026,1,0.5
XGBoost,533,4,0,0.0013130640145391226,0,0.5
XGBoost,534,5,0,9.637755283620209e-05,0,0.5
XGBoost,535,5,0,0.00011925534636247903,0,0.5
XGBoost,536,3,0,0.011460695415735245,0,0.5
XGBoost,537,2,1,0.06275556981563568,0,0.5
XGBoost,538,2,0,0.003912518732249737,0,0.5
XGBoost,539,4,0,0.0008599410066381097,0,0.5
XGBoost,540,4,0,0.00021616283629555255,0,0.5
XGBoost,541,5,0,0.0018233949085697532,0,0.5
XGBoost,542,2,0,0.019474640488624573,0,0.5
XGBoost,543,2,0,0.0015608000103384256,0,0.5
XGBoost,544,5,0,0.001209624228067696,0,0.5
XGBoost,545,2,0,0.00020683402544818819,0,0.5
XGBoost,546,4,0,0.0012342093978077173,0,0.5
XGBoost,547,4,0,0.0002480727562215179,0,0.5
XGBoost,548,2,0,0.0004995005438104272,0,0.5
XGBoost,549,2,0,0.02696206048130989,0,0.5
XGBoost,550,2,0,0.0008217080030590296,0,0.5
XGBoost,551,3,0,0.047537077218294144,0,0.5
XGBoost,552,3,0,0.0022144364193081856,0,0.5
XGBoost,553,2,0,0.07994269579648972,0,0.5
XGBoost,554,3,0,0.1358446627855301,0,0.5
XGBoost,555,4,0,0.0018606696976348758,0,0.5
XGBoost,556,5,1,0.020097222179174423,0,0.5
XGBoost,557,3,0,0.002540076617151499,0,0.5
XGBoost,558,2,1,0.02474842220544815,0,0.5
XGBoost,559,2,0,0.003269319888204336,0,0.5
XGBoost,560,5,0,0.051347412168979645,0,0.5
XGBoost,561,3,0,0.08005227148532867,0,0.5
XGBoost,562,3,1,0.7336941361427307,1,0.5
XGBoost,563,2,0,0.015125961042940617,0,0.5
XGBoost,564,3,0,0.12957191467285156,0,0.5
XGBoost,565,4,0,0.0015713628381490707,0,0.5
XGBoost,566,2,0,0.0002391399466432631,0,0.5
XGBoost,567,4,0,0.015109439380466938,0,0.5
XGBoost,568,5,0,0.00032796396408230066,0,0.5
XGBoost,569,5,0,0.00021458102855831385,0,0.5
XGBoost,570,4,0,0.00048180168960243464,0,0.5
XGBoost,571,5,0,0.0005294766742736101,0,0.5
XGBoost,572,5,0,0.0047350432723760605,0,0.5
XGBoost,573,2,0,0.007704471703618765,0,0.5
XGBoost,574,2,0,0.011259913444519043,0,0.5
XGBoost,575,2,0,0.00669895252212882,0,0.5
XGBoost,576,3,0,0.0028511753771454096,0,0.5
XGBoost,577,5,0,0.0005531264469027519,0,0.5
XGBoost,578,2,0,0.004816168453544378,0,0.5
XGBoost,579,5,0,0.0006837336113676429,0,0.5
XGBoost,580,2,0,0.0010522170923650265,0,0.5
XGBoost,581,5,0,0.0006302978144958615,0,0.5
XGBoost,582,3,0,0.0011440444504842162,0,0.5
XGBoost,583,5,0,0.006225144024938345,0,0.5
XGBoost,584,2,0,0.021660126745700836,0,0.5
XGBoost,585,4,0,6.873284291941673e-05,0,0.5
XGBoost,586,4,0,0.00038208605838008225,0,0.5
XGBoost,587,2,0,0.005586405750364065,0,0.5
XGBoost,588,3,0,0.013461466878652573,0,0.5
XGBoost,589,3,0,0.19096748530864716,0,0.5
XGBoost,590,5,1,0.0198141448199749,0,0.5
XGBoost,591,3,0,0.0021639163605868816,0,0.5
XGBoost,592,3,1,0.008117959834635258,0,0.5
XGBoost,593,2,0,0.021339256316423416,0,0.5
XGBoost,594,3,0,0.15581777691841125,0,0.5
XGBoost,595,3,0,0.15581777691841125,0,0.5
XGBoost,596,3,1,0.010765284299850464,0,0.5
XGBoost,597,5,0,0.02718021161854267,0,0.5
XGBoost,598,2,0,0.04503163695335388,0,0.5
XGBoost,599,2,0,0.00924989115446806,0,0.5
XGBoost,600,3,0,0.0003106821677647531,0,0.5
XGBoost,601,5,0,0.003696003695949912,0,0.5
XGBoost,602,3,0,0.03478476405143738,0,0.5
XGBoost,603,4,0,0.00283284904435277,0,0.5
XGBoost,604,3,0,0.0007448930409736931,0,0.5
XGBoost,605,3,0,0.34695935249328613,0,0.5
XGBoost,606,2,0,0.0014376204926520586,0,0.5
XGBoost,607,3,0,0.057596899569034576,0,0.5
XGBoost,608,3,0,0.039001066237688065,0,0.5
XGBoost,609,5,0,0.0020619083661586046,0,0.5
XGBoost,610,4,0,0.00012202649668324739,0,0.5
XGBoost,611,3,0,0.0012446589535102248,0,0.5
XGBoost,612,2,0,0.007029709406197071,0,0.5
XGBoost,613,2,0,0.0009185702656395733,0,0.5
XGBoost,614,3,0,0.017269834876060486,0,0.5
XGBoost,615,2,0,0.0011959465919062495,0,0.5
XGBoost,616,3,1,0.45623981952667236,0,0.5
XGBoost,617,3,1,0.027391187846660614,0,0.5
XGBoost,618,3,0,0.09254445880651474,0,0.5
XGBoost,619,3,0,0.006112804636359215,0,0.5
XGBoost,620,3,0,0.004959491081535816,0,0.5
XGBoost,621,3,0,0.002371512819081545,0,0.5
XGBoost,622,3,1,0.24759498238563538,0,0.5
XGBoost,623,5,0,0.00015148113016039133,0,0.5
XGBoost,624,5,0,0.005089787766337395,0,0.5
XGBoost,625,3,0,8.031025208765641e-05,0,0.5
XGBoost,626,5,0,0.0002139389398507774,0,0.5
XGBoost,627,2,0,0.00118588178884238,0,0.5
XGBoost,628,3,0,0.0001727902126731351,0,0.5
XGBoost,629,3,0,0.010169859044253826,0,0.5
XGBoost,630,2,0,0.009041043929755688,0,0.5
XGBoost,631,2,0,7.753729732939973e-05,0,0.5
XGBoost,632,3,0,0.006649891845881939,0,0.5
XGBoost,633,3,0,0.411065936088562,0,0.5
XGBoost,634,3,0,0.009256439283490181,0,0.5
XGBoost,635,3,0,0.009338811039924622,0,0.5
XGBoost,636,2,0,0.003376837121322751,0,0.5
XGBoost,637,3,0,0.0020392450969666243,0,0.5
XGBoost,638,5,0,0.009225660935044289,0,0.5
XGBoost,639,3,1,0.0008267833618447185,0,0.5
XGBoost,640,3,0,0.9188812971115112,1,0.5
XGBoost,641,5,0,0.0017316171433776617,0,0.5
XGBoost,642,5,0,0.0008802778320387006,0,0.5
XGBoost,643,3,0,0.06397517025470734,0,0.5
XGBoost,644,3,0,0.004630043171346188,0,0.5
XGBoost,645,3,1,0.19494926929473877,0,0.5
XGBoost,646,4,0,0.0027996392454952,0,0.5
XGBoost,647,4,0,0.0008868584409356117,0,0.5
XGBoost,648,3,0,0.030863113701343536,0,0.5
XGBoost,649,5,0,0.017792927101254463,0,0.5
XGBoost,650,4,1,0.1518380492925644,0,0.5
XGBoost,651,2,0,0.0012783160200342536,0,0.5
XGBoost,652,3,0,0.0004969573928974569,0,0.5
XGBoost,653,3,0,0.02089761756360531,0,0.5
XGBoost,654,3,0,0.0002870674943551421,0,0.5
XGBoost,655,3,0,0.0019343108870089054,0,0.5
XGBoost,656,3,0,0.0012292384635657072,0,0.5
XGBoost,657,2,0,0.004960585385560989,0,0.5
XGBoost,658,3,0,0.0011126259341835976,0,0.5
XGBoost,659,3,0,0.0002452752087265253,0,0.5
XGBoost,660,3,1,0.14343594014644623,0,0.5
XGBoost,661,3,1,0.008422673679888248,0,0.5
XGBoost,662,3,0,0.0007712962105870247,0,0.5
XGBoost,663,3,0,0.0018533999100327492,0,0.5
XGBoost,664,4,0,0.0007737026317045093,0,0.5
XGBoost,665,5,0,0.0005233584670349956,0,0.5
XGBoost,666,3,0,0.0003161670174449682,0,0.5
XGBoost,667,3,0,0.00567600317299366,0,0.5
XGBoost,668,2,0,0.08936519920825958,0,0.5
XGBoost,669,3,0,0.02056206203997135,0,0.5
XGBoost,670,4,0,0.0030299241188913584,0,0.5
XGBoost,671,3,0,0.003606987651437521,0,0.5
XGBoost,672,4,0,0.000822189322207123,0,0.5
XGBoost,673,2,0,0.00044970688759349287,0,0.5
XGBoost,674,2,1,0.0004619839892257005,0,0.5
XGBoost,675,5,0,0.014799555763602257,0,0.5
XGBoost,676,3,1,0.013072674162685871,0,0.5
XGBoost,677,3,1,0.09790833294391632,0,0.5
XGBoost,678,5,0,0.0659608244895935,0,0.5
XGBoost,679,3,0,0.5933931469917297,1,0.5
XGBoost,680,3,0,0.7144851088523865,1,0.5
XGBoost,681,4,0,0.011250977404415607,0,0.5
XGBoost,682,4,0,0.0017278508748859167,0,0.5
XGBoost,683,5,0,0.000522452115546912,0,0.5
XGBoost,684,5,0,0.0014175610849633813,0,0.5
XGBoost,685,2,0,0.001871929969638586,0,0.5
XGBoost,686,4,0,0.00018854938389267772,0,0.5
XGBoost,687,4,0,0.0005189525545574725,0,0.5
XGBoost,688,3,1,0.04275878891348839,0,0.5
XGBoost,689,5,0,0.05218443647027016,0,0.5
XGBoost,690,5,0,0.001167623559013009,0,0.5
XGBoost,691,2,0,0.0003138225292786956,0,0.5
XGBoost,692,4,0,0.04755575582385063,0,0.5
XGBoost,693,2,1,0.0784410834312439,0,0.5
XGBoost,694,2,0,0.046237606555223465,0,0.5
XGBoost,695,2,0,0.10918000340461731,0,0.5
XGBoost,696,5,0,0.002240840345621109,0,0.5
XGBoost,697,4,0,0.005715359002351761,0,0.5
XGBoost,698,4,0,0.5496871471405029,1,0.5
XGBoost,699,5,0,0.025913065299391747,0,0.5
XGBoost,700,2,0,0.0032112065237015486,0,0.5
XGBoost,701,2,0,0.0011978322872892022,0,0.5
XGBoost,702,2,0,0.006563885603100061,0,0.5
XGBoost,703,2,0,0.0038489869330078363,0,0.5
XGBoost,704,3,0,0.007013777270913124,0,0.5
XGBoost,705,4,0,0.0015014588134363294,0,0.5
XGBoost,706,3,1,0.061105869710445404,0,0.5
XGBoost,707,2,0,6.129623216111213e-05,0,0.5
XGBoost,708,3,0,0.00924854539334774,0,0.5
XGBoost,709,3,0,0.0002127797924913466,0,0.5
XGBoost,710,5,1,0.10407309979200363,0,0.5
XGBoost,711,3,0,0.030462587252259254,0,0.5
XGBoost,712,3,0,0.011694618500769138,0,0.5
XGBoost,713,3,0,0.024615246802568436,0,0.5
XGBoost,714,3,0,0.023656701669096947,0,0.5
XGBoost,715,3,0,0.0008365827961824834,0,0.5
XGBoost,716,3,1,0.0007787120412103832,0,0.5
XGBoost,717,4,1,0.04540339484810829,0,0.5
XGBoost,718,3,0,0.04730084910988808,0,0.5
XGBoost,719,2,0,0.00016899578622542322,0,0.5
XGBoost,720,3,0,0.005041489843279123,0,0.5
XGBoost,721,5,0,0.0018661025678738952,0,0.5
XGBoost,722,2,0,0.0034776555839926004,0,0.5
XGBoost,723,4,0,0.0026691253297030926,0,0.5
XGBoost,724,3,0,0.003340770723298192,0,0.5
XGBoost,725,3,0,0.0007194438367150724,0,0.5
XGBoost,726,3,1,0.0013660774566233158,0,0.5
XGBoost,727,3,1,0.0018316111527383327,0,0.5
XGBoost,728,4,0,0.0017522565321996808,0,0.5
XGBoost,729,5,0,0.0007679837290197611,0,0.5
XGBoost,730,3,0,0.005339131690561771,0,0.5
XGBoost,731,2,1,0.03322083503007889,0,0.5
XGBoost,732,5,0,0.003705713665112853,0,0.5
XGBoost,733,3,0,0.2533876299858093,0,0.5
XGBoost,734,5,0,0.17264996469020844,0,0.5
XGBoost,735,3,0,0.00012012560182483867,0,0.5
XGBoost,736,4,0,0.002883165143430233,0,0.5
XGBoost,737,5,1,0.07527739554643631,0,0.5
XGBoost,738,3,1,0.00029526633443310857,0,0.5
XGBoost,739,4,0,0.004256480373442173,0,0.5
XGBoost,740,3,0,0.004967557266354561,0,0.5
XGBoost,741,3,0,0.00028977077454328537,0,0.5
XGBoost,742,2,0,0.006886656396090984,0,0.5
XGBoost,743,2,0,0.0086218835785985,0,0.5
XGBoost,744,2,0,0.0024386586155742407,0,0.5
XGBoost,745,5,0,8.749606786295772e-05,0,0.5
XGBoost,746,2,0,0.0004056460747960955,0,0.5
XGBoost,747,5,0,0.0008686999790370464,0,0.5
XGBoost,748,2,0,0.000978841446340084,0,0.5
XGBoost,749,2,0,0.0043261852115392685,0,0.5
XGBoost,750,3,0,0.2685641050338745,0,0.5
XGBoost,751,4,0,0.003636342706158757,0,0.5
XGBoost,752,5,0,0.000635203963611275,0,0.5
XGBoost,753,3,0,0.1017581894993782,0,0.5
XGBoost,754,3,1,0.9859901666641235,1,0.5
XGBoost,755,3,0,0.019131818786263466,0,0.5
XGBoost,756,5,0,0.0010000579059123993,0,0.5
XGBoost,757,3,0,0.05619731917977333,0,0.5
XGBoost,758,5,0,0.0005638198927044868,0,0.5
XGBoost,759,5,0,0.10822805017232895,0,0.5
XGBoost,760,5,0,0.00012492907990235835,0,0.5
XGBoost,761,3,0,0.016382858157157898,0,0.5
XGBoost,762,3,0,0.0027894724626094103,0,0.5
XGBoost,763,5,0,0.3340545892715454,0,0.5
XGBoost,764,2,1,0.7945263385772705,1,0.5
XGBoost,765,4,1,0.6186943650245667,1,0.5
XGBoost,766,3,0,0.167819544672966,0,0.5
XGBoost,767,4,0,0.0018732856260612607,0,0.5
XGBoost,768,4,1,0.00469143595546484,0,0.5
XGBoost,769,2,0,0.0024653570726513863,0,0.5
XGBoost,770,5,0,0.006316217128187418,0,0.5
XGBoost,771,3,0,0.05497671663761139,0,0.5
XGBoost,772,2,0,0.0003042873286176473,0,0.5
XGBoost,773,3,0,0.0028339428827166557,0,0.5
XGBoost,774,4,0,0.0013622345868498087,0,0.5
XGBoost,775,3,0,0.007158713880926371,0,0.5
XGBoost,776,5,0,0.010113317519426346,0,0.5
XGBoost,777,2,1,0.43335965275764465,0,0.5
XGBoost,778,3,0,0.040818002074956894,0,0.5
XGBoost,779,5,0,0.008058594539761543,0,0.5
XGBoost,780,4,0,0.005605741869658232,0,0.5
XGBoost,781,2,0,0.008129348047077656,0,0.5
XGBoost,782,3,0,0.00020639649301301688,0,0.5
XGBoost,783,3,0,0.9933158755302429,1,0.5
XGBoost,784,4,0,0.0006595772574655712,0,0.5
XGBoost,785,4,0,0.006032767705619335,0,0.5
XGBoost,786,3,0,0.0189361572265625,0,0.5
XGBoost,787,5,0,0.0015468480996787548,0,0.5
XGBoost,788,3,0,0.0006914320983923972,0,0.5
XGBoost,789,5,0,0.003404794493690133,0,0.5
XGBoost,790,5,0,0.004870513454079628,0,0.5
XGBoost,791,3,1,0.005746136885136366,0,0.5
XGBoost,792,3,0,0.0007407808443531394,0,0.5
XGBoost,793,2,0,0.0018968080403283238,0,0.5
XGBoost,794,3,0,0.8409618735313416,1,0.5
XGBoost,795,2,1,0.026174601167440414,0,0.5
XGBoost,796,5,0,0.8417835831642151,1,0.5
XGBoost,797,3,1,0.3518194854259491,0,0.5
XGBoost,798,5,0,0.9844126105308533,1,0.5
XGBoost,799,2,0,0.0004393099225126207,0,0.5
XGBoost,800,3,0,0.03794516995549202,0,0.5
XGBoost,801,4,0,0.00012817844981327653,0,0.5
XGBoost,802,3,0,0.000378403376089409,0,0.5
XGBoost,803,4,0,0.00775146484375,0,0.5
XGBoost,804,5,0,0.03528434783220291,0,0.5
XGBoost,805,2,0,0.00040407085907645524,0,0.5
XGBoost,806,5,0,0.0012860168935731053,0,0.5
XGBoost,807,4,0,0.0012680744985118508,0,0.5
XGBoost,808,3,0,0.02506142668426037,0,0.5
XGBoost,809,3,0,0.02149377577006817,0,0.5
XGBoost,810,2,1,0.0045065442100167274,0,0.5
XGBoost,811,5,0,0.009652655571699142,0,0.5
XGBoost,812,4,0,0.005182362161576748,0,0.5
XGBoost,813,2,0,0.0014148004120215774,0,0.5
XGBoost,814,4,1,0.0016574731562286615,0,0.5
XGBoost,815,3,0,0.020185064524412155,0,0.5
XGBoost,816,4,0,0.0007954282336868346,0,0.5
XGBoost,817,3,0,0.014793653972446918,0,0.5
XGBoost,818,2,0,0.005318278446793556,0,0.5
XGBoost,819,5,0,0.00046255902270786464,0,0.5
XGBoost,820,4,0,0.03047317825257778,0,0.5
XGBoost,821,2,0,0.00042306544492021203,0,0.5
XGBoost,822,4,0,0.008781208656728268,0,0.5
XGBoost,823,2,0,0.00044882806832902133,0,0.5
XGBoost,824,2,0,0.03863483667373657,0,0.5
XGBoost,825,3,0,0.0004933596937917173,0,0.5
XGBoost,826,3,0,0.015172602608799934,0,0.5
XGBoost,827,3,0,0.011889662593603134,0,0.5
XGBoost,828,4,0,0.0067543270997703075,0,0.5
XGBoost,829,5,0,0.00016095813771244138,0,0.5
XGBoost,830,4,0,0.017137927934527397,0,0.5
XGBoost,831,2,0,0.0002400788653176278,0,0.5
XGBoost,832,3,0,0.0003948117373511195,0,0.5
XGBoost,833,2,0,0.06745288521051407,0,0.5
XGBoost,834,5,1,0.14017046988010406,0,0.5
XGBoost,835,5,0,0.0004961475497111678,0,0.5
XGBoost,836,4,0,0.0009676601621322334,0,0.5
XGBoost,837,2,1,0.0001266758918063715,0,0.5
XGBoost,838,3,0,0.01673821173608303,0,0.5
XGBoost,839,5,0,0.0063305324874818325,0,0.5
XGBoost,840,2,0,0.0037485372740775347,0,0.5
XGBoost,841,4,0,0.03757862374186516,0,0.5
XGBoost,842,5,0,0.016717882826924324,0,0.5
XGBoost,843,5,0,0.00012101615720894188,0,0.5
XGBoost,844,4,1,0.4407919645309448,0,0.5
XGBoost,845,2,0,0.0008759628981351852,0,0.5
XGBoost,846,3,0,0.12124449759721756,0,0.5
XGBoost,847,3,0,0.0022264514118433,0,0.5
XGBoost,848,4,0,0.00018572411499917507,0,0.5
XGBoost,849,2,0,0.011070734821259975,0,0.5
XGBoost,850,3,0,0.0010804572375491261,0,0.5
XGBoost,851,5,0,0.006923173554241657,0,0.5
XGBoost,852,4,0,0.00045958356349729,0,0.5
XGBoost,853,3,0,0.021914606913924217,0,0.5
XGBoost,854,3,0,0.0010832997504621744,0,0.5
XGBoost,855,2,0,0.0004843167553190142,0,0.5
XGBoost,856,3,0,0.00028002963517792523,0,0.5
XGBoost,857,3,0,0.0018341648392379284,0,0.5
XGBoost,858,5,1,0.1375117301940918,0,0.5
XGBoost,859,4,0,2.8193822799948975e-05,0,0.5
XGBoost,860,4,0,0.0003656834305729717,0,0.5
XGBoost,861,3,0,0.0004891327116638422,0,0.5
XGBoost,862,2,0,5.3824231144972146e-05,0,0.5
XGBoost,863,2,0,0.0006132625858299434,0,0.5
XGBoost,864,3,0,0.00018259210628457367,0,0.5
XGBoost,865,4,0,0.0013920273631811142,0,0.5
XGBoost,866,5,0,0.0010763319442048669,0,0.5
XGBoost,867,3,0,0.002776263514533639,0,0.5
XGBoost,868,2,0,0.004708202555775642,0,0.5
XGBoost,869,4,0,0.0008811959414742887,0,0.5
XGBoost,870,5,0,0.000985827879048884,0,0.5
XGBoost,871,2,0,9.136129665421322e-05,0,0.5
XGBoost,872,5,0,0.00037594285095110536,0,0.5
XGBoost,873,3,0,6.856767868157476e-05,0,0.5
XGBoost,874,2,0,0.0003159479529131204,0,0.5
XGBoost,875,5,0,0.008107607252895832,0,0.5
XGBoost,876,4,0,0.003262837417423725,0,0.5
XGBoost,877,4,0,0.0019978503696620464,0,0.5
XGBoost,878,3,0,0.0013803297188133001,0,0.5
XGBoost,879,3,1,0.0018685493851080537,0,0.5
XGBoost,880,2,0,0.0005102520808577538,0,0.5
XGBoost,881,3,0,4.2167837818851694e-05,0,0.5
XGBoost,882,4,0,0.00783016812056303,0,0.5
XGBoost,883,5,0,0.003527908120304346,0,0.5
XGBoost,884,3,0,0.31348493695259094,0,0.5
XGBoost,885,4,0,0.48740288615226746,0,0.5
XGBoost,886,5,0,0.0016486399108543992,0,0.5
XGBoost,887,3,0,0.0004155537753831595,0,0.5
XGBoost,888,3,0,0.000282899069134146,0,0.5
XGBoost,889,4,0,0.0007883065263740718,0,0.5
XGBoost,890,3,0,0.004844218492507935,0,0.5
XGBoost,891,4,0,0.003429256845265627,0,0.5
XGBoost,892,3,0,0.001657948363572359,0,0.5
XGBoost,893,5,0,0.0004480733769014478,0,0.5
XGBoost,894,2,0,0.00011004863335983828,0,0.5
XGBoost,895,2,0,0.00017304610810242593,0,0.5
XGBoost,896,3,0,0.00018297221686225384,0,0.5
XGBoost,897,4,0,0.0008005136623978615,0,0.5
XGBoost,898,5,0,0.015208168886601925,0,0.5
XGBoost,899,3,0,0.00018489576177671552,0,0.5
XGBoost,900,4,0,8.798595808912069e-05,0,0.5
XGBoost,901,2,0,7.523313979618251e-05,0,0.5
XGBoost,902,5,0,0.00017305435903836042,0,0.5
XGBoost,903,5,0,0.00020804906671401113,0,0.5
XGBoost,904,2,0,0.0006206674734130502,0,0.5
XGBoost,905,3,0,0.00010689805640140548,0,0.5
XGBoost,906,4,0,6.818811380071566e-05,0,0.5
XGBoost,907,3,0,0.002184735145419836,0,0.5
XGBoost,908,2,0,0.00048645082279108465,0,0.5
XGBoost,909,4,0,8.078531391220167e-05,0,0.5
XGBoost,910,5,0,0.00010862467024708167,0,0.5
XGBoost,911,2,0,0.0008639390580356121,0,0.5
XGBoost,912,4,0,0.0005240238388068974,0,0.5
XGBoost,913,3,0,0.000613636220805347,0,0.5
XGBoost,914,5,0,0.00037591438740491867,0,0.5
XGBoost,915,2,0,4.008104224340059e-05,0,0.5
XGBoost,916,5,0,0.0015012758085504174,0,0.5
XGBoost,917,3,0,0.0008333577425219119,0,0.5
XGBoost,918,3,0,0.0006271172314882278,0,0.5
XGBoost,919,2,0,0.006515770219266415,0,0.5
XGBoost,920,3,0,0.0065518938936293125,0,0.5
XGBoost,921,3,1,0.03737488389015198,0,0.5
XGBoost,922,4,0,0.002856284147128463,0,0.5
XGBoost,923,4,0,3.600295531214215e-05,0,0.5
XGBoost,924,5,0,0.0006514491396956146,0,0.5
XGBoost,925,3,0,0.0014358718181028962,0,0.5
XGBoost,926,2,0,0.0002499647671356797,0,0.5
XGBoost,927,5,0,0.009938478469848633,0,0.5
XGBoost,928,3,0,0.001029233098961413,0,0.5
XGBoost,929,2,0,0.009742436930537224,0,0.5
XGBoost,930,4,0,7.572011963929981e-05,0,0.5
XGBoost,931,5,0,0.0006909130606800318,0,0.5
XGBoost,932,2,0,0.0004945275723002851,0,0.5
XGBoost,933,3,0,0.0015741100069135427,0,0.5
XGBoost,934,2,0,0.0005005073617212474,0,0.5
XGBoost,935,4,0,0.0008725720108486712,0,0.5
XGBoost,936,5,0,0.00016379203589167446,0,0.5
XGBoost,937,2,0,0.0007500902283936739,0,0.5
XGBoost,938,3,0,6.681463855784386e-05,0,0.5
XGBoost,939,5,0,0.00037871734821237624,0,0.5
XGBoost,940,4,0,3.1064089853316545e-05,0,0.5
XGBoost,941,2,0,0.0016351965023204684,0,0.5
XGBoost,942,3,1,0.0004823968047276139,0,0.5
XGBoost,943,3,0,0.07602008432149887,0,0.5
XGBoost,944,3,0,0.0004440663324203342,0,0.5
XGBoost,945,3,0,0.0004899351042695343,0,0.5
XGBoost,946,5,0,0.00012806899030692875,0,0.5
XGBoost,947,4,0,8.830409933580086e-05,0,0.5
XGBoost,948,4,0,0.0005306574748829007,0,0.5
XGBoost,949,2,0,0.0007417829474434257,0,0.5
XGBoost,950,5,0,0.000475472304970026,0,0.5
XGBoost,951,3,0,0.001995257567614317,0,0.5
XGBoost,952,2,0,0.0033000751864165068,0,0.5
XGBoost,953,4,0,4.4846277887700126e-05,0,0.5
XGBoost,954,3,0,0.0001458009792258963,0,0.5
XGBoost,955,5,0,6.934756675036624e-05,0,0.5
XGBoost,956,3,0,0.006547844968736172,0,0.5
XGBoost,957,2,0,0.0010657456004992127,0,0.5
XGBoost,958,2,0,0.0080772889778018,0,0.5
XGBoost,959,3,0,0.00011396600166335702,0,0.5
XGBoost,960,4,0,0.0015598884783685207,0,0.5
XGBoost,961,2,0,0.00047137431101873517,0,0.5
XGBoost,962,2,0,0.0003969740937463939,0,0.5
XGBoost,963,5,0,0.00014638298307545483,0,0.5
XGBoost,964,4,0,0.000351257884176448,0,0.5
XGBoost,965,3,0,4.317341881687753e-05,0,0.5
XGBoost,966,5,0,0.4168540835380554,0,0.5
XGBoost,967,3,0,0.00019115954637527466,0,0.5
XGBoost,968,4,0,0.00033717966289259493,0,0.5
XGBoost,969,2,0,3.836266478174366e-05,0,0.5
XGBoost,970,2,0,0.0002168808423448354,0,0.5
XGBoost,971,3,0,0.0006514296401292086,0,0.5
XGBoost,972,5,0,4.602883564075455e-05,0,0.5
XGBoost,973,5,0,0.00026575199444778264,0,0.5
XGBoost,974,4,0,0.004102971404790878,0,0.5
XGBoost,975,5,0,0.0027005148585885763,0,0.5
XGBoost,976,3,0,0.0018736192723736167,0,0.5
XGBoost,977,4,0,0.00099954882171005,0,0.5
XGBoost,978,2,0,0.0003110051911789924,0,0.5
XGBoost,979,5,0,0.00024943958851508796,0,0.5
XGBoost,980,3,0,6.0069643950555474e-05,0,0.5
XGBoost,981,3,0,0.00235930597409606,0,0.5
XGBoost,982,2,0,0.0008995480020530522,0,0.5
XGBoost,983,5,0,0.0015212723519653082,0,0.5
XGBoost,984,4,0,0.004593359772115946,0,0.5
XGBoost,985,2,0,7.36753863748163e-05,0,0.5
XGBoost,986,3,0,0.002139715477824211,0,0.5
XGBoost,987,5,0,0.0002803833340294659,0,0.5
XGBoost,988,3,0,0.00019275279191788286,0,0.5
XGBoost,989,2,0,0.0009529795497655869,0,0.5
XGBoost,990,4,0,0.015269572846591473,0,0.5
XGBoost,991,4,0,0.02903677709400654,0,0.5
XGBoost,992,2,0,0.0001564481353852898,0,0.5
XGBoost,993,3,0,0.0007086151745170355,0,0.5
XGBoost,994,3,0,0.0002144910249626264,0,0.5
XGBoost,995,5,0,0.010970803909003735,0,0.5
XGBoost,996,4,0,0.0026770567055791616,0,0.5
XGBoost,997,2,0,0.0001470025017624721,0,0.5
XGBoost,998,3,0,0.00046415376709774137,0,0.5
XGBoost,999,4,0,0.008351136930286884,0,0.5
XGBoost,1000,3,0,0.001191686256788671,0,0.5
XGBoost,1001,3,0,0.0007059274357743561,0,0.5
XGBoost,1002,3,0,0.0006012385128997266,0,0.5
XGBoost,1003,4,0,0.0001571490429341793,0,0.5
XGBoost,1004,5,0,0.0007902119541540742,0,0.5
XGBoost,1005,4,0,0.0008623579051345587,0,0.5
XGBoost,1006,2,0,0.0006965465727262199,0,0.5
XGBoost,1007,2,0,0.0005818739300593734,0,0.5
XGBoost,1008,2,0,0.07264828681945801,0,0.5
XGBoost,1009,3,0,0.00012953927216585726,0,0.5
XGBoost,1010,5,0,0.00015522299509029835,0,0.5
XGBoost,1011,4,0,0.0004041978099849075,0,0.5
XGBoost,1012,5,0,0.23694011569023132,0,0.5
XGBoost,1013,4,0,0.009799863211810589,0,0.5
XGBoost,1014,2,0,0.00026910146698355675,0,0.5
XGBoost,1015,3,0,0.000743082957342267,0,0.5
XGBoost,1016,3,0,0.0002449634484946728,0,0.5
XGBoost,1017,2,0,0.00018047451158054173,0,0.5
XGBoost,1018,4,0,0.00493761757388711,0,0.5
XGBoost,1019,5,0,0.006744475569576025,0,0.5
XGBoost,1020,2,0,0.00036264260415919125,0,0.5
XGBoost,1021,3,0,0.00046460042358376086,0,0.5
XGBoost,1022,3,0,0.00044259612332098186,0,0.5
XGBoost,1023,4,0,0.0007444005459547043,0,0.5
XGBoost,1024,5,0,0.00023689169029239565,0,0.5
XGBoost,1025,3,0,0.0006417829426936805,0,0.5
XGBoost,1026,3,0,0.0004328558861743659,0,0.5
XGBoost,1027,3,0,0.00017435736663173884,0,0.5
XGBoost,1028,4,0,0.010238894261419773,0,0.5
XGBoost,1029,5,1,0.8117159605026245,1,0.5
XGBoost,1030,2,0,0.9222586154937744,1,0.5
XGBoost,1031,3,0,0.01058004330843687,0,0.5
XGBoost,1032,4,0,0.001800209516659379,0,0.5
XGBoost,1033,3,0,0.005803362932056189,0,0.5
XGBoost,1034,4,0,0.00015209769480861723,0,0.5
XGBoost,1035,3,0,0.0006417829426936805,0,0.5
XGBoost,1036,3,0,0.00016486819367855787,0,0.5
XGBoost,1037,5,0,0.0005511009367182851,0,0.5
XGBoost,1038,5,0,0.007373248692601919,0,0.5
XGBoost,1039,2,0,0.0006347960443235934,0,0.5
XGBoost,1040,3,0,0.0035367412492632866,0,0.5
XGBoost,1041,3,0,0.0007217979873530567,0,0.5
XGBoost,1042,5,0,0.0007228621980175376,0,0.5
XGBoost,1043,2,0,0.0013478434411808848,0,0.5
XGBoost,1044,5,0,0.0002040346007561311,0,0.5
XGBoost,1045,3,0,0.007840569131076336,0,0.5
XGBoost,1046,2,0,0.018265731632709503,0,0.5
XGBoost,1047,3,1,0.0019271913915872574,0,0.5
XGBoost,1048,3,0,0.0015571112744510174,0,0.5
XGBoost,1049,4,0,0.018380720168352127,0,0.5
XGBoost,1050,3,0,0.005325691774487495,0,0.5
XGBoost,1051,3,0,0.24940527975559235,0,0.5
XGBoost,1052,2,1,0.031155133619904518,0,0.5
XGBoost,1053,3,0,0.03656110167503357,0,0.5
XGBoost,1054,4,0,0.3106034994125366,0,0.5
XGBoost,1055,3,0,0.008551503531634808,0,0.5
XGBoost,1056,3,0,0.03978324681520462,0,0.5
XGBoost,1057,5,0,0.0008318070904351771,0,0.5
XGBoost,1058,4,0,0.0022057562600821257,0,0.5
XGBoost,1059,3,0,0.03953754901885986,0,0.5
XGBoost,1060,5,1,0.43169334530830383,0,0.5
XGBoost,1061,2,1,0.9594963788986206,1,0.5
XGBoost,1062,4,0,0.27827540040016174,0,0.5
XGBoost,1063,2,0,0.0006747597362846136,0,0.5
XGBoost,1064,2,1,0.9978296160697937,1,0.5
XGBoost,1065,4,0,0.24190658330917358,0,0.5
XGBoost,1066,3,0,0.023841790854930878,0,0.5
XGBoost,1067,2,0,0.007698510307818651,0,0.5
XGBoost,1068,5,0,0.296109676361084,0,0.5
XGBoost,1069,2,0,0.07279452681541443,0,0.5
XGBoost,1070,5,0,0.011390947736799717,0,0.5
XGBoost,1071,2,1,0.001191725954413414,0,0.5
XGBoost,1072,4,1,0.004663847852498293,0,0.5
XGBoost,1073,3,0,0.0008348802221007645,0,0.5
XGBoost,1074,2,0,0.004410201217979193,0,0.5
XGBoost,1075,2,0,0.0014588575577363372,0,0.5
XGBoost,1076,4,0,0.009832204319536686,0,0.5
XGBoost,1077,3,0,0.027330372482538223,0,0.5
XGBoost,1078,3,0,0.15391406416893005,0,0.5
XGBoost,1079,3,0,0.04841340333223343,0,0.5
XGBoost,1080,3,0,0.001262546400539577,0,0.5
XGBoost,1081,5,0,0.5196546316146851,1,0.5
XGBoost,1082,3,0,0.0013682402204722166,0,0.5
XGBoost,1083,4,0,0.011225702241063118,0,0.5
XGBoost,1084,2,0,0.28812864422798157,0,0.5
XGBoost,1085,4,0,0.0053721144795417786,0,0.5
XGBoost,1086,3,0,0.013491744175553322,0,0.5
XGBoost,1087,3,1,0.0057243462651968,0,0.5
XGBoost,1088,5,0,0.0005811401060782373,0,0.5
XGBoost,1089,4,0,0.0017514218343421817,0,0.5
XGBoost,1090,2,0,0.06145450845360756,0,0.5
XGBoost,1091,3,1,0.009239090606570244,0,0.5
XGBoost,1092,5,0,0.1257106065750122,0,0.5
XGBoost,1093,3,0,0.5496712923049927,1,0.5
XGBoost,1094,2,1,0.012071327306330204,0,0.5
XGBoost,1095,2,0,0.6619634032249451,1,0.5
XGBoost,1096,4,0,0.8008311986923218,1,0.5
XGBoost,1097,2,0,0.0008016385254450142,0,0.5
XGBoost,1098,3,1,0.9978431463241577,1,0.5
XGBoost,1099,4,1,0.8589035868644714,1,0.5
XGBoost,1100,5,1,0.4751701354980469,0,0.5
XGBoost,1101,4,1,0.9587642550468445,1,0.5
XGBoost,1102,3,0,0.005469539202749729,0,0.5
XGBoost,1103,5,0,0.05290704220533371,0,0.5
XGBoost,1104,3,0,0.005955826956778765,0,0.5
XGBoost,1105,3,0,0.003355748951435089,0,0.5
XGBoost,1106,3,0,0.001888199127279222,0,0.5
XGBoost,1107,5,1,0.6168884038925171,1,0.5
XGBoost,1108,3,0,0.00932479277253151,0,0.5
XGBoost,1109,4,0,0.16207876801490784,0,0.5
XGBoost,1110,3,0,0.0015822366112843156,0,0.5
XGBoost,1111,4,1,0.9904229640960693,1,0.5
XGBoost,1112,2,1,0.059649523347616196,0,0.5
XGBoost,1113,3,0,0.08496218919754028,0,0.5
XGBoost,1114,3,0,0.0015970721142366529,0,0.5
XGBoost,1115,4,0,0.2975066900253296,0,0.5
XGBoost,1116,3,0,0.0005383721436373889,0,0.5
XGBoost,1117,5,0,0.007822795771062374,0,0.5
XGBoost,1118,3,0,0.000588112510740757,0,0.5
XGBoost,1119,3,1,0.4960848391056061,0,0.5
XGBoost,1120,4,1,0.27609747648239136,0,0.5
XGBoost,1121,4,1,0.055067237466573715,0,0.5
XGBoost,1122,3,1,0.8563737869262695,1,0.5
XGBoost,1123,3,0,0.9638712406158447,1,0.5
XGBoost,1124,3,0,0.5751036405563354,1,0.5
XGBoost,1125,2,1,0.9936675429344177,1,0.5
XGBoost,1126,3,0,0.8250436186790466,1,0.5
XGBoost,1127,3,0,0.701217770576477,1,0.5
XGBoost,1128,3,0,0.0004919881466776133,0,0.5
XGBoost,1129,2,0,0.001633499632589519,0,0.5
XGBoost,1130,5,0,5.7256565924035385e-05,0,0.5
XGBoost,1131,3,0,0.0004634510260075331,0,0.5
XGBoost,1132,5,0,3.535507130436599e-05,0,0.5
XGBoost,1133,5,0,0.025325007736682892,0,0.5
XGBoost,1134,2,1,0.9370427131652832,1,0.5
XGBoost,1135,3,0,0.016524875536561012,0,0.5
XGBoost,1136,3,1,0.012173444032669067,0,0.5
XGBoost,1137,3,1,0.1403912454843521,0,0.5
XGBoost,1138,3,0,0.006573596969246864,0,0.5
XGBoost,1139,4,0,0.38959938287734985,0,0.5
XGBoost,1140,5,0,0.015976713970303535,0,0.5
XGBoost,1141,3,0,0.002578415907919407,0,0.5
XGBoost,1142,4,0,0.008079196326434612,0,0.5
XGBoost,1143,4,0,0.002409636043012142,0,0.5
XGBoost,1144,5,0,0.013191165402531624,0,0.5
XGBoost,1145,5,0,0.002860408741980791,0,0.5
XGBoost,1146,3,0,0.008417397737503052,0,0.5
XGBoost,1147,3,0,0.5282130837440491,1,0.5
XGBoost,1148,2,1,0.9951464533805847,1,0.5
XGBoost,1149,2,1,0.9997346997261047,1,0.5
XGBoost,1150,5,1,0.9997217059135437,1,0.5
XGBoost,1151,3,1,0.975064754486084,1,0.5
XGBoost,1152,2,1,0.022527677938342094,0,0.5
XGBoost,1153,3,0,0.013213002122938633,0,0.5
XGBoost,1154,4,0,0.055477287620306015,0,0.5
XGBoost,1155,4,0,0.0030205859802663326,0,0.5
XGBoost,1156,3,0,0.021854029968380928,0,0.5
XGBoost,1157,4,0,0.005648674909025431,0,0.5
XGBoost,1158,4,0,0.058752477169036865,0,0.5
XGBoost,1159,2,0,0.00747828371822834,0,0.5
XGBoost,1160,2,0,0.4366297721862793,0,0.5
XGBoost,1161,4,1,0.9887712597846985,1,0.5
XGBoost,1162,3,0,0.9907540082931519,1,0.5
XGBoost,1163,5,0,8.691952098160982e-05,0,0.5
XGBoost,1164,5,0,0.00017862964887171984,0,0.5
XGBoost,1165,3,0,0.00022525584790855646,0,0.5
XGBoost,1166,5,0,0.000733293651137501,0,0.5
XGBoost,1167,4,0,0.022806446999311447,0,0.5
XGBoost,1168,5,0,0.9672989249229431,1,0.5
XGBoost,1169,3,0,0.00024296375340782106,0,0.5
XGBoost,1170,3,1,0.891833484172821,1,0.5
XGBoost,1171,5,1,0.016788456588983536,0,0.5
XGBoost,1172,5,0,0.06700797379016876,0,0.5
XGBoost,1173,5,0,0.0033126934431493282,0,0.5
XGBoost,1174,5,0,0.0755813866853714,0,0.5
XGBoost,1175,5,0,0.05685156211256981,0,0.5
XGBoost,1176,5,0,0.020485980436205864,0,0.5
XGBoost,1177,5,0,0.06678283959627151,0,0.5
XGBoost,1178,3,0,0.0006658463389612734,0,0.5
XGBoost,1179,5,0,0.20325975120067596,0,0.5
XGBoost,1180,2,1,0.9236481785774231,1,0.5
XGBoost,1181,4,0,0.19615446031093597,0,0.5
XGBoost,1182,5,1,0.9364306926727295,1,0.5
XGBoost,1183,2,0,0.26131540536880493,0,0.5
XGBoost,1184,5,0,0.2462237924337387,0,0.5
XGBoost,1185,4,1,0.011117760092020035,0,0.5
XGBoost,1186,2,0,0.016743721440434456,0,0.5
XGBoost,1187,5,0,0.0048773870803415775,0,0.5
XGBoost,1188,2,0,0.0009115526918321848,0,0.5
XGBoost,1189,3,0,0.005824850406497717,0,0.5
XGBoost,1190,3,0,0.001192242605611682,0,0.5
XGBoost,1191,4,0,0.002324544358998537,0,0.5
XGBoost,1192,2,0,0.044174786657094955,0,0.5
XGBoost,1193,5,0,0.008276402950286865,0,0.5
XGBoost,1194,2,0,0.006628516595810652,0,0.5
XGBoost,1195,3,0,0.08611170947551727,0,0.5
XGBoost,1196,5,0,0.008939690887928009,0,0.5
XGBoost,1197,2,0,0.015546697191894054,0,0.5
XGBoost,1198,2,0,0.006868625991046429,0,0.5
XGBoost,1199,4,0,0.02490284852683544,0,0.5
XGBoost,1200,3,0,0.00374774681404233,0,0.5
XGBoost,1201,2,0,0.014676986262202263,0,0.5
XGBoost,1202,4,1,0.00012504695041570812,0,0.5
XGBoost,1203,5,0,0.2434142529964447,0,0.5
XGBoost,1204,2,0,0.009513724595308304,0,0.5
XGBoost,1205,5,0,0.0018162160413339734,0,0.5
XGBoost,1206,4,0,0.0602690652012825,0,0.5
XGBoost,1207,3,1,0.8669456839561462,1,0.5
XGBoost,1208,2,0,0.0005211395327933133,0,0.5
XGBoost,1209,4,0,0.055411770939826965,0,0.5
XGBoost,1210,3,0,0.01656602881848812,0,0.5
XGBoost,1211,3,0,0.05538284778594971,0,0.5
XGBoost,1212,2,0,0.01570122502744198,0,0.5
XGBoost,1213,5,0,0.017754992470145226,0,0.5
XGBoost,1214,5,0,0.0029921673703938723,0,0.5
XGBoost,1215,5,0,0.0026364882942289114,0,0.5
XGBoost,1216,5,0,0.00756418239325285,0,0.5
XGBoost,1217,1,0,0.6936256885528564,1,0.5
XGBoost,1218,2,0,0.00047647568862885237,0,0.5
XGBoost,1219,4,0,0.02898191101849079,0,0.5
XGBoost,1220,2,0,0.0018818768439814448,0,0.5
XGBoost,1221,3,0,0.014134342782199383,0,0.5
XGBoost,1222,5,0,0.15799923241138458,0,0.5
XGBoost,1223,2,0,0.0016205128049477935,0,0.5
XGBoost,1224,3,0,0.02303147502243519,0,0.5
XGBoost,1225,5,0,0.02363332360982895,0,0.5
XGBoost,1226,3,0,0.017890270799398422,0,0.5
XGBoost,1227,3,1,0.22566239535808563,0,0.5
XGBoost,1228,3,0,0.0018566878279671073,0,0.5
XGBoost,1229,3,0,0.0076786065474152565,0,0.5
XGBoost,1230,4,0,0.7057166695594788,1,0.5
XGBoost,1231,2,0,0.0027884249575436115,0,0.5
XGBoost,1232,5,0,0.0008854453917592764,0,0.5
XGBoost,1233,2,0,0.02124069072306156,0,0.5
XGBoost,1234,5,0,0.3016074299812317,0,0.5
XGBoost,1235,2,0,0.004642200656235218,0,0.5
XGBoost,1236,3,1,0.38365447521209717,0,0.5
XGBoost,1237,2,1,0.00435679592192173,0,0.5
XGBoost,1238,3,0,0.0011945593869313598,0,0.5
XGBoost,1239,2,0,0.0009574380819685757,0,0.5
XGBoost,1240,2,0,0.0004820550384465605,0,0.5
XGBoost,1241,4,0,0.029820727184414864,0,0.5
XGBoost,1242,2,0,0.0035649235360324383,0,0.5
XGBoost,1243,2,0,0.01994527503848076,0,0.5
XGBoost,1244,4,0,0.0017761134076863527,0,0.5
XGBoost,1245,3,0,0.006785424891859293,0,0.5
XGBoost,1246,4,0,0.6010181903839111,1,0.5
XGBoost,1247,3,0,0.0014997670659795403,0,0.5
XGBoost,1248,3,0,0.005309958476573229,0,0.5
XGBoost,1249,5,0,0.0037840604782104492,0,0.5
XGBoost,1250,4,0,0.029899034649133682,0,0.5
XGBoost,1251,3,0,0.007284572813659906,0,0.5
XGBoost,1252,2,0,0.0035145629663020372,0,0.5
XGBoost,1253,5,0,0.018197549507021904,0,0.5
XGBoost,1254,3,0,0.012433312833309174,0,0.5
XGBoost,1255,5,0,0.0069298939779400826,0,0.5
XGBoost,1256,5,0,0.001453849603421986,0,0.5
XGBoost,1257,5,0,0.0010915528982877731,0,0.5
XGBoost,1258,3,0,0.00024765258422121406,0,0.5
XGBoost,1259,4,0,0.0006313312915153801,0,0.5
XGBoost,1260,4,0,0.7921416163444519,1,0.5
XGBoost,1261,5,0,0.12812559306621552,0,0.5
XGBoost,1262,3,0,0.0003164568333886564,0,0.5
XGBoost,1263,2,0,0.0963844507932663,0,0.5
XGBoost,1264,4,1,0.28643032908439636,0,0.5
XGBoost,1265,3,0,0.0014521712437272072,0,0.5
XGBoost,1266,5,0,0.005286477040499449,0,0.5
XGBoost,1267,5,1,0.6376398205757141,1,0.5
XGBoost,1268,5,0,0.07955749332904816,0,0.5
XGBoost,1269,5,0,0.022629205137491226,0,0.5
XGBoost,1270,3,0,0.015592084266245365,0,0.5
XGBoost,1271,4,0,0.004546034149825573,0,0.5
XGBoost,1272,3,0,0.00035694989492185414,0,0.5
XGBoost,1273,2,1,0.9875854253768921,1,0.5
XGBoost,1274,3,0,0.0038649567868560553,0,0.5
XGBoost,1275,3,1,0.567244291305542,1,0.5
XGBoost,1276,3,1,0.9628018140792847,1,0.5
XGBoost,1277,4,0,0.24323368072509766,0,0.5
XGBoost,1278,3,0,0.7710989117622375,1,0.5
XGBoost,1279,3,1,0.8322221636772156,1,0.5
XGBoost,1280,5,1,0.3037399649620056,0,0.5
XGBoost,1281,3,1,0.44812050461769104,0,0.5
XGBoost,1282,4,1,0.9762721657752991,1,0.5
XGBoost,1283,5,1,0.9919899106025696,1,0.5
XGBoost,1284,3,1,0.9924667477607727,1,0.5
XGBoost,1285,2,1,0.8322299122810364,1,0.5
XGBoost,1286,3,1,0.9815117716789246,1,0.5
XGBoost,1287,3,1,0.9808722734451294,1,0.5
XGBoost,1288,3,1,0.16225513815879822,0,0.5
XGBoost,1289,4,1,0.9336689114570618,1,0.5
XGBoost,1290,5,1,0.9854359030723572,1,0.5
XGBoost,1291,3,1,0.9507145285606384,1,0.5
XGBoost,1292,4,1,0.5164163708686829,1,0.5
XGBoost,1293,4,0,0.8007808923721313,1,0.5
XGBoost,1294,3,1,0.18592898547649384,0,0.5
XGBoost,1295,4,1,0.19366981089115143,0,0.5
XGBoost,1296,3,1,0.9960558414459229,1,0.5
XGBoost,1297,3,1,0.9818907380104065,1,0.5
XGBoost,1298,3,1,0.832565188407898,1,0.5
XGBoost,1299,3,1,0.9854331612586975,1,0.5
XGBoost,1300,3,1,0.9852951765060425,1,0.5
XGBoost,1301,3,1,0.9878228902816772,1,0.5
XGBoost,1302,5,1,0.5157303810119629,1,0.5
XGBoost,1303,2,1,0.9073107838630676,1,0.5
XGBoost,1304,5,1,0.9980953335762024,1,0.5
XGBoost,1305,2,1,0.9712433218955994,1,0.5
XGBoost,1306,4,1,0.9969702959060669,1,0.5
XGBoost,1307,3,1,0.9673042893409729,1,0.5
XGBoost,1308,3,1,0.9993734955787659,1,0.5
XGBoost,1309,5,1,0.045283593237400055,0,0.5
XGBoost,1310,4,1,0.6568190455436707,1,0.5
XGBoost,1311,2,1,0.4073176681995392,0,0.5
XGBoost,1312,3,1,0.9991587400436401,1,0.5
XGBoost,1313,4,1,0.9738855361938477,1,0.5
XGBoost,1314,5,1,0.13889901340007782,0,0.5
XGBoost,1315,4,0,0.9885856509208679,1,0.5
XGBoost,1316,3,1,0.9975879192352295,1,0.5
XGBoost,1317,3,1,0.9811737537384033,1,0.5
XGBoost,1318,3,1,0.9902322292327881,1,0.5
XGBoost,1319,5,1,0.9967857599258423,1,0.5
XGBoost,1320,4,1,0.9609109163284302,1,0.5
XGBoost,1321,2,0,0.003944213502109051,0,0.5
XGBoost,1322,3,0,0.9528223276138306,1,0.5
XGBoost,1323,3,1,0.6188216209411621,1,0.5
XGBoost,1324,3,0,0.6847583651542664,1,0.5
XGBoost,1325,3,1,0.3078763782978058,0,0.5
XGBoost,1326,3,0,0.22382277250289917,0,0.5
XGBoost,1327,5,0,0.00019709310436155647,0,0.5
XGBoost,1328,4,0,0.0006741773104295135,0,0.5
XGBoost,1329,3,0,0.035181302577257156,0,0.5
XGBoost,1330,3,0,0.017816809937357903,0,0.5
XGBoost,1331,3,0,0.09057119488716125,0,0.5
XGBoost,1332,4,1,0.9965996146202087,1,0.5
XGBoost,1333,3,1,0.9987963438034058,1,0.5
XGBoost,1334,2,1,0.9236769676208496,1,0.5
XGBoost,1335,4,0,0.5850699543952942,1,0.5
XGBoost,1336,3,0,0.0013630741741508245,0,0.5
XGBoost,1337,5,1,0.9989770650863647,1,0.5
XGBoost,1338,4,1,0.9586821794509888,1,0.5
XGBoost,1339,2,1,0.9864605665206909,1,0.5
XGBoost,1340,4,0,0.04209226369857788,0,0.5
XGBoost,1341,3,1,0.9729408025741577,1,0.5
XGBoost,1342,2,1,0.6724780201911926,1,0.5
XGBoost,1343,3,0,0.9936287999153137,1,0.5
XGBoost,1344,3,0,0.42782318592071533,0,0.5
XGBoost,1345,2,1,0.9915299415588379,1,0.5
XGBoost,1346,4,1,0.7261269688606262,1,0.5
XGBoost,1347,5,0,0.2866338789463043,0,0.5
XGBoost,1348,2,0,0.09640549123287201,0,0.5
XGBoost,1349,3,0,0.9226415157318115,1,0.5
XGBoost,1350,2,1,0.17697656154632568,0,0.5
XGBoost,1351,2,1,0.9990512728691101,1,0.5
XGBoost,1352,4,1,0.9972558617591858,1,0.5
XGBoost,1353,4,1,0.991195797920227,1,0.5
XGBoost,1354,5,1,0.7789804339408875,1,0.5
XGBoost,1355,4,1,0.9054520726203918,1,0.5
XGBoost,1356,3,0,0.0228502806276083,0,0.5
XGBoost,1357,5,0,0.0021491823717951775,0,0.5
XGBoost,1358,2,0,0.057970039546489716,0,0.5
XGBoost,1359,3,0,0.1963856816291809,0,0.5
XGBoost,1360,5,0,0.0007734173559583724,0,0.5
XGBoost,1361,3,1,0.1046314686536789,0,0.5
XGBoost,1362,3,1,0.2172926664352417,0,0.5
XGBoost,1363,3,0,0.15255317091941833,0,0.5
XGBoost,1364,2,0,0.0016431169351562858,0,0.5
XGBoost,1365,2,0,0.0909782350063324,0,0.5
XGBoost,1366,2,1,0.005898904055356979,0,0.5
XGBoost,1367,3,0,0.3834766149520874,0,0.5
XGBoost,1368,5,1,0.009951205924153328,0,0.5
XGBoost,1369,5,0,0.04507472738623619,0,0.5
XGBoost,1370,2,0,0.026009485125541687,0,0.5
XGBoost,1371,4,1,0.8471347689628601,1,0.5
XGBoost,1372,3,1,0.31589561700820923,0,0.5
XGBoost,1373,5,1,0.9932982325553894,1,0.5
XGBoost,1374,3,1,0.2155868411064148,0,0.5
XGBoost,1375,2,0,0.16875626146793365,0,0.5
XGBoost,1376,5,0,0.06235218793153763,0,0.5
XGBoost,1377,3,1,0.1925552934408188,0,0.5
XGBoost,1378,2,1,0.9018227458000183,1,0.5
XGBoost,1379,5,0,0.28445735573768616,0,0.5
XGBoost,1380,4,0,0.07567818462848663,0,0.5
XGBoost,1381,2,0,0.042946211993694305,0,0.5
XGBoost,1382,3,1,0.9927701354026794,1,0.5
XGBoost,1383,5,1,0.9754879474639893,1,0.5
XGBoost,1384,4,1,0.3062276244163513,0,0.5
XGBoost,1385,2,0,0.9399100542068481,1,0.5
XGBoost,1386,4,1,0.9827172160148621,1,0.5
XGBoost,1387,3,1,0.6991876363754272,1,0.5
XGBoost,1388,2,1,0.9723434448242188,1,0.5
XGBoost,1389,5,1,0.6027625799179077,1,0.5
XGBoost,1390,5,1,0.7817400097846985,1,0.5
XGBoost,1391,5,0,0.0005150543292984366,0,0.5
XGBoost,1392,5,0,0.0016349342186003923,0,0.5
XGBoost,1393,3,0,0.1481180191040039,0,0.5
XGBoost,1394,3,0,0.07357868552207947,0,0.5
XGBoost,1395,2,0,0.019114021211862564,0,0.5
XGBoost,1396,3,0,0.28860995173454285,0,0.5
XGBoost,1397,3,0,0.00042807619320228696,0,0.5
XGBoost,1398,3,0,0.16190575063228607,0,0.5
XGBoost,1399,5,0,0.17294812202453613,0,0.5
XGBoost,1400,2,0,0.35103243589401245,0,0.5
XGBoost,1401,3,0,0.021794840693473816,0,0.5
XGBoost,1402,4,0,0.00261782668530941,0,0.5
XGBoost,1403,2,0,0.0068449703976511955,0,0.5
XGBoost,1404,3,1,0.8512147068977356,1,0.5
XGBoost,1405,5,0,0.0009321997640654445,0,0.5
XGBoost,1406,5,0,0.00017195986583828926,0,0.5
XGBoost,1407,3,0,0.00010649709292920306,0,0.5
XGBoost,1408,3,1,0.0176068302243948,0,0.5
XGBoost,1409,3,1,0.37859097123146057,0,0.5
XGBoost,1410,4,1,0.9880645871162415,1,0.5
XGBoost,1411,2,1,0.9874181747436523,1,0.5
XGBoost,1412,3,1,0.9976009726524353,1,0.5
XGBoost,1413,5,1,0.9902043342590332,1,0.5
XGBoost,1414,3,1,0.5984514355659485,1,0.5
XGBoost,1415,4,0,0.9964924454689026,1,0.5
XGBoost,1416,2,1,0.99469393491745,1,0.5
XGBoost,1417,3,0,0.16786645352840424,0,0.5
XGBoost,1418,5,1,0.6767738461494446,1,0.5
XGBoost,1419,2,1,0.5383419990539551,1,0.5
XGBoost,1420,3,0,1.3678446521225851e-05,0,0.5
XGBoost,1421,4,1,0.8212147951126099,1,0.5
XGBoost,1422,5,1,0.22666120529174805,0,0.5
XGBoost,1423,5,0,0.9867158532142639,1,0.5
XGBoost,1424,3,1,0.8829506039619446,1,0.5
XGBoost,1425,3,0,0.7983399629592896,1,0.5
XGBoost,1426,5,1,0.020661508664488792,0,0.5
XGBoost,1427,2,0,0.0019074116135016084,0,0.5
XGBoost,1428,5,1,0.7942318320274353,1,0.5
XGBoost,1429,3,0,0.0005178995197638869,0,0.5
XGBoost,1430,4,0,0.12708179652690887,0,0.5
XGBoost,1431,2,1,0.43140268325805664,0,0.5
XGBoost,1432,2,0,0.0007535226759500802,0,0.5
XGBoost,1433,2,0,0.0008736519375815988,0,0.5
XGBoost,1434,4,0,0.0004600880783982575,0,0.5
XGBoost,1435,3,0,0.04906579107046127,0,0.5
XGBoost,1436,2,0,0.00419750576838851,0,0.5
XGBoost,1437,3,0,0.005031883716583252,0,0.5
XGBoost,1438,3,0,0.028717491775751114,0,0.5
XGBoost,1439,4,0,0.04678965359926224,0,0.5
XGBoost,1440,3,1,0.5620630383491516,1,0.5
XGBoost,1441,4,0,0.010922069661319256,0,0.5
XGBoost,1442,3,0,0.05065319687128067,0,0.5
XGBoost,1443,4,0,0.005510494112968445,0,0.5
XGBoost,1444,2,1,0.26091670989990234,0,0.5
XGBoost,1445,2,0,0.0008837024215608835,0,0.5
XGBoost,1446,3,0,0.00043327282764948905,0,0.5
XGBoost,1447,5,0,0.8956192135810852,1,0.5
XGBoost,1448,3,0,0.9868133068084717,1,0.5
XGBoost,1449,3,0,0.0005688276723958552,0,0.5
XGBoost,1450,3,0,7.361836469499394e-05,0,0.5
XGBoost,1451,4,1,0.9638903737068176,1,0.5
XGBoost,1452,3,1,0.8827935457229614,1,0.5
XGBoost,1453,3,0,0.016840949654579163,0,0.5
XGBoost,1454,3,0,0.053440943360328674,0,0.5
XGBoost,1455,4,0,0.0017284604255110025,0,0.5
XGBoost,1456,3,0,0.0005509780603460968,0,0.5
XGBoost,1457,3,1,0.000864929985255003,0,0.5
XGBoost,1458,3,0,0.005531499162316322,0,0.5
XGBoost,1459,3,0,0.05227981135249138,0,0.5
XGBoost,1460,3,1,0.007468411698937416,0,0.5
XGBoost,1461,3,1,0.005105967167764902,0,0.5
XGBoost,1462,3,0,0.050202153623104095,0,0.5
XGBoost,1463,3,0,0.026973215863108635,0,0.5
XGBoost,1464,3,1,0.0033710231073200703,0,0.5
XGBoost,1465,3,1,0.03391338512301445,0,0.5
XGBoost,1466,3,1,0.07174501568078995,0,0.5
XGBoost,1467,3,1,0.0016418587183579803,0,0.5
XGBoost,1468,5,0,0.3914538323879242,0,0.5
XGBoost,1469,3,0,0.02580389194190502,0,0.5
XGBoost,1470,3,0,0.0049126846715807915,0,0.5
XGBoost,1471,3,0,0.07199178636074066,0,0.5
XGBoost,1472,3,1,0.0070349168963730335,0,0.5
XGBoost,1473,3,0,0.08921079337596893,0,0.5
XGBoost,1474,2,0,0.3817465007305145,0,0.5
XGBoost,1475,5,1,0.23297210037708282,0,0.5
XGBoost,1476,4,0,0.008818141184747219,0,0.5
XGBoost,1477,2,1,0.43274274468421936,0,0.5
XGBoost,1478,4,1,0.6386899352073669,1,0.5
XGBoost,1479,3,0,0.20286674797534943,0,0.5
XGBoost,1480,3,1,0.2658456265926361,0,0.5
XGBoost,1481,4,1,0.316922664642334,0,0.5
XGBoost,1482,3,0,0.030517779290676117,0,0.5
XGBoost,1483,3,0,0.025058338418602943,0,0.5
XGBoost,1484,3,1,9.84555299510248e-05,0,0.5
XGBoost,1485,5,0,0.012893013656139374,0,0.5
XGBoost,1486,2,0,0.05244206264615059,0,0.5
XGBoost,1487,2,1,0.6397764682769775,1,0.5
XGBoost,1488,2,0,0.0006374007789418101,0,0.5
XGBoost,1489,2,0,0.0005677351728081703,0,0.5
XGBoost,1490,5,0,0.027439706027507782,0,0.5
XGBoost,1491,2,0,0.31828662753105164,0,0.5
XGBoost,1492,4,0,0.024197453632950783,0,0.5
XGBoost,1493,3,0,0.006738417781889439,0,0.5
XGBoost,1494,5,0,0.021659985184669495,0,0.5
XGBoost,1495,3,0,0.004962676204741001,0,0.5
XGBoost,1496,2,0,0.00012103543849661946,0,0.5
XGBoost,1497,5,0,0.2957060933113098,0,0.5
XGBoost,1498,3,0,0.0017332069110125303,0,0.5
XGBoost,1499,3,0,0.00048310478450730443,0,0.5
XGBoost,1500,4,1,0.012191882357001305,0,0.5
XGBoost,1501,5,0,0.024577293545007706,0,0.5
XGBoost,1502,3,0,0.0010494556045159698,0,0.5
XGBoost,1503,2,0,0.090886190533638,0,0.5
XGBoost,1504,3,1,0.06994036585092545,0,0.5
XGBoost,1505,4,1,0.9840255379676819,1,0.5
XGBoost,1506,3,0,0.07844516634941101,0,0.5
XGBoost,1507,4,0,0.03286723420023918,0,0.5
XGBoost,1508,3,0,0.005255462601780891,0,0.5
XGBoost,1509,3,0,0.0029860909562557936,0,0.5
XGBoost,1510,3,0,0.001075168838724494,0,0.5
XGBoost,1511,2,0,0.00037339975824579597,0,0.5
XGBoost,1512,3,0,0.00021954292606096715,0,0.5
XGBoost,1513,5,0,0.0004660162085201591,0,0.5
XGBoost,1514,3,0,0.0033255002927035093,0,0.5
XGBoost,1515,5,0,0.0001975508639588952,0,0.5
XGBoost,1516,5,0,0.0007035609451122582,0,0.5
XGBoost,1517,3,0,0.0014586137840524316,0,0.5
XGBoost,1518,3,0,0.01788218878209591,0,0.5
XGBoost,1519,3,0,0.01960597187280655,0,0.5
XGBoost,1520,5,0,0.0020137978717684746,0,0.5
XGBoost,1521,3,0,0.0009095047134906054,0,0.5
XGBoost,1522,4,0,0.00020237067656125873,0,0.5
XGBoost,1523,3,0,0.0004848701355513185,0,0.5
XGBoost,1524,3,0,0.00016064580995589495,0,0.5
XGBoost,1525,5,0,0.27462834119796753,0,0.5
XGBoost,1526,2,0,0.0007455485174432397,0,0.5
XGBoost,1527,3,0,0.0009485508198849857,0,0.5
XGBoost,1528,4,0,0.08180186152458191,0,0.5
XGBoost,1529,4,0,0.00034718887764029205,0,0.5
XGBoost,1530,3,0,0.009346803650259972,0,0.5
XGBoost,1531,5,0,0.004437104798853397,0,0.5
XGBoost,1532,3,0,0.000619544880464673,0,0.5
XGBoost,1533,5,0,0.010509446263313293,0,0.5
XGBoost,1534,4,0,0.0022076102904975414,0,0.5
XGBoost,1535,3,0,0.0007222903077490628,0,0.5
XGBoost,1536,2,1,0.7821376919746399,1,0.5
XGBoost,1537,4,0,0.00455232011154294,0,0.5
XGBoost,1538,4,0,0.9953383207321167,1,0.5
XGBoost,1539,5,1,0.6762520670890808,1,0.5
XGBoost,1540,4,0,0.003950814716517925,0,0.5
XGBoost,1541,3,0,0.0006849062629044056,0,0.5
XGBoost,1542,4,0,0.07324469089508057,0,0.5
XGBoost,1543,2,0,0.0008361560176126659,0,0.5
XGBoost,1544,3,0,0.020210057497024536,0,0.5
XGBoost,1545,3,0,0.009844101034104824,0,0.5
XGBoost,1546,2,0,0.378231406211853,0,0.5
XGBoost,1547,5,0,0.13975605368614197,0,0.5
XGBoost,1548,3,0,0.37888848781585693,0,0.5
XGBoost,1549,2,0,0.05273225158452988,0,0.5
XGBoost,1550,3,0,0.0022297853138297796,0,0.5
XGBoost,1551,3,0,0.013036358170211315,0,0.5
XGBoost,1552,4,0,0.5323148369789124,1,0.5
XGBoost,1553,5,0,0.012869137339293957,0,0.5
XGBoost,1554,3,0,0.099650077521801,0,0.5
XGBoost,1555,3,0,0.005389337427914143,0,0.5
XGBoost,1556,5,0,0.05035218596458435,0,0.5
XGBoost,1557,5,1,0.6513640880584717,1,0.5
XGBoost,1558,3,1,0.03740041330456734,0,0.5
XGBoost,1559,3,0,0.026000522077083588,0,0.5
XGBoost,1560,3,0,0.19745929539203644,0,0.5
XGBoost,1561,3,0,0.003650904633104801,0,0.5
XGBoost,1562,3,0,0.0019857054576277733,0,0.5
XGBoost,1563,5,0,0.17314602434635162,0,0.5
XGBoost,1564,3,1,0.26793867349624634,0,0.5
XGBoost,1565,3,0,0.013513314537703991,0,0.5
XGBoost,1566,3,1,0.014040584675967693,0,0.5
XGBoost,1567,3,0,0.09214510768651962,0,0.5
XGBoost,1568,3,0,0.0005571310757659376,0,0.5
XGBoost,1569,4,0,0.0009313630289398134,0,0.5
XGBoost,1570,3,0,0.0062231943011283875,0,0.5
XGBoost,1571,4,0,0.0009996549924835563,0,0.5
XGBoost,1572,2,0,0.00030613126000389457,0,0.5
XGBoost,1573,2,0,0.00023882571258582175,0,0.5
XGBoost,1574,2,0,0.000628990528639406,0,0.5
XGBoost,1575,4,0,0.0002969839842990041,0,0.5
XGBoost,1576,5,0,0.00016438157763332129,0,0.5
XGBoost,1577,5,0,0.00034448434598743916,0,0.5
XGBoost,1578,5,0,0.00024361767282243818,0,0.5
XGBoost,1579,4,0,0.00019485382654238492,0,0.5
XGBoost,1580,4,0,9.603901708032936e-05,0,0.5
XGBoost,1581,4,0,0.010332643054425716,0,0.5
XGBoost,1582,2,1,0.08767350763082504,0,0.5
XGBoost,1583,4,0,0.00023421284276992083,0,0.5
XGBoost,1584,4,0,0.00023334266734309494,0,0.5
XGBoost,1585,3,0,0.01882798597216606,0,0.5
XGBoost,1586,2,0,0.03666044399142265,0,0.5
XGBoost,1587,5,1,0.061909642070531845,0,0.5
XGBoost,1588,5,0,0.002729692030698061,0,0.5
XGBoost,1589,3,0,0.012078146450221539,0,0.5
XGBoost,1590,4,0,0.05499942973256111,0,0.5
XGBoost,1591,4,0,0.011618922464549541,0,0.5
XGBoost,1592,2,0,0.0007539159269072115,0,0.5
XGBoost,1593,3,0,0.0009035109542310238,0,0.5
XGBoost,1594,3,0,0.001983014168217778,0,0.5
XGBoost,1595,4,0,0.0045177266001701355,0,0.5
XGBoost,1596,2,0,0.03331160172820091,0,0.5
XGBoost,1597,3,0,0.006070851814001799,0,0.5
XGBoost,1598,3,0,0.0003191409050486982,0,0.5
XGBoost,1599,3,0,0.013040199875831604,0,0.5
XGBoost,1600,3,0,0.00289659621194005,0,0.5
XGBoost,1601,3,0,0.002617709571495652,0,0.5
XGBoost,1602,2,0,0.0009311430621892214,0,0.5
XGBoost,1603,5,0,0.0024177825544029474,0,0.5
XGBoost,1604,3,0,0.006461221259087324,0,0.5
XGBoost,1605,3,0,0.30914372205734253,0,0.5
XGBoost,1606,3,0,0.0010881853522732854,0,0.5
XGBoost,1607,3,0,0.002061158884316683,0,0.5
XGBoost,1608,3,0,0.006907366216182709,0,0.5
XGBoost,1609,4,0,0.0033363329712301493,0,0.5
XGBoost,1610,3,0,0.005273638758808374,0,0.5
XGBoost,1611,3,0,0.006079576443880796,0,0.5
XGBoost,1612,3,0,0.08626215159893036,0,0.5
XGBoost,1613,2,0,0.0026751412078738213,0,0.5
XGBoost,1614,3,0,0.0005375361070036888,0,0.5
XGBoost,1615,5,0,0.014242716133594513,0,0.5
XGBoost,1616,5,0,0.008141472935676575,0,0.5
XGBoost,1617,5,0,0.016609743237495422,0,0.5
XGBoost,1618,4,0,0.00042511147330515087,0,0.5
XGBoost,1619,2,0,0.1896699219942093,0,0.5
XGBoost,1620,3,1,0.006536511704325676,0,0.5
XGBoost,1621,3,0,0.07456502318382263,0,0.5
XGBoost,1622,3,0,0.16273440420627594,0,0.5
XGBoost,1623,4,0,0.06159934028983116,0,0.5
XGBoost,1624,4,0,0.06278334558010101,0,0.5
XGBoost,1625,2,1,0.5884864330291748,1,0.5
XGBoost,1626,5,0,0.07169602066278458,0,0.5
XGBoost,1627,3,0,6.823358125984669e-05,0,0.5
XGBoost,1628,3,0,0.00015982061449903995,0,0.5
XGBoost,1629,3,0,0.00017238307918887585,0,0.5
XGBoost,1630,3,0,0.00010634060890879482,0,0.5
XGBoost,1631,5,0,5.714839426218532e-05,0,0.5
XGBoost,1632,3,0,0.001663742819800973,0,0.5
XGBoost,1633,5,0,0.015408881939947605,0,0.5
XGBoost,1634,3,1,0.675069272518158,1,0.5
XGBoost,1635,3,0,0.0016448096139356494,0,0.5
XGBoost,1636,4,0,0.0434868149459362,0,0.5
XGBoost,1637,2,0,0.02599279023706913,0,0.5
XGBoost,1638,3,0,0.006620260886847973,0,0.5
XGBoost,1639,4,0,0.04916415736079216,0,0.5
XGBoost,1640,5,0,0.002514321357011795,0,0.5
XGBoost,1641,2,1,0.047406718134880066,0,0.5
XGBoost,1642,3,0,0.024539735168218613,0,0.5
XGBoost,1643,5,0,0.9362922310829163,1,0.5
XGBoost,1644,5,1,0.0052536181174218655,0,0.5
XGBoost,1645,3,0,0.058698490262031555,0,0.5
XGBoost,1646,2,1,0.08139777183532715,0,0.5
XGBoost,1647,4,0,0.44826212525367737,0,0.5
XGBoost,1648,2,0,0.19346006214618683,0,0.5
XGBoost,1649,3,0,0.0010319630382582545,0,0.5
XGBoost,1650,2,0,0.001935799838975072,0,0.5
XGBoost,1651,3,0,0.0008149496279656887,0,0.5
XGBoost,1652,4,0,0.028688151389360428,0,0.5
XGBoost,1653,5,0,0.006531927268952131,0,0.5
XGBoost,1654,2,0,0.014937778003513813,0,0.5
XGBoost,1655,3,0,0.001991389086470008,0,0.5
XGBoost,1656,5,0,0.004144751466810703,0,0.5
XGBoost,1657,3,0,0.0004267874173820019,0,0.5
XGBoost,1658,3,0,0.04670443385839462,0,0.5
XGBoost,1659,3,0,0.11978720873594284,0,0.5
XGBoost,1660,3,0,0.5569868087768555,1,0.5
XGBoost,1661,3,0,0.05587824061512947,0,0.5
XGBoost,1662,5,0,0.004286642652004957,0,0.5
XGBoost,1663,3,0,0.0013530402211472392,0,0.5
XGBoost,1664,4,0,0.0012232664739713073,0,0.5
XGBoost,1665,4,0,0.11266932636499405,0,0.5
XGBoost,1666,2,0,0.9937126040458679,1,0.5
XGBoost,1667,3,0,0.7930663228034973,1,0.5
XGBoost,1668,5,1,0.48892873525619507,0,0.5
XGBoost,1669,3,1,0.830147922039032,1,0.5
XGBoost,1670,3,1,0.4437503516674042,0,0.5
XGBoost,1671,3,1,0.9533946514129639,1,0.5
XGBoost,1672,4,1,0.9938219785690308,1,0.5
XGBoost,1673,3,0,0.9886451959609985,1,0.5
XGBoost,1674,4,1,0.33445218205451965,0,0.5
XGBoost,1675,3,0,0.9271152019500732,1,0.5
XGBoost,1676,3,0,0.9701036214828491,1,0.5
XGBoost,1677,3,1,0.9713730812072754,1,0.5
XGBoost,1678,3,0,0.9739130139350891,1,0.5
XGBoost,1679,3,1,0.9194505214691162,1,0.5
XGBoost,1680,3,1,0.9099557399749756,1,0.5
XGBoost,1681,3,1,0.9869183897972107,1,0.5
XGBoost,1682,3,1,0.24618759751319885,0,0.5
XGBoost,1683,3,1,0.9874554872512817,1,0.5
XGBoost,1684,3,1,0.32188093662261963,0,0.5
XGBoost,1685,3,1,0.8312294483184814,1,0.5
XGBoost,1686,3,1,0.6766684055328369,1,0.5
XGBoost,1687,3,0,0.7944393157958984,1,0.5
XGBoost,1688,2,1,0.13129858672618866,0,0.5
XGBoost,1689,3,1,0.9633974432945251,1,0.5
XGBoost,1690,5,0,0.8942431807518005,1,0.5
XGBoost,1691,5,1,0.9647612571716309,1,0.5
XGBoost,1692,2,1,0.9948487281799316,1,0.5
XGBoost,1693,3,1,0.9791014194488525,1,0.5
XGBoost,1694,4,1,0.9032516479492188,1,0.5
XGBoost,1695,4,1,0.5617838501930237,1,0.5
XGBoost,1696,3,0,0.9611738324165344,1,0.5
XGBoost,1697,3,0,0.10185123980045319,0,0.5
XGBoost,1698,3,1,0.9442530274391174,1,0.5
XGBoost,1699,4,0,0.06367895007133484,0,0.5
XGBoost,1700,3,1,0.0012144969077780843,0,0.5
XGBoost,1701,4,1,0.22925251722335815,0,0.5
XGBoost,1702,3,0,0.005673269275575876,0,0.5
XGBoost,1703,3,0,0.009236227720975876,0,0.5
XGBoost,1704,3,0,0.03689219802618027,0,0.5
XGBoost,1705,2,0,0.005478019826114178,0,0.5
XGBoost,1706,3,0,0.0063577210530638695,0,0.5
XGBoost,1707,2,0,0.04647117108106613,0,0.5
XGBoost,1708,2,0,0.0277730580419302,0,0.5
XGBoost,1709,2,0,0.3443283140659332,0,0.5
XGBoost,1710,4,0,0.019593285396695137,0,0.5
XGBoost,1711,3,0,0.0750259980559349,0,0.5
XGBoost,1712,4,0,0.03888324648141861,0,0.5
XGBoost,1713,3,1,0.012886565178632736,0,0.5
XGBoost,1714,5,0,0.36915722489356995,0,0.5
XGBoost,1715,5,0,0.0435098297894001,0,0.5
XGBoost,1716,4,0,0.015228092670440674,0,0.5
XGBoost,1717,3,1,0.9949061870574951,1,0.5
XGBoost,1718,3,0,0.04914471507072449,0,0.5
XGBoost,1719,3,1,0.08784189820289612,0,0.5
XGBoost,1720,2,0,0.07907847315073013,0,0.5
XGBoost,1721,2,1,0.003870139131322503,0,0.5
XGBoost,1722,3,0,0.005060723517090082,0,0.5
XGBoost,1723,4,0,0.010155709460377693,0,0.5
XGBoost,1724,3,0,0.05373673513531685,0,0.5
XGBoost,1725,5,0,0.002059508813545108,0,0.5
XGBoost,1726,5,0,0.038098178803920746,0,0.5
XGBoost,1727,4,0,0.0005319338524714112,0,0.5
XGBoost,1728,2,0,0.013541413471102715,0,0.5
XGBoost,1729,3,0,0.3285505473613739,0,0.5
XGBoost,1730,5,1,0.0407378189265728,0,0.5
XGBoost,1731,2,0,0.007404282223433256,0,0.5
XGBoost,1732,5,0,0.0032061387319117785,0,0.5
XGBoost,1733,3,0,0.5732046961784363,1,0.5
XGBoost,1734,3,0,0.18393631279468536,0,0.5
XGBoost,1735,3,0,0.9204785227775574,1,0.5
XGBoost,1736,3,0,0.0017130033811554313,0,0.5
XGBoost,1737,3,1,0.01678193360567093,0,0.5
XGBoost,1738,5,0,0.002949712797999382,0,0.5
XGBoost,1739,3,0,0.0004729290376417339,0,0.5
XGBoost,1740,3,0,0.001342490315437317,0,0.5
XGBoost,1741,3,0,0.7828746438026428,1,0.5
XGBoost,1742,3,0,0.29007193446159363,0,0.5
XGBoost,1743,3,1,0.9547180533409119,1,0.5
XGBoost,1744,3,1,0.8630521297454834,1,0.5
XGBoost,1745,4,0,0.0011571920476853848,0,0.5
XGBoost,1746,2,0,0.12245096266269684,0,0.5
XGBoost,1747,3,0,0.00838585663586855,0,0.5
XGBoost,1748,5,1,0.6552199721336365,1,0.5
XGBoost,1749,3,0,0.9939560294151306,1,0.5
XGBoost,1750,3,0,0.995366096496582,1,0.5
XGBoost,1751,4,1,0.7465829253196716,1,0.5
XGBoost,1752,3,1,0.3031388819217682,0,0.5
XGBoost,1753,3,0,0.028084993362426758,0,0.5
XGBoost,1754,2,0,0.21866591274738312,0,0.5
XGBoost,1755,3,0,0.22202497720718384,0,0.5
XGBoost,1756,2,0,0.025391027331352234,0,0.5
XGBoost,1757,4,0,0.05325943976640701,0,0.5
XGBoost,1758,2,0,0.00041119218803942204,0,0.5
XGBoost,1759,5,1,0.001274129026569426,0,0.5
XGBoost,1760,2,0,0.006827973295003176,0,0.5
XGBoost,1761,5,0,0.0006615981110371649,0,0.5
XGBoost,1762,2,0,0.0001966887357411906,0,0.5
XGBoost,1763,5,0,0.12226381152868271,0,0.5
XGBoost,1764,5,0,0.013066732324659824,0,0.5
XGBoost,1765,3,0,0.2836732268333435,0,0.5
XGBoost,1766,3,0,0.49077901244163513,0,0.5
XGBoost,1767,4,0,0.29305675625801086,0,0.5
XGBoost,1768,3,0,0.182197704911232,0,0.5
XGBoost,1769,3,0,0.00033573416294530034,0,0.5
XGBoost,1770,5,0,0.001269919564947486,0,0.5
XGBoost,1771,3,0,0.0004299879656173289,0,0.5
XGBoost,1772,4,0,0.0002151216467609629,0,0.5
XGBoost,1773,5,0,0.0002816764172166586,0,0.5
XGBoost,1774,4,0,0.00018854596419259906,0,0.5
XGBoost,1775,2,0,0.0032026036642491817,0,0.5
XGBoost,1776,4,0,0.0015156666049733758,0,0.5
XGBoost,1777,2,0,0.00033745510154403746,0,0.5
XGBoost,1778,5,0,0.0036570774391293526,0,0.5
XGBoost,1779,2,0,0.0020166325848549604,0,0.5
XGBoost,1780,3,0,0.003271288936957717,0,0.5
XGBoost,1781,4,0,0.010646160691976547,0,0.5
XGBoost,1782,5,0,0.01120786927640438,0,0.5
XGBoost,1783,2,0,0.01681877113878727,0,0.5
XGBoost,1784,3,0,0.06342355161905289,0,0.5
XGBoost,1785,3,0,0.17577719688415527,0,0.5
XGBoost,1786,3,0,0.43445885181427,0,0.5
XGBoost,1787,3,0,0.0013135512126609683,0,0.5
XGBoost,1788,3,0,0.0036446326412260532,0,0.5
XGBoost,1789,5,0,0.00036737954360432923,0,0.5
XGBoost,1790,5,0,0.0003451179654803127,0,0.5
XGBoost,1791,5,0,0.0001365587959298864,0,0.5
XGBoost,1792,3,0,0.008273632265627384,0,0.5
XGBoost,1793,3,0,0.0001638046815060079,0,0.5
XGBoost,1794,3,0,0.0018712860764935613,0,0.5
XGBoost,1795,2,0,0.4510272443294525,0,0.5
XGBoost,1796,2,0,0.00022426428040489554,0,0.5
XGBoost,1797,3,0,0.004915982019156218,0,0.5
XGBoost,1798,5,0,0.002256999956443906,0,0.5
XGBoost,1799,3,1,0.5362580418586731,1,0.5
XGBoost,1800,3,0,0.4976136088371277,0,0.5
XGBoost,1801,3,0,0.17325682938098907,0,0.5
XGBoost,1802,3,1,0.5633134245872498,1,0.5
XGBoost,1803,3,0,0.0013027472887188196,0,0.5
XGBoost,1804,4,0,0.0016645382856950164,0,0.5
XGBoost,1805,4,0,0.0005200704326853156,0,0.5
XGBoost,1806,4,0,0.08956857025623322,0,0.5
XGBoost,1807,3,0,0.031406477093696594,0,0.5
XGBoost,1808,3,0,0.00798975583165884,0,0.5
XGBoost,1809,5,0,0.0004685439635068178,0,0.5
XGBoost,1810,2,0,0.002611703472211957,0,0.5
XGBoost,1811,5,0,2.0760842744493857e-05,0,0.5
XGBoost,1812,3,1,0.32663989067077637,0,0.5
XGBoost,1813,3,1,0.025522811338305473,0,0.5
XGBoost,1814,3,1,0.009251158684492111,0,0.5
XGBoost,1815,5,0,0.001167234848253429,0,0.5
XGBoost,1816,5,0,0.5634340047836304,1,0.5
XGBoost,1817,5,1,0.5408388376235962,1,0.5
XGBoost,1818,3,1,0.8744739890098572,1,0.5
XGBoost,1819,3,0,0.009429904632270336,0,0.5
XGBoost,1820,3,0,0.007434085011482239,0,0.5
XGBoost,1821,3,1,0.5367270112037659,1,0.5
XGBoost,1822,3,0,0.06788928806781769,0,0.5
XGBoost,1823,3,0,7.315180846489966e-05,0,0.5
XGBoost,1824,2,0,0.0014995936071500182,0,0.5
XGBoost,1825,4,0,6.169653352117166e-05,0,0.5
XGBoost,1826,3,1,0.8698058724403381,1,0.5
XGBoost,1827,3,0,0.0064054932445287704,0,0.5
XGBoost,1828,2,0,0.001176066230982542,0,0.5
XGBoost,1829,3,0,0.0003009320644196123,0,0.5
XGBoost,1830,4,1,0.9971069693565369,1,0.5
XGBoost,1831,5,0,0.026227600872516632,0,0.5
XGBoost,1832,5,1,0.9968056678771973,1,0.5
XGBoost,1833,2,1,0.9924148917198181,1,0.5
XGBoost,1834,3,0,0.0009961269097402692,0,0.5
XGBoost,1835,4,1,0.994524359703064,1,0.5
XGBoost,1836,4,0,0.04970161244273186,0,0.5
XGBoost,1837,5,1,0.9831693172454834,1,0.5
XGBoost,1838,4,1,0.9833340048789978,1,0.5
XGBoost,1839,2,1,0.9959516525268555,1,0.5
XGBoost,1840,3,0,0.15301698446273804,0,0.5
XGBoost,1841,4,0,0.0008267108350992203,0,0.5
XGBoost,1842,5,0,0.2736641764640808,0,0.5
XGBoost,1843,2,0,0.1183997318148613,0,0.5
XGBoost,1844,3,0,0.12253716588020325,0,0.5
XGBoost,1845,3,1,0.9871090650558472,1,0.5
XGBoost,1846,2,0,0.004795849788933992,0,0.5
XGBoost,1847,4,0,0.01097633596509695,0,0.5
XGBoost,1848,5,1,0.9865350127220154,1,0.5
XGBoost,1849,3,0,0.5521270632743835,1,0.5
XGBoost,1850,3,0,0.7304868698120117,1,0.5
XGBoost,1851,3,0,0.049484021961688995,0,0.5
XGBoost,1852,5,0,0.0013128852006047964,0,0.5
XGBoost,1853,3,0,0.06818326562643051,0,0.5
XGBoost,1854,3,1,0.0739680603146553,0,0.5
XGBoost,1855,3,0,0.6608109474182129,1,0.5
XGBoost,1856,3,0,0.3561387062072754,0,0.5
XGBoost,1857,3,1,0.21149949729442596,0,0.5
XGBoost,1858,5,0,0.0011295462027192116,0,0.5
XGBoost,1859,3,1,0.003685147035866976,0,0.5
XGBoost,1860,2,0,0.516492486000061,1,0.5
XGBoost,1861,2,0,0.06588143110275269,0,0.5
XGBoost,1862,2,0,0.16862112283706665,0,0.5
XGBoost,1863,2,0,0.021777961403131485,0,0.5
XGBoost,1864,3,0,0.6139430999755859,1,0.5
XGBoost,1865,3,1,0.24684776365756989,0,0.5
XGBoost,1866,4,0,0.000294937432045117,0,0.5
XGBoost,1867,2,0,0.0004275301471352577,0,0.5
XGBoost,1868,2,0,0.0033976035192608833,0,0.5
XGBoost,1869,4,0,0.08620874583721161,0,0.5
XGBoost,1870,3,0,0.000657499476801604,0,0.5
XGBoost,1871,3,1,0.0322660356760025,0,0.5
XGBoost,1872,4,0,0.0025039620231837034,0,0.5
XGBoost,1873,5,0,0.0047800494357943535,0,0.5
XGBoost,1874,4,0,0.0009654251043684781,0,0.5
XGBoost,1875,5,0,0.00020054931519553065,0,0.5
XGBoost,1876,5,0,0.07250778377056122,0,0.5
XGBoost,1877,4,0,0.0006414310191757977,0,0.5
XGBoost,1878,2,0,0.037583790719509125,0,0.5
XGBoost,1879,2,0,0.00036773079773411155,0,0.5
XGBoost,1880,3,0,0.04453420639038086,0,0.5
XGBoost,1881,2,0,0.0024390635080635548,0,0.5
XGBoost,1882,4,0,0.001848604646511376,0,0.5
XGBoost,1883,3,1,0.6350923180580139,1,0.5
XGBoost,1884,3,0,0.4982514977455139,0,0.5
XGBoost,1885,3,0,0.54505854845047,1,0.5
XGBoost,1886,5,1,0.9725919961929321,1,0.5
XGBoost,1887,4,0,0.0001314732216997072,0,0.5
XGBoost,1888,5,0,0.02736189216375351,0,0.5
XGBoost,1889,3,0,0.1087629646062851,0,0.5
XGBoost,1890,5,0,0.0030958284623920918,0,0.5
XGBoost,1891,2,0,0.13359865546226501,0,0.5
XGBoost,1892,2,0,0.1361716389656067,0,0.5
XGBoost,1893,5,1,0.0004476112371776253,0,0.5
XGBoost,1894,2,0,0.0005811556475237012,0,0.5
XGBoost,1895,3,0,0.01247379556298256,0,0.5
XGBoost,1896,2,0,0.0010489927371963859,0,0.5
XGBoost,1897,3,0,0.048258908092975616,0,0.5
XGBoost,1898,2,0,0.003619799856096506,0,0.5
XGBoost,1899,4,0,0.006281717214733362,0,0.5
XGBoost,1900,2,0,0.003705900628119707,0,0.5
XGBoost,1901,3,1,0.12417455017566681,0,0.5
XGBoost,1902,4,0,0.006881648674607277,0,0.5
XGBoost,1903,3,0,0.0004533110186457634,0,0.5
XGBoost,1904,4,0,0.0006492945831269026,0,0.5
XGBoost,1905,5,0,1.8680762877920642e-05,0,0.5
XGBoost,1906,2,0,0.00026799028273671865,0,0.5
XGBoost,1907,2,0,0.38771432638168335,0,0.5
XGBoost,1908,3,0,0.015399697236716747,0,0.5
XGBoost,1909,4,0,0.0017740702023729682,0,0.5
XGBoost,1910,4,0,0.0004634616198018193,0,0.5
XGBoost,1911,4,0,0.00037946723750792444,0,0.5
XGBoost,1912,3,0,0.00043821491999551654,0,0.5
XGBoost,1913,3,0,0.0008319502230733633,0,0.5
XGBoost,1914,2,0,0.6359155178070068,1,0.5
XGBoost,1915,4,0,0.0007748123025521636,0,0.5
XGBoost,1916,4,0,0.0008820131770335138,0,0.5
XGBoost,1917,4,0,0.010667355731129646,0,0.5
XGBoost,1918,4,0,0.13998202979564667,0,0.5
XGBoost,1919,2,0,0.000314478442305699,0,0.5
XGBoost,1920,5,0,0.313649982213974,0,0.5
XGBoost,1921,4,1,9.794452489586547e-05,0,0.5
XGBoost,1922,3,0,0.012282290495932102,0,0.5
XGBoost,1923,3,0,0.0005795247270725667,0,0.5
XGBoost,1924,3,0,0.006176515482366085,0,0.5
XGBoost,1925,3,0,0.0006545222131535411,0,0.5
XGBoost,1926,3,0,0.0026352833956480026,0,0.5
XGBoost,1927,3,0,0.013810859061777592,0,0.5
XGBoost,1928,3,0,0.003707719733938575,0,0.5
XGBoost,1929,3,0,0.0015493363607674837,0,0.5
XGBoost,1930,3,0,0.0005542822764255106,0,0.5
XGBoost,1931,3,0,0.0014312780695036054,0,0.5
XGBoost,1932,3,0,0.002070571528747678,0,0.5
XGBoost,1933,3,0,0.005994193255901337,0,0.5
XGBoost,1934,5,0,7.168860611272976e-05,0,0.5
XGBoost,1935,3,0,0.0038409160915762186,0,0.5
XGBoost,1936,3,0,0.0006345937144942582,0,0.5
XGBoost,1937,3,0,0.0032539572566747665,0,0.5
XGBoost,1938,4,0,0.0024843758437782526,0,0.5
XGBoost,1939,3,1,0.72425377368927,1,0.5
XGBoost,1940,5,0,0.003305441699922085,0,0.5
XGBoost,1941,2,0,0.0009630856802687049,0,0.5
XGBoost,1942,3,0,0.00024377914087381214,0,0.5
XGBoost,1943,4,0,0.0013867920497432351,0,0.5
XGBoost,1944,5,0,0.0013125163968652487,0,0.5
XGBoost,1945,2,0,6.286527059273794e-05,0,0.5
XGBoost,1946,3,0,0.00029381734202615917,0,0.5
XGBoost,1947,5,0,3.383049261174165e-05,0,0.5
XGBoost,1948,3,0,0.0005485474830493331,0,0.5
XGBoost,1949,4,1,0.19587844610214233,0,0.5
XGBoost,1950,4,0,0.0005260800244286656,0,0.5
XGBoost,1951,5,0,0.000343888794304803,0,0.5
XGBoost,1952,5,0,0.00023376999888569117,0,0.5
XGBoost,1953,2,0,0.00014859939983580261,0,0.5
XGBoost,1954,3,0,0.0005457880324684083,0,0.5
XGBoost,1955,3,0,0.00011979969713138416,0,0.5
XGBoost,1956,2,0,0.004608545918017626,0,0.5
XGBoost,1957,2,0,9.833130025072023e-05,0,0.5
XGBoost,1958,3,1,0.05471998453140259,0,0.5
XGBoost,1959,4,0,0.03906075656414032,0,0.5
XGBoost,1960,5,0,0.8014094829559326,1,0.5
XGBoost,1961,2,0,0.03198511153459549,0,0.5
XGBoost,1962,2,1,0.009178850799798965,0,0.5
XGBoost,1963,5,0,0.4791436791419983,0,0.5
XGBoost,1964,2,0,0.0010964234825223684,0,0.5
XGBoost,1965,4,0,0.0019376672571524978,0,0.5
XGBoost,1966,4,0,0.0003109968965873122,0,0.5
XGBoost,1967,2,0,0.001143033616244793,0,0.5
XGBoost,1968,5,0,0.0001284764293814078,0,0.5
XGBoost,1969,2,0,0.000485692813526839,0,0.5
XGBoost,1970,5,0,0.0014674062840640545,0,0.5
XGBoost,1971,3,0,0.1592232882976532,0,0.5
XGBoost,1972,3,0,0.14477352797985077,0,0.5
XGBoost,1973,3,1,0.00147358572576195,0,0.5
XGBoost,1974,3,0,0.554496705532074,1,0.5
XGBoost,1975,5,0,7.363170152530074e-05,0,0.5
XGBoost,1976,4,0,5.4739826737204567e-05,0,0.5
XGBoost,1977,4,0,0.00029866519616916776,0,0.5
XGBoost,1978,3,0,0.03366629406809807,0,0.5
XGBoost,1979,4,0,0.0006485147168859839,0,0.5
XGBoost,1980,2,0,0.0009381102863699198,0,0.5
XGBoost,1981,5,0,4.012345016235486e-05,0,0.5
XGBoost,1982,4,0,0.11044978350400925,0,0.5
XGBoost,1983,4,0,4.7900226491037756e-05,0,0.5
XGBoost,1984,4,0,0.000165807650773786,0,0.5
XGBoost,1985,4,0,0.0013275670353323221,0,0.5
XGBoost,1986,4,0,0.0009244437678717077,0,0.5
XGBoost,1987,4,0,0.835940957069397,1,0.5
XGBoost,1988,2,0,0.000451539148343727,0,0.5
XGBoost,1989,4,0,0.01329132355749607,0,0.5
XGBoost,1990,3,0,0.0026545145083218813,0,0.5
XGBoost,1991,3,0,0.0024807648733258247,0,0.5
XGBoost,1992,4,0,0.00024325559206772596,0,0.5
XGBoost,1993,3,0,0.0014204267645254731,0,0.5
XGBoost,1994,5,0,0.04575537517666817,0,0.5
XGBoost,1995,3,0,0.0014670094242319465,0,0.5
XGBoost,1996,2,0,0.0020549558103084564,0,0.5
XGBoost,1997,5,0,0.008231102488934994,0,0.5
XGBoost,1998,2,0,0.024531690403819084,0,0.5
XGBoost,1999,5,0,0.001352368970401585,0,0.5
XGBoost,2000,5,0,0.0012693771859630942,0,0.5
XGBoost,2001,4,0,0.3600693643093109,0,0.5
XGBoost,2002,3,0,0.0006876708939671516,0,0.5
XGBoost,2003,5,0,0.0012477018171921372,0,0.5
XGBoost,2004,4,0,0.000922272854950279,0,0.5
XGBoost,2005,3,0,0.022515244781970978,0,0.5
XGBoost,2006,4,0,0.6928496956825256,1,0.5
XGBoost,2007,2,1,0.0034184842370450497,0,0.5
XGBoost,2008,2,0,0.00029358576284721494,0,0.5
XGBoost,2009,3,0,0.0001471324940212071,0,0.5
XGBoost,2010,4,0,0.0008337246254086494,0,0.5
XGBoost,2011,5,0,0.001554654911160469,0,0.5
XGBoost,2012,3,0,0.054675281047821045,0,0.5
XGBoost,2013,4,0,0.04184596613049507,0,0.5
XGBoost,2014,4,0,0.004946798086166382,0,0.5
XGBoost,2015,4,0,0.0008131717331707478,0,0.5
XGBoost,2016,2,0,0.0026136827655136585,0,0.5
XGBoost,2017,4,0,0.00014208757784217596,0,0.5
XGBoost,2018,2,0,3.389682751731016e-05,0,0.5
XGBoost,2019,5,0,0.0027936764527112246,0,0.5
XGBoost,2020,4,0,0.002242730464786291,0,0.5
XGBoost,2021,4,0,0.00025446165818721056,0,0.5
XGBoost,2022,3,0,0.055608559399843216,0,0.5
XGBoost,2023,3,0,0.08461105823516846,0,0.5
XGBoost,2024,3,0,0.0021718028001487255,0,0.5
XGBoost,2025,3,0,0.002183972392231226,0,0.5
XGBoost,2026,2,0,0.0022203295957297087,0,0.5
XGBoost,2027,4,0,0.006300040520727634,0,0.5
XGBoost,2028,4,0,0.0019428974483162165,0,0.5
XGBoost,2029,3,0,0.0014986613532528281,0,0.5
XGBoost,2030,3,0,0.000237302461755462,0,0.5
XGBoost,2031,5,0,0.011264161206781864,0,0.5
XGBoost,2032,4,1,0.0011331625282764435,0,0.5
XGBoost,2033,4,1,0.0011016520438715816,0,0.5
XGBoost,2034,4,1,0.0012056591222062707,0,0.5
XGBoost,2035,2,0,0.05643206089735031,0,0.5
XGBoost,2036,2,0,0.21926827728748322,0,0.5
XGBoost,2037,4,0,0.3869008719921112,0,0.5
XGBoost,2038,5,0,0.07601215690374374,0,0.5
XGBoost,2039,2,0,0.01755574345588684,0,0.5
XGBoost,2040,5,0,0.12516899406909943,0,0.5
XGBoost,2041,3,0,0.4181317687034607,0,0.5
XGBoost,2042,4,0,0.16615094244480133,0,0.5
XGBoost,2043,3,0,0.16168208420276642,0,0.5
XGBoost,2044,3,0,0.0007105115801095963,0,0.5
XGBoost,2045,3,0,0.2703973650932312,0,0.5
XGBoost,2046,3,1,0.0022024717181921005,0,0.5
XGBoost,2047,3,1,0.012550078332424164,0,0.5
XGBoost,2048,4,0,0.5261016488075256,1,0.5
XGBoost,2049,3,1,0.9779822826385498,1,0.5
XGBoost,2050,2,0,0.011462440714240074,0,0.5
XGBoost,2051,4,0,0.019015634432435036,0,0.5
XGBoost,2052,2,1,0.09935466945171356,0,0.5
XGBoost,2053,5,0,0.07228565216064453,0,0.5
XGBoost,2054,3,0,0.0026979693211615086,0,0.5
XGBoost,2055,3,0,0.14831402897834778,0,0.5
XGBoost,2056,3,0,0.00522249098867178,0,0.5
XGBoost,2057,4,0,0.0007812678231857717,0,0.5
XGBoost,2058,5,0,5.450905882753432e-05,0,0.5
XGBoost,2059,3,0,0.0002549874479882419,0,0.5
XGBoost,2060,2,0,0.0010236348025500774,0,0.5
XGBoost,2061,4,0,0.37274670600891113,0,0.5
XGBoost,2062,5,0,0.13535058498382568,0,0.5
XGBoost,2063,4,0,0.011248691007494926,0,0.5
XGBoost,2064,3,0,0.03365112841129303,0,0.5
XGBoost,2065,3,0,0.21256673336029053,0,0.5
XGBoost,2066,3,0,0.2714855670928955,0,0.5
XGBoost,2067,3,0,0.5978667736053467,1,0.5
XGBoost,2068,5,0,0.00010197076335316524,0,0.5
XGBoost,2069,2,0,0.000619445345364511,0,0.5
XGBoost,2070,5,0,0.0010719686979427934,0,0.5
XGBoost,2071,3,0,0.26181527972221375,0,0.5
XGBoost,2072,3,0,0.018779000267386436,0,0.5
XGBoost,2073,3,0,0.0001843458303483203,0,0.5
XGBoost,2074,2,0,0.00018331973114982247,0,0.5
XGBoost,2075,3,0,0.0002628606162033975,0,0.5
XGBoost,2076,3,0,0.00036843930138275027,0,0.5
XGBoost,2077,5,0,0.006512616295367479,0,0.5
XGBoost,2078,2,0,0.0025272220373153687,0,0.5
XGBoost,2079,4,0,0.005313928704708815,0,0.5
XGBoost,2080,4,0,0.0014545662561431527,0,0.5
XGBoost,2081,3,0,0.0010550598381087184,0,0.5
XGBoost,2082,4,0,0.0002544274611864239,0,0.5
XGBoost,2083,3,0,0.01677531749010086,0,0.5
XGBoost,2084,3,0,0.00042563985334709287,0,0.5
XGBoost,2085,3,0,0.003518185578286648,0,0.5
XGBoost,2086,5,0,7.511170406360179e-05,0,0.5
XGBoost,2087,5,0,0.0006561457994394004,0,0.5
XGBoost,2088,4,0,0.07885736227035522,0,0.5
XGBoost,2089,3,0,0.07647573202848434,0,0.5
XGBoost,2090,4,0,0.0017207559430971742,0,0.5
XGBoost,2091,5,0,0.0009316187351942062,0,0.5
XGBoost,2092,5,0,0.0007483651861548424,0,0.5
XGBoost,2093,2,0,0.2522033154964447,0,0.5
XGBoost,2094,2,0,0.04856908321380615,0,0.5
XGBoost,2095,4,0,0.011082539334893227,0,0.5
XGBoost,2096,3,1,0.06665293872356415,0,0.5
XGBoost,2097,5,0,0.5044257640838623,1,0.5
XGBoost,2098,2,1,0.9956372380256653,1,0.5
XGBoost,2099,5,0,0.004114498849958181,0,0.5
XGBoost,2100,5,1,0.62554532289505,1,0.5
XGBoost,2101,5,1,0.8612723350524902,1,0.5
XGBoost,2102,4,0,0.022462157532572746,0,0.5
XGBoost,2103,4,0,0.00363236409612,0,0.5
XGBoost,2104,2,1,0.9711810350418091,1,0.5
XGBoost,2105,4,0,0.010486235842108727,0,0.5
XGBoost,2106,2,0,0.31272196769714355,0,0.5
XGBoost,2107,3,0,0.01784469373524189,0,0.5
XGBoost,2108,3,1,0.16227193176746368,0,0.5
XGBoost,2109,3,1,0.14818984270095825,0,0.5
XGBoost,2110,3,1,0.2617180645465851,0,0.5
XGBoost,2111,4,0,0.058674417436122894,0,0.5
XGBoost,2112,4,0,0.11177439987659454,0,0.5
XGBoost,2113,3,0,0.0034864512272179127,0,0.5
XGBoost,2114,2,0,0.34401875734329224,0,0.5
XGBoost,2115,2,0,0.39608708024024963,0,0.5
XGBoost,2116,3,1,0.02486412413418293,0,0.5
XGBoost,2117,3,1,0.010541890747845173,0,0.5
XGBoost,2118,3,1,0.00763714499771595,0,0.5
XGBoost,2119,3,0,0.003720621345564723,0,0.5
XGBoost,2120,2,0,0.04560450464487076,0,0.5
XGBoost,2121,4,0,0.7283004522323608,1,0.5
XGBoost,2122,3,1,0.00654115155339241,0,0.5
XGBoost,2123,3,0,0.0022034894209355116,0,0.5
XGBoost,2124,3,1,0.007922342978417873,0,0.5
XGBoost,2125,3,1,0.0003766244335565716,0,0.5
XGBoost,2126,5,1,0.01863561011850834,0,0.5
XGBoost,2127,3,0,0.9089218378067017,1,0.5
XGBoost,2128,2,0,0.005543730687350035,0,0.5
XGBoost,2129,2,0,0.001571634435094893,0,0.5
XGBoost,2130,3,0,0.3385681211948395,0,0.5
XGBoost,2131,3,0,0.29040956497192383,0,0.5
XGBoost,2132,2,0,0.00018341168470215052,0,0.5
XGBoost,2133,5,0,0.1853668987751007,0,0.5
XGBoost,2134,5,0,0.017183205112814903,0,0.5
XGBoost,2135,3,0,0.005865658167749643,0,0.5
XGBoost,2136,3,0,0.026807906106114388,0,0.5
XGBoost,2137,4,0,0.6734867691993713,1,0.5
XGBoost,2138,3,0,0.0007925697136670351,0,0.5
XGBoost,2139,5,0,0.0003835204115603119,0,0.5
XGBoost,2140,4,0,0.0008210091036744416,0,0.5
XGBoost,2141,5,0,0.0003458390710875392,0,0.5
XGBoost,2142,3,0,0.024116653949022293,0,0.5
XGBoost,2143,2,0,0.0035776023287326097,0,0.5
XGBoost,2144,3,0,0.00411185622215271,0,0.5
XGBoost,2145,2,1,0.9982245564460754,1,0.5
XGBoost,2146,4,0,0.010823506861925125,0,0.5
XGBoost,2147,5,0,0.0001854846632340923,0,0.5
XGBoost,2148,4,0,0.0003530551912263036,0,0.5
XGBoost,2149,2,0,0.0034002282191067934,0,0.5
XGBoost,2150,3,0,0.000694991322234273,0,0.5
XGBoost,2151,5,0,0.010720770806074142,0,0.5
XGBoost,2152,3,0,0.003549352288246155,0,0.5
XGBoost,2153,4,0,0.13018810749053955,0,0.5
XGBoost,2154,3,0,0.0003112822596449405,0,0.5
XGBoost,2155,3,0,0.010964571498334408,0,0.5
XGBoost,2156,5,1,0.9376644492149353,1,0.5
XGBoost,2157,3,0,0.036852240562438965,0,0.5
XGBoost,2158,2,0,0.03882233053445816,0,0.5
XGBoost,2159,2,0,0.00897166132926941,0,0.5
XGBoost,2160,5,0,0.001273504225537181,0,0.5
XGBoost,2161,4,0,0.03574390336871147,0,0.5
XGBoost,2162,3,0,0.24305246770381927,0,0.5
XGBoost,2163,4,0,0.05109458416700363,0,0.5
XGBoost,2164,3,0,0.07309489697217941,0,0.5
XGBoost,2165,5,0,0.4798752963542938,0,0.5
XGBoost,2166,3,1,0.5221109390258789,1,0.5
XGBoost,2167,3,1,0.38461244106292725,0,0.5
