Development_Row,y_true,weighted_probability,weighted_prediction,Threshold,smote_fold,smote_probability,smote_prediction,adasyn_fold,adasyn_probability,adasyn_prediction
0,0,0.5786087512969971,1,0.5599999999999998,2,0.5447528958320618,0,2,0.5557693243026733,0
1,1,0.4659106731414795,0,0.5599999999999998,5,0.24055828154087067,0,5,0.1840720921754837,0
2,0,0.5436196327209473,0,0.5599999999999998,2,0.39261069893836975,0,2,0.3371465504169464,0
3,1,0.6311857104301453,1,0.5599999999999998,5,0.39135733246803284,0,5,0.43785300850868225,0
4,0,0.5715768337249756,1,0.5599999999999998,4,0.36052507162094116,0,4,0.40485793352127075,0
5,0,0.5324692726135254,0,0.5599999999999998,4,0.5458959341049194,0,4,0.37639570236206055,0
6,0,0.08326955139636993,0,0.5599999999999998,5,0.12119371443986893,0,5,0.12245931476354599,0
7,1,0.7625078558921814,1,0.5599999999999998,5,0.7906731367111206,1,5,0.7514914870262146,1
8,1,0.2439727783203125,0,0.5599999999999998,5,0.23045192658901215,0,5,0.2542126774787903,0
9,0,0.259557843208313,0,0.5599999999999998,2,0.24721284210681915,0,2,0.24298685789108276,0
10,0,0.3189658224582672,0,0.5599999999999998,2,0.17854087054729462,0,2,0.1606471687555313,0
11,0,0.47490194439888,0,0.5599999999999998,3,0.572155773639679,1,3,0.663483202457428,1
12,0,0.0974050909280777,0,0.5599999999999998,5,0.06717438250780106,0,5,0.15510183572769165,0
13,1,0.4698367416858673,0,0.5599999999999998,4,0.3484435975551605,0,4,0.3376162052154541,0
14,1,0.7293782234191895,1,0.5599999999999998,5,0.6872546672821045,1,5,0.6140165328979492,1
15,0,0.25909581780433655,0,0.5599999999999998,5,0.20588141679763794,0,5,0.2685667872428894,0
16,0,0.11070171743631363,0,0.5599999999999998,4,0.1739070862531662,0,4,0.1535840481519699,0
17,0,0.07165615260601044,0,0.5599999999999998,3,0.04129820317029953,0,3,0.07531210780143738,0
18,0,0.04291516914963722,0,0.5599999999999998,2,0.03185812756419182,0,2,0.03748291730880737,0
19,0,0.13879750669002533,0,0.5599999999999998,3,0.14321838319301605,0,3,0.1679692417383194,0
20,1,0.6121639609336853,1,0.5599999999999998,5,0.5232210159301758,0,5,0.65557461977005,1
21,0,0.4846157729625702,0,0.5599999999999998,4,0.4535202085971832,0,4,0.47987762093544006,0
22,0,0.08993890136480331,0,0.5599999999999998,4,0.04210473597049713,0,4,0.052543677389621735,0
23,0,0.2958128750324249,0,0.5599999999999998,5,0.13043655455112457,0,5,0.1541050225496292,0
24,1,0.03483683243393898,0,0.5599999999999998,5,0.05829533934593201,0,5,0.05684627220034599,0
25,0,0.14751829206943512,0,0.5599999999999998,5,0.0512784942984581,0,5,0.06931377202272415,0
26,0,0.12244078516960144,0,0.5599999999999998,2,0.07689553499221802,0,2,0.059765227138996124,0
27,0,0.2358785718679428,0,0.5599999999999998,5,0.20787106454372406,0,5,0.21197107434272766,0
28,0,0.12229306995868683,0,0.5599999999999998,3,0.11134023219347,0,3,0.11279644072055817,0
29,0,0.05041629821062088,0,0.5599999999999998,4,0.02419501356780529,0,4,0.02582019753754139,0
30,0,0.1873280555009842,0,0.5599999999999998,2,0.07032599300146103,0,2,0.08889080584049225,0
31,0,0.14296486973762512,0,0.5599999999999998,5,0.26571595668792725,0,5,0.49665215611457825,0
32,1,0.564082682132721,1,0.5599999999999998,3,0.4465651214122772,0,3,0.45419320464134216,0
33,1,0.6065779328346252,1,0.5599999999999998,4,0.3970867991447449,0,4,0.44864970445632935,0
34,1,0.18805868923664093,0,0.5599999999999998,5,0.15987242758274078,0,5,0.2063959240913391,0
35,1,0.5175371766090393,0,0.5599999999999998,5,0.5559633374214172,0,5,0.5681607127189636,1
36,0,0.9298785924911499,1,0.5599999999999998,3,0.9102963209152222,1,3,0.9295653700828552,1
37,0,0.017122440040111542,0,0.5599999999999998,5,0.010357070714235306,0,5,0.010148966684937477,0
38,0,0.9027085900306702,1,0.5599999999999998,2,0.8617532849311829,1,2,0.8301684260368347,1
39,0,0.24100369215011597,0,0.5599999999999998,2,0.2347750961780548,0,2,0.15958203375339508,0
40,0,0.2672252953052521,0,0.5599999999999998,2,0.16441859304904938,0,2,0.24910375475883484,0
41,0,0.13278576731681824,0,0.5599999999999998,4,0.09158303588628769,0,4,0.07175543159246445,0
42,0,0.060139819979667664,0,0.5599999999999998,3,0.040854815393686295,0,3,0.03925531730055809,0
43,0,0.25733068585395813,0,0.5599999999999998,2,0.10653838515281677,0,2,0.09014372527599335,0
44,0,0.3214721083641052,0,0.5599999999999998,5,0.24297700822353363,0,5,0.2847684919834137,0
45,0,0.13494659960269928,0,0.5599999999999998,4,0.10672277212142944,0,4,0.05624954402446747,0
46,0,0.05388716980814934,0,0.5599999999999998,3,0.03265354037284851,0,3,0.032267287373542786,0
47,0,0.08221923559904099,0,0.5599999999999998,3,0.07786823809146881,0,3,0.08215288817882538,0
48,0,0.03328945115208626,0,0.5599999999999998,5,0.03173092380166054,0,5,0.03431791067123413,0
49,0,0.030120989307761192,0,0.5599999999999998,4,0.029541300609707832,0,4,0.03219989687204361,0
50,0,0.33814695477485657,0,0.5599999999999998,4,0.22841906547546387,0,4,0.33468112349510193,0
51,0,0.5640120506286621,1,0.5599999999999998,5,0.7537594437599182,1,5,0.6373695731163025,1
52,0,0.8340156078338623,1,0.5599999999999998,2,0.8523478507995605,1,2,0.8428259491920471,1
53,0,0.43011727929115295,0,0.5599999999999998,4,0.3400501310825348,0,4,0.47283726930618286,0
54,1,0.07366393506526947,0,0.5599999999999998,5,0.07733447849750519,0,5,0.10155052691698074,0
55,0,0.3643753230571747,0,0.5599999999999998,3,0.2790185809135437,0,3,0.3168216943740845,0
56,0,0.14293144643306732,0,0.5599999999999998,3,0.14667059481143951,0,3,0.14229777455329895,0
57,0,0.2414318025112152,0,0.5599999999999998,5,0.16884933412075043,0,5,0.13765917718410492,0
58,0,0.2589230239391327,0,0.5599999999999998,2,0.1883177012205124,0,2,0.197478786110878,0
59,0,0.6368680596351624,1,0.5599999999999998,2,0.5142622590065002,0,2,0.6402600407600403,1
60,0,0.07525388151407242,0,0.5599999999999998,3,0.037257120013237,0,3,0.04371584951877594,0
61,0,0.18429076671600342,0,0.5599999999999998,4,0.1860269010066986,0,4,0.1826636642217636,0
62,0,0.042579587548971176,0,0.5599999999999998,2,0.06136297434568405,0,2,0.06304128468036652,0
63,0,0.06298062950372696,0,0.5599999999999998,5,0.05686637759208679,0,5,0.06450866907835007,0
64,0,0.07616838812828064,0,0.5599999999999998,4,0.0283370278775692,0,4,0.025614606216549873,0
65,0,0.07007302343845367,0,0.5599999999999998,5,0.044726330786943436,0,5,0.04079918563365936,0
66,0,0.7178928256034851,1,0.5599999999999998,3,0.5527017712593079,0,3,0.6242422461509705,1
67,0,0.02186819352209568,0,0.5599999999999998,3,0.02645151875913143,0,3,0.0339890755712986,0
68,0,0.5470678210258484,0,0.5599999999999998,3,0.49876612424850464,0,3,0.4772428274154663,0
69,0,0.06792091578245163,0,0.5599999999999998,4,0.0610821433365345,0,4,0.09834235906600952,0
70,0,0.08502951264381409,0,0.5599999999999998,5,0.08044572919607162,0,5,0.07720585912466049,0
71,0,0.6125969290733337,1,0.5599999999999998,5,0.6671602129936218,1,5,0.6482836008071899,1
72,0,0.25625360012054443,0,0.5599999999999998,2,0.09053314477205276,0,2,0.11977946013212204,0
73,0,0.25732120871543884,0,0.5599999999999998,5,0.26332464814186096,0,5,0.19324517250061035,0
74,0,0.4745563864707947,0,0.5599999999999998,4,0.5490540266036987,0,4,0.6359357833862305,1
75,0,0.32627546787261963,0,0.5599999999999998,3,0.2047351747751236,0,3,0.17285104095935822,0
76,1,0.11384789645671844,0,0.5599999999999998,2,0.09238064289093018,0,2,0.08624507486820221,0
77,0,0.04994489252567291,0,0.5599999999999998,5,0.07508992403745651,0,5,0.06807927042245865,0
78,0,0.15767380595207214,0,0.5599999999999998,5,0.1546381562948227,0,5,0.1270119547843933,0
79,0,0.06602200120687485,0,0.5599999999999998,2,0.10168085247278214,0,2,0.10997030884027481,0
80,0,0.034719545394182205,0,0.5599999999999998,5,0.09041658788919449,0,5,0.10632596164941788,0
81,0,0.3039667308330536,0,0.5599999999999998,3,0.2177472859621048,0,3,0.34157729148864746,0
82,0,0.4583629071712494,0,0.5599999999999998,5,0.5244961977005005,0,5,0.5712423920631409,1
83,0,0.09734092652797699,0,0.5599999999999998,5,0.042122259736061096,0,5,0.041856586933135986,0
84,0,0.1252088099718094,0,0.5599999999999998,3,0.06941801309585571,0,3,0.11018269509077072,0
85,0,0.387997567653656,0,0.5599999999999998,4,0.2884998321533203,0,4,0.20756737887859344,0
86,0,0.062019672244787216,0,0.5599999999999998,2,0.031133048236370087,0,2,0.031942810863256454,0
87,1,0.8229798674583435,1,0.5599999999999998,2,0.8937150835990906,1,2,0.6144943237304688,1
88,0,0.16107885539531708,0,0.5599999999999998,3,0.057245511561632156,0,3,0.06198355183005333,0
89,0,0.04508742317557335,0,0.5599999999999998,2,0.02145974524319172,0,2,0.017336182296276093,0
90,0,0.08387413620948792,0,0.5599999999999998,5,0.08520352095365524,0,5,0.10651496052742004,0
91,0,0.21688422560691833,0,0.5599999999999998,3,0.21624764800071716,0,3,0.18249893188476562,0
92,1,0.8878818154335022,1,0.5599999999999998,2,0.8898833990097046,1,2,0.8607251048088074,1
93,0,0.05555395409464836,0,0.5599999999999998,4,0.03813092038035393,0,4,0.037903156131505966,0
94,0,0.08970903605222702,0,0.5599999999999998,5,0.09806954115629196,0,5,0.1140182837843895,0
95,0,0.056245461106300354,0,0.5599999999999998,3,0.06779292970895767,0,3,0.05540423467755318,0
96,0,0.051528189331293106,0,0.5599999999999998,5,0.07437536865472794,0,5,0.0937584787607193,0
97,0,0.1786385029554367,0,0.5599999999999998,4,0.23812812566757202,0,4,0.21690315008163452,0
98,0,0.11999422311782837,0,0.5599999999999998,5,0.08600843697786331,0,5,0.07265834510326385,0
99,0,0.04641151800751686,0,0.5599999999999998,2,0.04289610683917999,0,2,0.0445716492831707,0
100,0,0.07148730009794235,0,0.5599999999999998,5,0.11850699782371521,0,5,0.2161591798067093,0
101,0,0.07203691452741623,0,0.5599999999999998,3,0.03005341812968254,0,3,0.04253785312175751,0
102,0,0.1398729830980301,0,0.5599999999999998,3,0.051538802683353424,0,3,0.04972723871469498,0
103,0,0.048829566687345505,0,0.5599999999999998,4,0.02048233523964882,0,4,0.017602525651454926,0
104,0,0.024920791387557983,0,0.5599999999999998,3,0.02103816717863083,0,3,0.026498420163989067,0
105,0,0.18568392097949982,0,0.5599999999999998,5,0.20773877203464508,0,5,0.1772668957710266,0
106,0,0.24959062039852142,0,0.5599999999999998,5,0.22278878092765808,0,5,0.2844553291797638,0
107,0,0.03950484097003937,0,0.5599999999999998,2,0.04358941689133644,0,2,0.05047670751810074,0
108,0,0.05677424371242523,0,0.5599999999999998,4,0.02979039028286934,0,4,0.027877723798155785,0
109,0,0.01879771053791046,0,0.5599999999999998,3,0.012919445522129536,0,3,0.012789880856871605,0
110,0,0.006575094535946846,0,0.5599999999999998,5,0.005902442615479231,0,5,0.005827195011079311,0
111,0,0.01081919390708208,0,0.5599999999999998,2,0.005206512287259102,0,2,0.005528903100639582,0
112,0,0.010187620297074318,0,0.5599999999999998,3,0.007161584682762623,0,3,0.007294268812984228,0
113,0,0.014476288110017776,0,0.5599999999999998,5,0.007861332036554813,0,5,0.009388322941958904,0
114,0,0.6079995632171631,1,0.5599999999999998,4,0.5629256963729858,1,4,0.5291094779968262,0
115,0,0.038367848843336105,0,0.5599999999999998,5,0.042448434978723526,0,5,0.0393388457596302,0
116,0,0.02166055701673031,0,0.5599999999999998,4,0.02039395272731781,0,4,0.030001316219568253,0
117,0,0.039360467344522476,0,0.5599999999999998,4,0.030832236632704735,0,4,0.04167943447828293,0
118,1,0.26951420307159424,0,0.5599999999999998,2,0.11807971447706223,0,2,0.1071741059422493,0
119,1,0.04611015319824219,0,0.5599999999999998,3,0.03113826923072338,0,3,0.03752603009343147,0
120,1,0.3564477264881134,0,0.5599999999999998,2,0.36615651845932007,0,2,0.44689565896987915,0
121,0,0.20341041684150696,0,0.5599999999999998,5,0.2653452754020691,0,5,0.2827950716018677,0
122,0,0.061324164271354675,0,0.5599999999999998,4,0.02400955744087696,0,4,0.02561434730887413,0
123,0,0.12375679612159729,0,0.5599999999999998,3,0.08941846340894699,0,3,0.08941493183374405,0
124,0,0.16321860253810883,0,0.5599999999999998,5,0.08971787989139557,0,5,0.10682892799377441,0
125,0,0.6618669629096985,1,0.5599999999999998,5,0.5852872729301453,1,5,0.6522306203842163,1
126,0,0.4878511428833008,0,0.5599999999999998,2,0.37396517395973206,0,2,0.531230628490448,0
127,0,0.08957381546497345,0,0.5599999999999998,4,0.03716239333152771,0,4,0.03466245159506798,0
128,1,0.21223421394824982,0,0.5599999999999998,5,0.22983117401599884,0,5,0.2220703810453415,0
129,1,0.4818063974380493,0,0.5599999999999998,2,0.2948036193847656,0,2,0.3627202808856964,0
130,0,0.047964613884687424,0,0.5599999999999998,2,0.056932780891656876,0,2,0.06289040297269821,0
131,0,0.10580052435398102,0,0.5599999999999998,5,0.1255456507205963,0,5,0.13566799461841583,0
132,0,0.09493184089660645,0,0.5599999999999998,4,0.065033458173275,0,4,0.08978477865457535,0
133,0,0.35054251551628113,0,0.5599999999999998,5,0.12700243294239044,0,5,0.0962657481431961,0
134,0,0.09514889121055603,0,0.5599999999999998,5,0.12802505493164062,0,5,0.13388387858867645,0
135,0,0.26799315214157104,0,0.5599999999999998,5,0.3786259591579437,0,5,0.2969973087310791,0
136,0,0.37334468960762024,0,0.5599999999999998,5,0.25975462794303894,0,5,0.2625868320465088,0
137,0,0.05049598217010498,0,0.5599999999999998,5,0.049339402467012405,0,5,0.047108497470617294,0
138,0,0.14216041564941406,0,0.5599999999999998,5,0.08562609553337097,0,5,0.107298344373703,0
139,0,0.5522328615188599,0,0.5599999999999998,4,0.3411058187484741,0,4,0.2521359324455261,0
140,0,0.24230682849884033,0,0.5599999999999998,5,0.16052323579788208,0,5,0.1298947036266327,0
141,0,0.5654018521308899,1,0.5599999999999998,3,0.4745662808418274,0,3,0.507866382598877,0
142,0,0.04008530452847481,0,0.5599999999999998,2,0.0300556980073452,0,2,0.04015626013278961,0
143,0,0.06931719928979874,0,0.5599999999999998,4,0.052911896258592606,0,4,0.04194400832056999,0
144,0,0.05636895075440407,0,0.5599999999999998,4,0.04735337197780609,0,4,0.044333212077617645,0
145,0,0.02334967628121376,0,0.5599999999999998,5,0.024900052696466446,0,5,0.029390623793005943,0
146,0,0.0424349345266819,0,0.5599999999999998,3,0.03238963335752487,0,3,0.049352288246154785,0
147,0,0.01027765404433012,0,0.5599999999999998,2,0.008566693402826786,0,2,0.009477992542088032,0
148,0,0.031074509024620056,0,0.5599999999999998,3,0.03241006284952164,0,3,0.038370802998542786,0
149,0,0.11537837982177734,0,0.5599999999999998,4,0.10413096100091934,0,4,0.076435886323452,0
150,0,0.019944585859775543,0,0.5599999999999998,5,0.02180158719420433,0,5,0.0181503277271986,0
151,0,0.023909052833914757,0,0.5599999999999998,2,0.01612120494246483,0,2,0.020797185599803925,0
152,0,0.00965472124516964,0,0.5599999999999998,3,0.010370133444666862,0,3,0.00994886178523302,0
153,0,0.018793955445289612,0,0.5599999999999998,4,0.023062845692038536,0,4,0.020841479301452637,0
154,0,0.015033497475087643,0,0.5599999999999998,5,0.014562460593879223,0,5,0.011842435225844383,0
155,0,0.012759254314005375,0,0.5599999999999998,2,0.010290748439729214,0,2,0.011288781650364399,0
156,0,0.011118436232209206,0,0.5599999999999998,3,0.01018129475414753,0,3,0.013048929162323475,0
157,0,0.02276267670094967,0,0.5599999999999998,4,0.024340854957699776,0,4,0.02304723486304283,0
158,0,0.02929345890879631,0,0.5599999999999998,4,0.06722061336040497,0,4,0.061563435941934586,0
159,1,0.7853703498840332,1,0.5599999999999998,5,0.8193088173866272,1,5,0.7500410079956055,1
160,0,0.029994254931807518,0,0.5599999999999998,4,0.04632681608200073,0,4,0.050102535635232925,0
161,1,0.37354835867881775,0,0.5599999999999998,4,0.35339316725730896,0,4,0.3390016257762909,0
162,0,0.23341163992881775,0,0.5599999999999998,5,0.16060571372509003,0,5,0.13507619500160217,0
163,0,0.07012961059808731,0,0.5599999999999998,5,0.13162977993488312,0,5,0.11583121865987778,0
164,0,0.17103974521160126,0,0.5599999999999998,5,0.1453676074743271,0,5,0.16315463185310364,0
165,0,0.040586601942777634,0,0.5599999999999998,5,0.022256946191191673,0,5,0.029413919895887375,0
166,0,0.13177832961082458,0,0.5599999999999998,3,0.07180685549974442,0,3,0.06701350212097168,0
167,0,0.49167484045028687,0,0.5599999999999998,2,0.22508732974529266,0,2,0.2481568306684494,0
168,0,0.08505357801914215,0,0.5599999999999998,5,0.07521523535251617,0,5,0.10694153606891632,0
169,0,0.02288701944053173,0,0.5599999999999998,5,0.017811404541134834,0,5,0.019931284710764885,0
170,0,0.07241497188806534,0,0.5599999999999998,2,0.1255456656217575,0,2,0.11212754994630814,0
171,0,0.5908499956130981,1,0.5599999999999998,4,0.3580118417739868,0,4,0.5395499467849731,0
172,0,0.8262944221496582,1,0.5599999999999998,5,0.8442369699478149,1,5,0.8591067790985107,1
173,0,0.7042157649993896,1,0.5599999999999998,2,0.4879720211029053,0,2,0.4587564766407013,0
174,0,0.0081151919439435,0,0.5599999999999998,5,0.00913193915039301,0,5,0.01122046448290348,0
175,0,0.03847602754831314,0,0.5599999999999998,4,0.026556380093097687,0,4,0.025313416495919228,0
176,0,0.026156110689044,0,0.5599999999999998,2,0.013732442632317543,0,2,0.01560934353619814,0
177,0,0.4802200198173523,0,0.5599999999999998,5,0.32247307896614075,0,5,0.3507755696773529,0
178,0,0.023400060832500458,0,0.5599999999999998,3,0.014488647691905499,0,3,0.01815767027437687,0
179,0,0.3828704357147217,0,0.5599999999999998,4,0.3822101652622223,0,4,0.27532759308815,0
180,0,0.20030106604099274,0,0.5599999999999998,2,0.13836121559143066,0,2,0.19156678020954132,0
181,0,0.1599368005990982,0,0.5599999999999998,2,0.12993641197681427,0,2,0.11807984113693237,0
182,0,0.1659424901008606,0,0.5599999999999998,5,0.10303051024675369,0,5,0.08240276575088501,0
183,0,0.01403720397502184,0,0.5599999999999998,5,0.010472752153873444,0,5,0.010827821679413319,0
184,0,0.11661507934331894,0,0.5599999999999998,3,0.08384931087493896,0,3,0.19549188017845154,0
185,1,0.3407772183418274,0,0.5599999999999998,5,0.29129910469055176,0,5,0.2628476023674011,0
186,0,0.12558656930923462,0,0.5599999999999998,5,0.12046654522418976,0,5,0.09843482822179794,0
187,0,0.06796421855688095,0,0.5599999999999998,4,0.1088797003030777,0,4,0.0904664695262909,0
188,0,0.09953682124614716,0,0.5599999999999998,2,0.050712183117866516,0,2,0.05641920492053032,0
189,0,0.4582858085632324,0,0.5599999999999998,3,0.25699901580810547,0,3,0.3068016469478607,0
190,0,0.08933740109205246,0,0.5599999999999998,4,0.16476354002952576,0,4,0.1340443193912506,0
191,1,0.7650581002235413,1,0.5599999999999998,3,0.5963416695594788,1,3,0.8339347243309021,1
192,0,0.06547272205352783,0,0.5599999999999998,4,0.050066668540239334,0,4,0.057424984872341156,0
193,0,0.07369129359722137,0,0.5599999999999998,3,0.08593352138996124,0,3,0.0714290663599968,0
194,0,0.031214173883199692,0,0.5599999999999998,5,0.05875791981816292,0,5,0.04924001172184944,0
195,1,0.055644441395998,0,0.5599999999999998,5,0.09522920101881027,0,5,0.13822689652442932,0
196,0,0.08805724233388901,0,0.5599999999999998,3,0.050304293632507324,0,3,0.04027820751070976,0
197,0,0.07883653044700623,0,0.5599999999999998,5,0.05838403478264809,0,5,0.06019429862499237,0
198,0,0.07111764699220657,0,0.5599999999999998,3,0.10315608233213425,0,3,0.0879010334610939,0
199,0,0.06801310181617737,0,0.5599999999999998,5,0.11178121715784073,0,5,0.11760225147008896,0
200,1,0.2764115631580353,0,0.5599999999999998,3,0.12157338112592697,0,3,0.2696961462497711,0
201,0,0.028180282562971115,0,0.5599999999999998,5,0.03609171137213707,0,5,0.03773926943540573,0
202,1,0.9212587475776672,1,0.5599999999999998,5,0.8982260227203369,1,5,0.8845672607421875,1
203,0,0.1543269157409668,0,0.5599999999999998,3,0.11785724014043808,0,3,0.15924718976020813,0
204,0,0.2153579592704773,0,0.5599999999999998,3,0.15227803587913513,0,3,0.17996348440647125,0
205,0,0.04831971228122711,0,0.5599999999999998,4,0.03859908506274223,0,4,0.027988672256469727,0
206,0,0.14499662816524506,0,0.5599999999999998,2,0.1569170355796814,0,2,0.17242644727230072,0
207,0,0.44222137331962585,0,0.5599999999999998,4,0.48699650168418884,0,4,0.43616238236427307,0
208,0,0.22614875435829163,0,0.5599999999999998,2,0.12639598548412323,0,2,0.19496877491474152,0
209,1,0.8798846006393433,1,0.5599999999999998,3,0.7306424975395203,1,3,0.7420247197151184,1
210,0,0.345375120639801,0,0.5599999999999998,2,0.19845810532569885,0,2,0.29131200909614563,0
211,1,0.9212484359741211,1,0.5599999999999998,5,0.8818970322608948,1,5,0.8660646080970764,1
212,1,0.4247875213623047,0,0.5599999999999998,2,0.46802422404289246,0,2,0.313442200422287,0
213,0,0.1487094908952713,0,0.5599999999999998,2,0.30215030908584595,0,2,0.20504994690418243,0
214,0,0.6345645785331726,1,0.5599999999999998,5,0.4411695599555969,0,5,0.5979909300804138,1
215,1,0.5373101234436035,0,0.5599999999999998,2,0.6333340406417847,1,2,0.632298469543457,1
216,0,0.10460514575242996,0,0.5599999999999998,5,0.04808676242828369,0,5,0.0965961292386055,0
217,0,0.21520014107227325,0,0.5599999999999998,3,0.1499466449022293,0,3,0.14994922280311584,0
218,1,0.8019348978996277,1,0.5599999999999998,5,0.6326617002487183,1,5,0.49630841612815857,0
219,1,0.33532118797302246,0,0.5599999999999998,3,0.2959073483943939,0,3,0.22318945825099945,0
220,1,0.5088387727737427,0,0.5599999999999998,5,0.4507060647010803,0,5,0.5039600133895874,0
221,1,0.6457393765449524,1,0.5599999999999998,3,0.2919619083404541,0,3,0.31848442554473877,0
222,0,0.7072756886482239,1,0.5599999999999998,4,0.5619387626647949,1,4,0.4702679216861725,0
223,0,0.7112187147140503,1,0.5599999999999998,2,0.5845885276794434,1,2,0.6192570924758911,1
224,1,0.875622570514679,1,0.5599999999999998,3,0.5944675803184509,1,3,0.6452836990356445,1
225,0,0.5416081547737122,0,0.5599999999999998,4,0.3589625060558319,0,4,0.26817142963409424,0
226,1,0.7508488893508911,1,0.5599999999999998,2,0.613372802734375,1,2,0.6045888066291809,1
227,0,0.16233690083026886,0,0.5599999999999998,4,0.2325141429901123,0,4,0.1461012065410614,0
228,1,0.157276913523674,0,0.5599999999999998,5,0.1327170431613922,0,5,0.14585761725902557,0
229,0,0.1048140823841095,0,0.5599999999999998,5,0.08749410510063171,0,5,0.11011435091495514,0
230,0,0.13405248522758484,0,0.5599999999999998,2,0.08569483458995819,0,2,0.10722606629133224,0
231,0,0.09471259266138077,0,0.5599999999999998,5,0.15432864427566528,0,5,0.21143445372581482,0
232,0,0.046323467046022415,0,0.5599999999999998,3,0.018970554694533348,0,3,0.020398221909999847,0
233,1,0.7332888841629028,1,0.5599999999999998,5,0.7030279040336609,1,5,0.7293477654457092,1
234,0,0.277203768491745,0,0.5599999999999998,5,0.1640072911977768,0,5,0.21102043986320496,0
235,0,0.15277142822742462,0,0.5599999999999998,5,0.3010445535182953,0,5,0.5837504863739014,1
236,0,0.16833680868148804,0,0.5599999999999998,5,0.1716843843460083,0,5,0.21521833539009094,0
237,0,0.11921323090791702,0,0.5599999999999998,3,0.07132631540298462,0,3,0.10126680135726929,0
238,1,0.2960253655910492,0,0.5599999999999998,5,0.21104805171489716,0,5,0.22837130725383759,0
239,0,0.056306831538677216,0,0.5599999999999998,2,0.03185481205582619,0,2,0.03379131108522415,0
240,0,0.20951992273330688,0,0.5599999999999998,4,0.10734444111585617,0,4,0.13620761036872864,0
241,0,0.04678904637694359,0,0.5599999999999998,2,0.034162815660238266,0,2,0.030338682234287262,0
242,0,0.7471878528594971,1,0.5599999999999998,5,0.5441938638687134,0,5,0.6527841687202454,1
243,0,0.20185011625289917,0,0.5599999999999998,5,0.10322646796703339,0,5,0.12364571541547775,0
244,0,0.2083808183670044,0,0.5599999999999998,3,0.08485592901706696,0,3,0.09429775178432465,0
245,0,0.14582012593746185,0,0.5599999999999998,5,0.09811372309923172,0,5,0.08500514924526215,0
246,0,0.7856025099754333,1,0.5599999999999998,5,0.7154952883720398,1,5,0.7043721079826355,1
247,0,0.26192066073417664,0,0.5599999999999998,5,0.12549984455108643,0,5,0.14472481608390808,0
248,1,0.14249226450920105,0,0.5599999999999998,2,0.0853705108165741,0,2,0.08314931392669678,0
249,0,0.1615714430809021,0,0.5599999999999998,4,0.13782793283462524,0,4,0.19037958979606628,0
250,0,0.02810288593173027,0,0.5599999999999998,5,0.017841802909970284,0,5,0.023651793599128723,0
251,0,0.03741045668721199,0,0.5599999999999998,5,0.07052617520093918,0,5,0.0729062557220459,0
252,0,0.7263379693031311,1,0.5599999999999998,5,0.5753985047340393,1,5,0.6258420348167419,1
253,0,0.15777996182441711,0,0.5599999999999998,3,0.13610020279884338,0,3,0.14776697754859924,0
254,0,0.35559549927711487,0,0.5599999999999998,5,0.25729942321777344,0,5,0.41306009888648987,0
255,0,0.03618324548006058,0,0.5599999999999998,4,0.02455216273665428,0,4,0.02773299440741539,0
256,0,0.7718716859817505,1,0.5599999999999998,5,0.787874162197113,1,5,0.6761230230331421,1
257,0,0.14678031206130981,0,0.5599999999999998,2,0.13614274561405182,0,2,0.12585851550102234,0
258,0,0.04301993548870087,0,0.5599999999999998,3,0.04034651070833206,0,3,0.038389306515455246,0
259,0,0.014741191640496254,0,0.5599999999999998,4,0.015223467722535133,0,4,0.014784088358283043,0
260,0,0.07711967080831528,0,0.5599999999999998,3,0.04997904226183891,0,3,0.043283265084028244,0
261,0,0.20725402235984802,0,0.5599999999999998,2,0.11498504877090454,0,2,0.11965595185756683,0
262,0,0.09533622115850449,0,0.5599999999999998,3,0.053695593029260635,0,3,0.04828301817178726,0
263,0,0.011810487136244774,0,0.5599999999999998,5,0.010375972837209702,0,5,0.01121849101036787,0
264,0,0.3180115818977356,0,0.5599999999999998,5,0.13285690546035767,0,5,0.09111113101243973,0
265,0,0.027226438745856285,0,0.5599999999999998,3,0.027585966512560844,0,3,0.02647695131599903,0
266,0,0.1450914889574051,0,0.5599999999999998,5,0.1607588827610016,0,5,0.13749805092811584,0
267,0,0.014949310570955276,0,0.5599999999999998,4,0.01236138679087162,0,4,0.012750457040965557,0
268,0,0.6727421879768372,1,0.5599999999999998,4,0.46191468834877014,0,4,0.41798242926597595,0
269,1,0.7604175806045532,1,0.5599999999999998,4,0.39237555861473083,0,4,0.4400767683982849,0
270,0,0.0802023783326149,0,0.5599999999999998,3,0.03148234263062477,0,3,0.05564511567354202,0
271,0,0.33425047993659973,0,0.5599999999999998,5,0.21323880553245544,0,5,0.22551608085632324,0
272,1,0.08646255731582642,0,0.5599999999999998,3,0.04347505420446396,0,3,0.05889715626835823,0
273,0,0.1383601278066635,0,0.5599999999999998,2,0.1379755437374115,0,2,0.15154266357421875,0
274,0,0.03788008540868759,0,0.5599999999999998,3,0.03797398880124092,0,3,0.03516457974910736,0
275,0,0.08349496126174927,0,0.5599999999999998,5,0.09714546799659729,0,5,0.10762748122215271,0
276,0,0.06568816304206848,0,0.5599999999999998,4,0.042296331375837326,0,4,0.03970611095428467,0
277,0,0.015157490037381649,0,0.5599999999999998,5,0.017121944576501846,0,5,0.018077442422509193,0
278,0,0.15705686807632446,0,0.5599999999999998,5,0.2228250652551651,0,5,0.30495887994766235,0
279,1,0.014499743469059467,0,0.5599999999999998,5,0.02303631789982319,0,5,0.02312510833144188,0
280,0,0.037577614188194275,0,0.5599999999999998,4,0.04110526666045189,0,4,0.0335516482591629,0
281,0,0.05686940252780914,0,0.5599999999999998,4,0.0414850078523159,0,4,0.0408329963684082,0
282,0,0.07842117547988892,0,0.5599999999999998,5,0.08037413656711578,0,5,0.0733921006321907,0
283,0,0.048231933265924454,0,0.5599999999999998,3,0.06648410111665726,0,3,0.11063312739133835,0
284,0,0.13130789995193481,0,0.5599999999999998,5,0.07707372307777405,0,5,0.10819997638463974,0
285,0,0.09295614063739777,0,0.5599999999999998,2,0.10448144376277924,0,2,0.13596086204051971,0
286,1,0.10481591522693634,0,0.5599999999999998,5,0.05897246673703194,0,5,0.11674363166093826,0
287,0,0.37823522090911865,0,0.5599999999999998,3,0.48246297240257263,0,3,0.45501336455345154,0
288,0,0.6565437316894531,1,0.5599999999999998,4,0.4240909814834595,0,4,0.5289230346679688,0
289,0,0.019539423286914825,0,0.5599999999999998,5,0.01752801612019539,0,5,0.01888762041926384,0
290,0,0.08292809128761292,0,0.5599999999999998,5,0.07601207494735718,0,5,0.08913110941648483,0
291,1,0.8114176988601685,1,0.5599999999999998,2,0.7013857960700989,1,2,0.69499272108078,1
292,0,0.6168630123138428,1,0.5599999999999998,3,0.46469616889953613,0,3,0.46003976464271545,0
293,0,0.341683954000473,0,0.5599999999999998,4,0.2323112040758133,0,4,0.22814317047595978,0
294,0,0.5990211963653564,1,0.5599999999999998,5,0.762683093547821,1,5,0.7360371351242065,1
295,0,0.27209314703941345,0,0.5599999999999998,2,0.19325536489486694,0,2,0.22152626514434814,0
296,0,0.01730349287390709,0,0.5599999999999998,2,0.010318535380065441,0,2,0.010823389515280724,0
297,0,0.4458688497543335,0,0.5599999999999998,4,0.5124444365501404,0,4,0.46141740679740906,0
298,0,0.1944805085659027,0,0.5599999999999998,3,0.1917666494846344,0,3,0.2103794664144516,0
299,0,0.042774785310029984,0,0.5599999999999998,5,0.07350899279117584,0,5,0.06851159036159515,0
300,1,0.37782442569732666,0,0.5599999999999998,3,0.28173452615737915,0,3,0.27728980779647827,0
301,0,0.7080910801887512,1,0.5599999999999998,5,0.5301158428192139,0,5,0.517106294631958,0
302,0,0.08855012059211731,0,0.5599999999999998,4,0.20846998691558838,0,4,0.14871001243591309,0
303,0,0.04532252997159958,0,0.5599999999999998,4,0.026500515639781952,0,4,0.024730416014790535,0
304,0,0.09380035847425461,0,0.5599999999999998,4,0.05352207273244858,0,4,0.05449364706873894,0
305,0,0.04051896184682846,0,0.5599999999999998,5,0.0632358193397522,0,5,0.059139981865882874,0
306,0,0.0632709488272667,0,0.5599999999999998,2,0.054837021976709366,0,2,0.04027089849114418,0
307,1,0.024273116141557693,0,0.5599999999999998,5,0.015782827511429787,0,5,0.01923375576734543,0
308,0,0.08399864286184311,0,0.5599999999999998,5,0.035851363092660904,0,5,0.031127791851758957,0
309,0,0.016133485361933708,0,0.5599999999999998,3,0.010045448318123817,0,3,0.013219487853348255,0
310,0,0.014143594540655613,0,0.5599999999999998,5,0.009763847105205059,0,5,0.009707105346024036,0
311,0,0.015249709598720074,0,0.5599999999999998,5,0.01330198347568512,0,5,0.0098409503698349,0
312,0,0.018939737230539322,0,0.5599999999999998,5,0.0326538123190403,0,5,0.019982261583209038,0
313,0,0.06743976473808289,0,0.5599999999999998,3,0.0241243876516819,0,3,0.0335034504532814,0
314,0,0.16421355307102203,0,0.5599999999999998,2,0.1322624832391739,0,2,0.20885615050792694,0
315,0,0.21180501580238342,0,0.5599999999999998,5,0.24965061247348785,0,5,0.3411720395088196,0
316,0,0.05185278132557869,0,0.5599999999999998,5,0.051303960382938385,0,5,0.07149770855903625,0
317,0,0.055093009024858475,0,0.5599999999999998,2,0.03428465500473976,0,2,0.03683631122112274,0
318,1,0.0437433086335659,0,0.5599999999999998,5,0.02992156520485878,0,5,0.034274276345968246,0
319,0,0.034571271389722824,0,0.5599999999999998,2,0.031780313700437546,0,2,0.02299358695745468,0
320,0,0.2961373031139374,0,0.5599999999999998,5,0.25359290838241577,0,5,0.19310496747493744,0
321,1,0.02909104712307453,0,0.5599999999999998,5,0.035128913819789886,0,5,0.030195515602827072,0
322,1,0.14562678337097168,0,0.5599999999999998,5,0.06703449785709381,0,5,0.0910872295498848,0
323,0,0.03283676505088806,0,0.5599999999999998,4,0.014888344332575798,0,4,0.015965113416314125,0
324,0,0.06287070363759995,0,0.5599999999999998,1,0.07143423706293106,0,1,0.060610417276620865,0
325,0,0.061919014900922775,0,0.5599999999999998,5,0.11669228971004486,0,5,0.06654112040996552,0
326,0,0.1424696296453476,0,0.5599999999999998,3,0.10724843293428421,0,3,0.10448136180639267,0
327,0,0.03615672513842583,0,0.5599999999999998,5,0.032325711101293564,0,5,0.030083851888775826,0
328,0,0.039321187883615494,0,0.5599999999999998,2,0.042972370982170105,0,2,0.053559597581624985,0
329,0,0.040213439613580704,0,0.5599999999999998,4,0.02700679562985897,0,4,0.034269336611032486,0
330,1,0.12123721092939377,0,0.5599999999999998,5,0.25313207507133484,0,5,0.16459611058235168,0
331,0,0.26431432366371155,0,0.5599999999999998,3,0.30490851402282715,0,3,0.40836024284362793,0
332,0,0.16915757954120636,0,0.5599999999999998,3,0.20433355867862701,0,3,0.10120777785778046,0
333,0,0.06890618056058884,0,0.5599999999999998,4,0.020779598504304886,0,4,0.024544255807995796,0
334,0,0.22945091128349304,0,0.5599999999999998,5,0.35962602496147156,0,5,0.3228919804096222,0
335,0,0.18390151858329773,0,0.5599999999999998,2,0.10300125181674957,0,2,0.17198576033115387,0
336,0,0.5512987375259399,0,0.5599999999999998,3,0.5228307247161865,0,3,0.541283905506134,0
337,0,0.46165579557418823,0,0.5599999999999998,2,0.3753027319908142,0,2,0.3213648796081543,0
338,1,0.16392271220684052,0,0.5599999999999998,4,0.26175281405448914,0,4,0.17418451607227325,0
339,0,0.0930517241358757,0,0.5599999999999998,5,0.17674948275089264,0,5,0.14258389174938202,0
340,0,0.08675462007522583,0,0.5599999999999998,5,0.08889707922935486,0,5,0.05945794656872749,0
341,0,0.11419463157653809,0,0.5599999999999998,4,0.02984912507236004,0,4,0.05240859091281891,0
342,0,0.03163493424654007,0,0.5599999999999998,5,0.028548117727041245,0,5,0.028263531625270844,0
343,0,0.03274603188037872,0,0.5599999999999998,5,0.0397191047668457,0,5,0.04239187389612198,0
344,0,0.12066222727298737,0,0.5599999999999998,5,0.13990609347820282,0,5,0.12923112511634827,0
345,1,0.21844205260276794,0,0.5599999999999998,5,0.3564891517162323,0,5,0.2117549479007721,0
346,0,0.046995680779218674,0,0.5599999999999998,2,0.04709130898118019,0,2,0.03482490032911301,0
347,0,0.08253592252731323,0,0.5599999999999998,4,0.044389136135578156,0,4,0.05678801238536835,0
348,0,0.03214240074157715,0,0.5599999999999998,2,0.018292009830474854,0,2,0.021011274307966232,0
349,0,0.029041161760687828,0,0.5599999999999998,4,0.032461825758218765,0,4,0.030276644974946976,0
350,0,0.04521724954247475,0,0.5599999999999998,5,0.025061117485165596,0,5,0.029038652777671814,0
351,0,0.30004963278770447,0,0.5599999999999998,5,0.33947134017944336,0,5,0.32033637166023254,0
352,0,0.06141900643706322,0,0.5599999999999998,3,0.02985357865691185,0,3,0.03042558766901493,0
353,0,0.09338047355413437,0,0.5599999999999998,2,0.05088396742939949,0,2,0.05987050011754036,0
354,0,0.13648875057697296,0,0.5599999999999998,5,0.13112492859363556,0,5,0.1779775619506836,0
355,0,0.04268646612763405,0,0.5599999999999998,5,0.027084652334451675,0,5,0.026015283539891243,0
356,0,0.032924674451351166,0,0.5599999999999998,4,0.029583098366856575,0,4,0.04522303491830826,0
357,0,0.5521827340126038,0,0.5599999999999998,2,0.2914765775203705,0,2,0.39134112000465393,0
358,0,0.016617177054286003,0,0.5599999999999998,5,0.02922794409096241,0,5,0.025456516072154045,0
359,0,0.08370554447174072,0,0.5599999999999998,3,0.05373261496424675,0,3,0.08055205643177032,0
360,0,0.02801492251455784,0,0.5599999999999998,5,0.022511355578899384,0,5,0.021325061097741127,0
361,0,0.026648078113794327,0,0.5599999999999998,5,0.007730850949883461,0,5,0.008260590024292469,0
362,0,0.23858919739723206,0,0.5599999999999998,5,0.0633028969168663,0,5,0.09938804805278778,0
363,0,0.02899503894150257,0,0.5599999999999998,5,0.01927925832569599,0,5,0.018221428617835045,0
364,1,0.6920746564865112,1,0.5599999999999998,5,0.4266780912876129,0,5,0.483433336019516,0
365,0,0.036135826259851456,0,0.5599999999999998,2,0.0166771337389946,0,2,0.018492909148335457,0
366,1,0.3163644075393677,0,0.5599999999999998,5,0.26781758666038513,0,5,0.2747165560722351,0
367,0,0.1178746372461319,0,0.5599999999999998,3,0.06445332616567612,0,3,0.048341698944568634,0
368,0,0.6195728182792664,1,0.5599999999999998,5,0.3258900046348572,0,5,0.2572946548461914,0
369,0,0.6881512403488159,1,0.5599999999999998,3,0.6265993118286133,1,3,0.6550732851028442,1
370,0,0.019937535747885704,0,0.5599999999999998,2,0.021883634850382805,0,2,0.026838794350624084,0
371,0,0.1814018189907074,0,0.5599999999999998,4,0.11530192196369171,0,4,0.14524714648723602,0
372,0,0.018504198640584946,0,0.5599999999999998,5,0.011228264309465885,0,5,0.011026043444871902,0
373,0,0.01594860479235649,0,0.5599999999999998,2,0.012241379357874393,0,2,0.012522170320153236,0
374,1,0.6973281502723694,1,0.5599999999999998,2,0.6802632212638855,1,2,0.6666985154151917,1
375,0,0.025370007380843163,0,0.5599999999999998,3,0.06135489419102669,0,3,0.05164429545402527,0
376,0,0.7623109221458435,1,0.5599999999999998,5,0.6827343106269836,1,5,0.617371141910553,1
377,0,0.3413233458995819,0,0.5599999999999998,3,0.18474110960960388,0,3,0.14937147498130798,0
378,1,0.3914547860622406,0,0.5599999999999998,3,0.3188169300556183,0,3,0.3452998101711273,0
379,0,0.026440763846039772,0,0.5599999999999998,2,0.019918736070394516,0,2,0.03823303058743477,0
380,0,0.06329810619354248,0,0.5599999999999998,5,0.054315242916345596,0,5,0.05476100370287895,0
381,1,0.49408549070358276,0,0.5599999999999998,4,0.4979443848133087,0,4,0.5505267381668091,0
382,0,0.08040549606084824,0,0.5599999999999998,4,0.12635810673236847,0,4,0.08900435268878937,0
383,0,0.024728525429964066,0,0.5599999999999998,5,0.021099358797073364,0,5,0.019082991406321526,0
384,0,0.1845819652080536,0,0.5599999999999998,2,0.21628911793231964,0,2,0.22494664788246155,0
385,0,0.04833173006772995,0,0.5599999999999998,5,0.04105274751782417,0,5,0.06204451620578766,0
386,0,0.014240332879126072,0,0.5599999999999998,2,0.011452913284301758,0,2,0.009579464793205261,0
387,0,0.26095324754714966,0,0.5599999999999998,4,0.1741979867219925,0,4,0.14379070699214935,0
388,0,0.17350348830223083,0,0.5599999999999998,4,0.11952698230743408,0,4,0.10156627744436264,0
389,0,0.11670801788568497,0,0.5599999999999998,4,0.07008307427167892,0,4,0.07295796275138855,0
390,0,0.0667610615491867,0,0.5599999999999998,5,0.025309842079877853,0,5,0.038942042738199234,0
391,0,0.03604836016893387,0,0.5599999999999998,3,0.030059345066547394,0,3,0.028039339929819107,0
392,0,0.5975952744483948,1,0.5599999999999998,5,0.5929023623466492,1,5,0.5725513100624084,1
393,0,0.046420950442552567,0,0.5599999999999998,5,0.036791909486055374,0,5,0.05722644180059433,0
394,1,0.759556233882904,1,0.5599999999999998,5,0.7080880403518677,1,5,0.7422061562538147,1
395,0,0.062390636652708054,0,0.5599999999999998,5,0.08399182558059692,0,5,0.06491109728813171,0
396,0,0.20125627517700195,0,0.5599999999999998,5,0.2512803375720978,0,5,0.24895064532756805,0
397,0,0.07738949358463287,0,0.5599999999999998,5,0.06924651563167572,0,5,0.05624669790267944,0
398,0,0.14559681713581085,0,0.5599999999999998,5,0.14255572855472565,0,5,0.14622759819030762,0
399,0,0.03593963012099266,0,0.5599999999999998,5,0.030399097129702568,0,5,0.036174625158309937,0
400,0,0.34933197498321533,0,0.5599999999999998,4,0.2524009644985199,0,4,0.2572830617427826,0
401,0,0.046354129910469055,0,0.5599999999999998,2,0.041131969541311264,0,2,0.05498039722442627,0
402,0,0.028742939233779907,0,0.5599999999999998,3,0.016117265447974205,0,3,0.017950089648365974,0
403,0,0.059587039053440094,0,0.5599999999999998,5,0.04074501246213913,0,5,0.05164710059762001,0
404,0,0.09365607798099518,0,0.5599999999999998,5,0.2523455023765564,0,5,0.19625596702098846,0
405,0,0.17638114094734192,0,0.5599999999999998,2,0.07910268008708954,0,2,0.1203121542930603,0
406,0,0.21775443851947784,0,0.5599999999999998,3,0.08369451761245728,0,3,0.12882022559642792,0
407,0,0.08012982457876205,0,0.5599999999999998,3,0.037803009152412415,0,3,0.0520768016576767,0
408,0,0.07136114686727524,0,0.5599999999999998,3,0.02330991066992283,0,3,0.03350093215703964,0
409,0,0.12599904835224152,0,0.5599999999999998,4,0.04350742697715759,0,4,0.0457882396876812,0
410,0,0.11361103504896164,0,0.5599999999999998,5,0.3866276741027832,0,5,0.2291206419467926,0
411,1,0.057831455022096634,0,0.5599999999999998,3,0.04073638468980789,0,3,0.054949965327978134,0
412,0,0.09632228314876556,0,0.5599999999999998,3,0.06782935559749603,0,3,0.10430390387773514,0
413,0,0.03554032742977142,0,0.5599999999999998,5,0.031086353585124016,0,5,0.05019326135516167,0
414,0,0.005809504073113203,0,0.5599999999999998,2,0.006285832263529301,0,2,0.006273751147091389,0
415,0,0.025455161929130554,0,0.5599999999999998,3,0.012708796188235283,0,3,0.014683469198644161,0
416,0,0.017625223845243454,0,0.5599999999999998,4,0.02016408182680607,0,4,0.020684903487563133,0
417,0,0.005902859382331371,0,0.5599999999999998,5,0.005890962667763233,0,5,0.0060389693826437,0
418,0,0.01456126943230629,0,0.5599999999999998,2,0.008561859838664532,0,2,0.01044731866568327,0
419,0,0.02629460208117962,0,0.5599999999999998,5,0.026177160441875458,0,5,0.03543964400887489,0
420,0,0.023837029933929443,0,0.5599999999999998,3,0.022309549152851105,0,3,0.024215925484895706,0
421,0,0.010846253484487534,0,0.5599999999999998,4,0.008296187035739422,0,4,0.005931049585342407,0
422,0,0.009221426211297512,0,0.5599999999999998,2,0.006138894706964493,0,2,0.006539676804095507,0
423,0,0.019532522186636925,0,0.5599999999999998,5,0.014049683697521687,0,5,0.013397720642387867,0
424,0,0.013716969639062881,0,0.5599999999999998,5,0.009978316724300385,0,5,0.011143304407596588,0
425,0,0.010798717848956585,0,0.5599999999999998,3,0.018832659348845482,0,3,0.024777308106422424,0
426,0,0.008004751056432724,0,0.5599999999999998,3,0.005348027218133211,0,3,0.005785463377833366,0
427,0,0.09665856510400772,0,0.5599999999999998,4,0.05467803031206131,0,4,0.06768037378787994,0
428,0,0.018820717930793762,0,0.5599999999999998,5,0.010734489187598228,0,5,0.012434057891368866,0
429,0,0.007423519156873226,0,0.5599999999999998,5,0.007193855941295624,0,5,0.007755749858915806,0
430,0,0.00512475473806262,0,0.5599999999999998,4,0.004347347188740969,0,4,0.004780856892466545,0
431,0,0.06580344587564468,0,0.5599999999999998,3,0.05171750485897064,0,3,0.06038535013794899,0
432,0,0.1083645448088646,0,0.5599999999999998,4,0.056323569267988205,0,4,0.08884502947330475,0
433,0,0.04278596490621567,0,0.5599999999999998,5,0.05969724431633949,0,5,0.060966335237026215,0
434,0,0.07977403700351715,0,0.5599999999999998,2,0.07041309028863907,0,2,0.06815819442272186,0
435,0,0.05036162585020065,0,0.5599999999999998,3,0.04125341400504112,0,3,0.04323200508952141,0
436,0,0.01730697974562645,0,0.5599999999999998,5,0.008312436752021313,0,5,0.008975404314696789,0
437,0,0.020768461748957634,0,0.5599999999999998,5,0.012192501686513424,0,5,0.012182949110865593,0
438,0,0.33924973011016846,0,0.5599999999999998,2,0.21116329729557037,0,2,0.2115369588136673,0
439,0,0.11716700345277786,0,0.5599999999999998,5,0.054222457110881805,0,5,0.07647426426410675,0
440,0,0.1370937079191208,0,0.5599999999999998,3,0.1382005363702774,0,3,0.16098831593990326,0
441,0,0.023103665560483932,0,0.5599999999999998,2,0.013876784592866898,0,2,0.01845533214509487,0
442,0,0.31845787167549133,0,0.5599999999999998,4,0.20468878746032715,0,4,0.21178987622261047,0
443,0,0.3045128285884857,0,0.5599999999999998,5,0.12229084223508835,0,5,0.10566376894712448,0
444,1,0.8185874819755554,1,0.5599999999999998,4,0.6870988607406616,1,4,0.7011203765869141,1
445,0,0.1210867315530777,0,0.5599999999999998,3,0.1197732537984848,0,3,0.07983846217393875,0
446,0,0.013318974524736404,0,0.5599999999999998,5,0.011857756413519382,0,5,0.018376892432570457,0
447,0,0.37216025590896606,0,0.5599999999999998,2,0.13511960208415985,0,2,0.351519376039505,0
448,0,0.7229753732681274,1,0.5599999999999998,3,0.7068007588386536,1,3,0.7181041240692139,1
449,0,0.1641893833875656,0,0.5599999999999998,4,0.12234221398830414,0,4,0.18127946555614471,0
450,0,0.13106636703014374,0,0.5599999999999998,3,0.07161911576986313,0,3,0.07617080956697464,0
451,0,0.008377489633858204,0,0.5599999999999998,5,0.01278699655085802,0,5,0.012813877314329147,0
452,1,0.2556667923927307,0,0.5599999999999998,2,0.137350931763649,0,2,0.17693385481834412,0
453,0,0.9186733961105347,1,0.5599999999999998,5,0.8370516896247864,1,5,0.8051947355270386,1
454,0,0.08344513177871704,0,0.5599999999999998,5,0.22903424501419067,0,5,0.18544268608093262,0
455,0,0.14606873691082,0,0.5599999999999998,3,0.22492720186710358,0,3,0.1651880294084549,0
456,0,0.9030979871749878,1,0.5599999999999998,4,0.8746196031570435,1,4,0.7965795993804932,1
457,0,0.12862829864025116,0,0.5599999999999998,4,0.10441069304943085,0,4,0.0816945880651474,0
458,0,0.3983461260795593,0,0.5599999999999998,2,0.6786486506462097,1,2,0.38605672121047974,0
459,0,0.012857542373239994,0,0.5599999999999998,5,0.013232923112809658,0,5,0.012719678692519665,0
460,0,0.036653224378824234,0,0.5599999999999998,2,0.030110355466604233,0,2,0.02866831235587597,0
461,0,0.10982232540845871,0,0.5599999999999998,5,0.2617220878601074,0,5,0.3027898967266083,0
462,0,0.08806589245796204,0,0.5599999999999998,5,0.09756824374198914,0,5,0.14107878506183624,0
463,0,0.03462386876344681,0,0.5599999999999998,3,0.038629669696092606,0,3,0.026769369840621948,0
464,0,0.262780100107193,0,0.5599999999999998,2,0.21414469182491302,0,2,0.240113765001297,0
465,0,0.2941678762435913,0,0.5599999999999998,5,0.16107124090194702,0,5,0.16453053057193756,0
466,0,0.3710170090198517,0,0.5599999999999998,5,0.3199772834777832,0,5,0.35576075315475464,0
467,1,0.043757449835538864,0,0.5599999999999998,3,0.045831553637981415,0,3,0.052944116294384,0
468,0,0.06985383480787277,0,0.5599999999999998,3,0.06596986204385757,0,3,0.05600981414318085,0
469,0,0.049869418144226074,0,0.5599999999999998,5,0.03700496256351471,0,5,0.049174271523952484,0
470,0,0.05807799473404884,0,0.5599999999999998,5,0.07399932295084,0,5,0.07214335352182388,0
471,0,0.02536151558160782,0,0.5599999999999998,2,0.03140246868133545,0,2,0.04334869235754013,0
472,0,0.029775207862257957,0,0.5599999999999998,4,0.018173111602663994,0,4,0.022842977195978165,0
473,0,0.10801328718662262,0,0.5599999999999998,4,0.028641073033213615,0,4,0.03078114613890648,0
474,0,0.06905621290206909,0,0.5599999999999998,4,0.028905432671308517,0,4,0.03511572256684303,0
475,0,0.06642341613769531,0,0.5599999999999998,2,0.03982894495129585,0,2,0.04521971195936203,0
476,0,0.023582400754094124,0,0.5599999999999998,5,0.022032417356967926,0,5,0.024017931893467903,0
477,0,0.03261169418692589,0,0.5599999999999998,3,0.023435315117239952,0,3,0.026387866586446762,0
478,0,0.12427287548780441,0,0.5599999999999998,4,0.23189221322536469,0,4,0.21613095700740814,0
479,0,0.2366843968629837,0,0.5599999999999998,2,0.2071559876203537,0,2,0.22424042224884033,0
480,0,0.031318165361881256,0,0.5599999999999998,4,0.020416729152202606,0,4,0.01897844485938549,0
481,0,0.057863302528858185,0,0.5599999999999998,4,0.03295830637216568,0,4,0.03902691602706909,0
482,1,0.7203681468963623,1,0.5599999999999998,3,0.6643127799034119,1,3,0.5893630385398865,1
483,0,0.718774676322937,1,0.5599999999999998,5,0.5272729992866516,0,5,0.39321690797805786,0
484,0,0.8114220499992371,1,0.5599999999999998,2,0.65267413854599,1,2,0.7457981109619141,1
485,0,0.044800132513046265,0,0.5599999999999998,5,0.03564916178584099,0,5,0.049270134419202805,0
486,0,0.39112257957458496,0,0.5599999999999998,4,0.47058188915252686,0,4,0.44807368516921997,0
487,1,0.8528648614883423,1,0.5599999999999998,5,0.8074619770050049,1,5,0.7976745367050171,1
488,1,0.9503782987594604,1,0.5599999999999998,4,0.9232072234153748,1,4,0.8936743140220642,1
489,0,0.0724492222070694,0,0.5599999999999998,2,0.032166410237550735,0,2,0.0183207206428051,0
490,0,0.5174825191497803,0,0.5599999999999998,5,0.39828309416770935,0,5,0.5628026127815247,1
491,0,0.04208977520465851,0,0.5599999999999998,4,0.041941672563552856,0,4,0.063618004322052,0
492,0,0.10026227682828903,0,0.5599999999999998,2,0.0631827637553215,0,2,0.06461870670318604,0
493,0,0.048690930008888245,0,0.5599999999999998,5,0.0361156240105629,0,5,0.04980264976620674,0
494,0,0.09018601477146149,0,0.5599999999999998,3,0.04983898997306824,0,3,0.04473591595888138,0
495,0,0.024691183120012283,0,0.5599999999999998,3,0.03313892334699631,0,3,0.04276726767420769,0
496,0,0.06533680856227875,0,0.5599999999999998,5,0.05685844272375107,0,5,0.04979380592703819,0
497,0,0.07700110226869583,0,0.5599999999999998,3,0.0878828838467598,0,3,0.09945020079612732,0
498,0,0.1421094536781311,0,0.5599999999999998,5,0.15937677025794983,0,5,0.15336725115776062,0
499,0,0.21307247877120972,0,0.5599999999999998,2,0.2904531955718994,0,2,0.2892228662967682,0
500,1,0.2789314091205597,0,0.5599999999999998,4,0.32938459515571594,0,4,0.26113104820251465,0
501,1,0.8952549695968628,1,0.5599999999999998,5,0.841361939907074,1,5,0.7316555976867676,1
502,1,0.7258409857749939,1,0.5599999999999998,3,0.7638048529624939,1,3,0.7573710083961487,1
503,0,0.011606038548052311,0,0.5599999999999998,4,0.023969464004039764,0,4,0.022474316880106926,0
504,0,0.0529782697558403,0,0.5599999999999998,5,0.02884433977305889,0,5,0.02288944087922573,0
505,0,0.4979342222213745,0,0.5599999999999998,5,0.2678011655807495,0,5,0.3292406499385834,0
506,0,0.10116712749004364,0,0.5599999999999998,2,0.18293705582618713,0,2,0.19054144620895386,0
507,0,0.07368992269039154,0,0.5599999999999998,3,0.06772217899560928,0,3,0.045797791332006454,0
508,1,0.23684127628803253,0,0.5599999999999998,5,0.2241082340478897,0,5,0.23777595162391663,0
509,0,0.7935057282447815,1,0.5599999999999998,5,0.6497551798820496,1,5,0.47057414054870605,0
510,0,0.04363924264907837,0,0.5599999999999998,4,0.02910030074417591,0,4,0.02975369058549404,0
511,1,0.8548651337623596,1,0.5599999999999998,5,0.816373884677887,1,5,0.7950066328048706,1
512,1,0.5666711926460266,1,0.5599999999999998,2,0.6463093757629395,1,2,0.603140115737915,1
513,0,0.0227347481995821,0,0.5599999999999998,5,0.01889718696475029,0,5,0.02307266928255558,0
514,0,0.03483414277434349,0,0.5599999999999998,3,0.02765689231455326,0,3,0.022759441286325455,0
515,0,0.2937289774417877,0,0.5599999999999998,2,0.16079241037368774,0,2,0.21613337099552155,0
516,0,0.09966418892145157,0,0.5599999999999998,3,0.036617930978536606,0,3,0.04382505267858505,0
517,0,0.1276073306798935,0,0.5599999999999998,5,0.100035659968853,0,5,0.15169358253479004,0
518,0,0.18828347325325012,0,0.5599999999999998,3,0.14587952196598053,0,3,0.1324816793203354,0
519,0,0.12839604914188385,0,0.5599999999999998,5,0.1906660795211792,0,5,0.1473262757062912,0
520,0,0.07890023291110992,0,0.5599999999999998,4,0.07198670506477356,0,4,0.08020313829183578,0
521,0,0.10040924698114395,0,0.5599999999999998,4,0.11950422823429108,0,4,0.13562865555286407,0
522,0,0.11486392468214035,0,0.5599999999999998,5,0.057039037346839905,0,5,0.044580571353435516,0
523,1,0.8233543038368225,1,0.5599999999999998,4,0.7540867328643799,1,4,0.6411314606666565,1
524,0,0.0961182489991188,0,0.5599999999999998,5,0.13999901711940765,0,5,0.19626770913600922,0
525,0,0.4458453953266144,0,0.5599999999999998,5,0.4164358973503113,0,5,0.35713669657707214,0
526,0,0.06320351362228394,0,0.5599999999999998,4,0.023875314742326736,0,4,0.03339086100459099,0
527,0,0.029448892921209335,0,0.5599999999999998,5,0.02857843041419983,0,5,0.037111762911081314,0
528,0,0.3448311388492584,0,0.5599999999999998,2,0.17101404070854187,0,2,0.2202787548303604,0
529,0,0.46285733580589294,0,0.5599999999999998,3,0.26103639602661133,0,3,0.16463986039161682,0
530,0,0.17334096133708954,0,0.5599999999999998,5,0.16245359182357788,0,5,0.18942706286907196,0
531,1,0.16112373769283295,0,0.5599999999999998,3,0.13944898545742035,0,3,0.1612759530544281,0
532,1,0.9300569891929626,1,0.5599999999999998,5,0.9103306531906128,1,5,0.9107425212860107,1
533,0,0.031780585646629333,0,0.5599999999999998,4,0.02235588990151882,0,4,0.020878301933407784,0
534,0,0.0307479090988636,0,0.5599999999999998,5,0.03353473171591759,0,5,0.02311931736767292,0
535,0,0.02426820807158947,0,0.5599999999999998,2,0.020014489069581032,0,2,0.025916367769241333,0
536,0,0.0640263706445694,0,0.5599999999999998,5,0.10521875321865082,0,5,0.08960708230733871,0
537,1,0.6147074699401855,1,0.5599999999999998,3,0.5451285243034363,0,3,0.44788432121276855,0
538,0,0.04374014586210251,0,0.5599999999999998,5,0.034623801708221436,0,5,0.024858715012669563,0
539,0,0.01947007142007351,0,0.5599999999999998,5,0.01479560136795044,0,5,0.01585177145898342,0
540,0,0.02127854712307453,0,0.5599999999999998,5,0.009349016472697258,0,5,0.009048309177160263,0
541,0,0.0450921468436718,0,0.5599999999999998,2,0.04829960688948631,0,2,0.058137327432632446,0
542,0,0.16330109536647797,0,0.5599999999999998,3,0.05282299220561981,0,3,0.0812695249915123,0
543,0,0.010923187248408794,0,0.5599999999999998,2,0.009391344152390957,0,2,0.00868215598165989,0
544,0,0.10686878859996796,0,0.5599999999999998,3,0.10273781418800354,0,3,0.08068880438804626,0
545,0,0.048472728580236435,0,0.5599999999999998,4,0.03212747350335121,0,4,0.038863178342580795,0
546,0,0.06331605464220047,0,0.5599999999999998,3,0.041507456451654434,0,3,0.05648958683013916,0
547,0,0.08922524750232697,0,0.5599999999999998,3,0.054542042315006256,0,3,0.07808606326580048,0
548,0,0.02663077414035797,0,0.5599999999999998,5,0.033491794019937515,0,5,0.027111699804663658,0
549,0,0.6659660339355469,1,0.5599999999999998,5,0.5502811670303345,0,5,0.4678279459476471,0
550,0,0.032391659915447235,0,0.5599999999999998,3,0.026695668697357178,0,3,0.028959214687347412,0
551,0,0.36908018589019775,0,0.5599999999999998,4,0.2740125358104706,0,4,0.18024393916130066,0
552,0,0.05904455482959747,0,0.5599999999999998,3,0.039196524769067764,0,3,0.04684916138648987,0
553,0,0.2065119743347168,0,0.5599999999999998,5,0.06392500549554825,0,5,0.09095737338066101,0
554,0,0.18026414513587952,0,0.5599999999999998,2,0.25171682238578796,0,2,0.12247294187545776,0
555,0,0.021445656195282936,0,0.5599999999999998,4,0.017192155122756958,0,4,0.01911989599466324,0
556,1,0.0602106899023056,0,0.5599999999999998,4,0.04281981289386749,0,4,0.03917882218956947,0
557,0,0.03845851123332977,0,0.5599999999999998,4,0.06944365799427032,0,4,0.10101340711116791,0
558,1,0.4831688702106476,0,0.5599999999999998,3,0.43027159571647644,0,3,0.3937316834926605,0
559,0,0.01932072639465332,0,0.5599999999999998,2,0.014175464399158955,0,2,0.015317707322537899,0
560,0,0.09118387848138809,0,0.5599999999999998,4,0.13731516897678375,0,4,0.10768959671258926,0
561,0,0.27258312702178955,0,0.5599999999999998,2,0.15388625860214233,0,2,0.1520494669675827,0
562,1,0.4745473563671112,0,0.5599999999999998,2,0.2060457468032837,0,2,0.28205230832099915,0
563,0,0.251883864402771,0,0.5599999999999998,4,0.32649722695350647,0,4,0.32482966780662537,0
564,0,0.1884019374847412,0,0.5599999999999998,5,0.17995525896549225,0,5,0.3007829785346985,0
565,0,0.0928567424416542,0,0.5599999999999998,4,0.060528967529535294,0,4,0.0873878002166748,0
566,0,0.0731208547949791,0,0.5599999999999998,2,0.08407765626907349,0,2,0.08263622969388962,0
567,0,0.1462542563676834,0,0.5599999999999998,5,0.1789158582687378,0,5,0.24779701232910156,0
568,0,0.015666883438825607,0,0.5599999999999998,4,0.016561880707740784,0,4,0.019591771066188812,0
569,0,0.023598168045282364,0,0.5599999999999998,3,0.015736253932118416,0,3,0.011530730873346329,0
570,0,0.04268835484981537,0,0.5599999999999998,5,0.044648852199316025,0,5,0.04002227261662483,0
571,0,0.05258483067154884,0,0.5599999999999998,2,0.031619731336832047,0,2,0.04160596802830696,0
572,0,0.04404861107468605,0,0.5599999999999998,2,0.05817924812436104,0,2,0.07170423865318298,0
573,0,0.12000320106744766,0,0.5599999999999998,5,0.06891041249036789,0,5,0.06827306747436523,0
574,0,0.12780292332172394,0,0.5599999999999998,5,0.08737709373235703,0,5,0.1672682762145996,0
575,0,0.18811486661434174,0,0.5599999999999998,5,0.13973578810691833,0,5,0.16346144676208496,0
576,0,0.037671636790037155,0,0.5599999999999998,3,0.02292078733444214,0,3,0.01695350930094719,0
577,0,0.03057963028550148,0,0.5599999999999998,4,0.027364028617739677,0,4,0.03005281090736389,0
578,0,0.25452178716659546,0,0.5599999999999998,5,0.11429399996995926,0,5,0.11047366261482239,0
579,0,0.03520195186138153,0,0.5599999999999998,3,0.02928510122001171,0,3,0.024118781089782715,0
580,0,0.03700503706932068,0,0.5599999999999998,4,0.02802680991590023,0,4,0.03664807975292206,0
581,0,0.024248503148555756,0,0.5599999999999998,4,0.022916873916983604,0,4,0.026753855869174004,0
582,0,0.04144586622714996,0,0.5599999999999998,5,0.047628819942474365,0,5,0.07316900789737701,0
583,0,0.13139460980892181,0,0.5599999999999998,4,0.12173976749181747,0,4,0.14737436175346375,0
584,0,0.05689435079693794,0,0.5599999999999998,4,0.06130785867571831,0,4,0.04026132822036743,0
585,0,0.03506654128432274,0,0.5599999999999998,4,0.029926132410764694,0,4,0.029568739235401154,0
586,0,0.032872844487428665,0,0.5599999999999998,5,0.020030656829476357,0,5,0.024833660572767258,0
587,0,0.1051107719540596,0,0.5599999999999998,4,0.09716098010540009,0,4,0.06455354392528534,0
588,0,0.24865655601024628,0,0.5599999999999998,2,0.21311601996421814,0,2,0.2760924696922302,0
589,0,0.3978421986103058,0,0.5599999999999998,5,0.25410333275794983,0,5,0.18035972118377686,0
590,1,0.11998862028121948,0,0.5599999999999998,5,0.22280490398406982,0,5,0.1814446747303009,0
591,0,0.02224837616086006,0,0.5599999999999998,4,0.0190611332654953,0,4,0.02277733013033867,0
592,1,0.052550919353961945,0,0.5599999999999998,5,0.028354600071907043,0,5,0.031084908172488213,0
593,0,0.057453203946352005,0,0.5599999999999998,4,0.06660694628953934,0,4,0.04308001324534416,0
594,0,0.13421054184436798,0,0.5599999999999998,5,0.1601303517818451,0,5,0.1888822466135025,0
595,0,0.1339762806892395,0,0.5599999999999998,5,0.16599132120609283,0,5,0.1903086155653,0
596,1,0.0478428490459919,0,0.5599999999999998,5,0.026603886857628822,0,5,0.025057300925254822,0
597,0,0.3815915882587433,0,0.5599999999999998,5,0.2253589630126953,0,5,0.2071978747844696,0
598,0,0.2314591109752655,0,0.5599999999999998,5,0.08930236846208572,0,5,0.08443010598421097,0
599,0,0.12674446403980255,0,0.5599999999999998,2,0.05912505462765694,0,2,0.06969165802001953,0
600,0,0.0343465581536293,0,0.5599999999999998,5,0.03275682404637337,0,5,0.028643585741519928,0
601,0,0.13091903924942017,0,0.5599999999999998,3,0.08176465332508087,0,3,0.08534407615661621,0
602,0,0.2680787444114685,0,0.5599999999999998,5,0.19573974609375,0,5,0.16285888850688934,0
603,0,0.012252996675670147,0,0.5599999999999998,3,0.011913911439478397,0,3,0.011352602392435074,0
604,0,0.042776014655828476,0,0.5599999999999998,5,0.031896430999040604,0,5,0.03663389012217522,0
605,0,0.4889678955078125,0,0.5599999999999998,5,0.20000402629375458,0,5,0.26358041167259216,0
606,0,0.030040757730603218,0,0.5599999999999998,2,0.02185911126434803,0,2,0.018219560384750366,0
607,0,0.30436649918556213,0,0.5599999999999998,5,0.3279142677783966,0,5,0.4822942614555359,0
608,0,0.6259534955024719,1,0.5599999999999998,5,0.4621221721172333,0,5,0.39301544427871704,0
609,0,0.03313404694199562,0,0.5599999999999998,5,0.03480624780058861,0,5,0.0332227498292923,0
610,0,0.012250855565071106,0,0.5599999999999998,3,0.00860931072384119,0,3,0.011352848261594772,0
611,0,0.09940212965011597,0,0.5599999999999998,4,0.11014463007450104,0,4,0.0968712791800499,0
612,0,0.07437741756439209,0,0.5599999999999998,2,0.05843571200966835,0,2,0.04996178299188614,0
613,0,0.07315784692764282,0,0.5599999999999998,3,0.07833689451217651,0,3,0.08377143740653992,0
614,0,0.12863440811634064,0,0.5599999999999998,2,0.1066177636384964,0,2,0.08291779458522797,0
615,0,0.018666788935661316,0,0.5599999999999998,4,0.010946265421807766,0,4,0.011128832586109638,0
616,1,0.754071056842804,1,0.5599999999999998,5,0.6721624732017517,1,5,0.7138439416885376,1
617,1,0.2996958792209625,0,0.5599999999999998,5,0.49925318360328674,0,5,0.49321553111076355,0
618,0,0.27394211292266846,0,0.5599999999999998,5,0.4055534303188324,0,5,0.48580846190452576,0
619,0,0.514175534248352,0,0.5599999999999998,5,0.37076807022094727,0,5,0.3152388632297516,0
620,0,0.1839303970336914,0,0.5599999999999998,5,0.1661696583032608,0,5,0.2644972801208496,0
621,0,0.2389340102672577,0,0.5599999999999998,5,0.31255558133125305,0,5,0.47738057374954224,0
622,1,0.6677326560020447,1,0.5599999999999998,5,0.5393063426017761,0,5,0.5654823184013367,1
623,0,0.011845198459923267,0,0.5599999999999998,4,0.009309410117566586,0,4,0.007776785641908646,0
624,0,0.12319678068161011,0,0.5599999999999998,3,0.12129923701286316,0,3,0.0933520644903183,0
625,0,0.07076513767242432,0,0.5599999999999998,2,0.04550658538937569,0,2,0.050135109573602676,0
626,0,0.016028733924031258,0,0.5599999999999998,3,0.012004640884697437,0,3,0.01679462194442749,0
627,0,0.023404184728860855,0,0.5599999999999998,5,0.024096019566059113,0,5,0.025548694655299187,0
628,0,0.049735020846128464,0,0.5599999999999998,2,0.035148002207279205,0,2,0.028907908126711845,0
629,0,0.5275300741195679,0,0.5599999999999998,5,0.37226760387420654,0,5,0.31382808089256287,0
630,0,0.0695129781961441,0,0.5599999999999998,3,0.05312926322221756,0,3,0.04488531872630119,0
631,0,0.007255801931023598,0,0.5599999999999998,2,0.00823126919567585,0,2,0.008000757545232773,0
632,0,0.05215292051434517,0,0.5599999999999998,2,0.04562688246369362,0,2,0.05852741003036499,0
633,0,0.6093120574951172,1,0.5599999999999998,5,0.2415204495191574,0,5,0.20477604866027832,0
634,0,0.10364391654729843,0,0.5599999999999998,5,0.07722979784011841,0,5,0.07212533801794052,0
635,0,0.0875849649310112,0,0.5599999999999998,5,0.09108612686395645,0,5,0.05791841074824333,0
636,0,0.07369980216026306,0,0.5599999999999998,3,0.0735827311873436,0,3,0.08609548211097717,0
637,0,0.12428916990756989,0,0.5599999999999998,5,0.039902154356241226,0,5,0.05818776413798332,0
638,0,0.06062344089150429,0,0.5599999999999998,4,0.026683159172534943,0,4,0.03359626233577728,0
639,1,0.06610147655010223,0,0.5599999999999998,5,0.04717504605650902,0,5,0.054847393184900284,0
640,0,0.8098362684249878,1,0.5599999999999998,5,0.7621633410453796,1,5,0.7574282884597778,1
641,0,0.05790334567427635,0,0.5599999999999998,4,0.052865494042634964,0,4,0.03644023463129997,0
642,0,0.06636064499616623,0,0.5599999999999998,4,0.04919508472084999,0,4,0.036140814423561096,0
643,0,0.17478007078170776,0,0.5599999999999998,5,0.20529332756996155,0,5,0.20382142066955566,0
644,0,0.037555109709501266,0,0.5599999999999998,5,0.022183559834957123,0,5,0.023995602503418922,0
645,1,0.6616434454917908,1,0.5599999999999998,5,0.5346711277961731,0,5,0.5614045858383179,1
646,0,0.1607462614774704,0,0.5599999999999998,5,0.08731773495674133,0,5,0.08225852251052856,0
647,0,0.052544862031936646,0,0.5599999999999998,5,0.06500635296106339,0,5,0.044033147394657135,0
648,0,0.05565372854471207,0,0.5599999999999998,5,0.05246352031826973,0,5,0.03838187828660011,0
649,0,0.21291810274124146,0,0.5599999999999998,2,0.27342531085014343,0,2,0.2169688642024994,0
650,1,0.15550880134105682,0,0.5599999999999998,4,0.1526159942150116,0,4,0.2283681184053421,0
651,0,0.10087797045707703,0,0.5599999999999998,5,0.03435658663511276,0,5,0.06929735839366913,0
652,0,0.07223686575889587,0,0.5599999999999998,2,0.0396856889128685,0,2,0.06092703714966774,0
653,0,0.2052653282880783,0,0.5599999999999998,5,0.28506916761398315,0,5,0.2031889706850052,0
654,0,0.05341564863920212,0,0.5599999999999998,5,0.019790107384324074,0,5,0.019536100327968597,0
655,0,0.03458818420767784,0,0.5599999999999998,3,0.025668911635875702,0,3,0.03995214402675629,0
656,0,0.01852976344525814,0,0.5599999999999998,2,0.01714307814836502,0,2,0.01629379391670227,0
657,0,0.12515482306480408,0,0.5599999999999998,2,0.03247307613492012,0,2,0.02790381945669651,0
658,0,0.14321869611740112,0,0.5599999999999998,5,0.10885556042194366,0,5,0.10954874008893967,0
659,0,0.05459888279438019,0,0.5599999999999998,5,0.06398843228816986,0,5,0.051383811980485916,0
660,1,0.6308362483978271,1,0.5599999999999998,5,0.47408580780029297,0,5,0.40277665853500366,0
661,1,0.6132062673568726,1,0.5599999999999998,5,0.5408564209938049,0,5,0.3926509618759155,0
662,0,0.1140107735991478,0,0.5599999999999998,5,0.05044885724782944,0,5,0.060701195150613785,0
663,0,0.1486416608095169,0,0.5599999999999998,5,0.14466708898544312,0,5,0.1052752360701561,0
664,0,0.04390721768140793,0,0.5599999999999998,2,0.022762008011341095,0,2,0.021583877503871918,0
665,0,0.02153000794351101,0,0.5599999999999998,3,0.016565803438425064,0,3,0.01668406091630459,0
666,0,0.027245933189988136,0,0.5599999999999998,5,0.010488958097994328,0,5,0.010673683136701584,0
667,0,0.032667092978954315,0,0.5599999999999998,5,0.029892362654209137,0,5,0.04312661662697792,0
668,0,0.2042231559753418,0,0.5599999999999998,2,0.17728593945503235,0,2,0.3124121129512787,0
669,0,0.11586689949035645,0,0.5599999999999998,5,0.07780447602272034,0,5,0.07470927387475967,0
670,0,0.05609541013836861,0,0.5599999999999998,4,0.02135194092988968,0,4,0.028038693591952324,0
671,0,0.013310673646628857,0,0.5599999999999998,4,0.00863183755427599,0,4,0.00963099580258131,0
672,0,0.07761432975530624,0,0.5599999999999998,4,0.21365886926651,0,4,0.10941068083047867,0
673,0,0.022349584847688675,0,0.5599999999999998,2,0.017819397151470184,0,2,0.025014616549015045,0
674,1,0.03339627385139465,0,0.5599999999999998,4,0.02514547109603882,0,4,0.02104928158223629,0
675,0,0.07238732278347015,0,0.5599999999999998,3,0.05924354866147041,0,3,0.057230956852436066,0
676,1,0.6133232712745667,1,0.5599999999999998,5,0.5423576235771179,0,5,0.4082587957382202,0
677,1,0.6228740811347961,1,0.5599999999999998,5,0.46624332666397095,0,5,0.39665651321411133,0
678,0,0.38547950983047485,0,0.5599999999999998,2,0.3583471477031708,0,2,0.40216517448425293,0
679,0,0.4251013398170471,0,0.5599999999999998,2,0.21109163761138916,0,2,0.27496442198753357,0
680,0,0.26678943634033203,0,0.5599999999999998,5,0.20954851806163788,0,5,0.18811620771884918,0
681,0,0.07906594127416611,0,0.5599999999999998,2,0.08096084743738174,0,2,0.0706467553973198,0
682,0,0.0698397234082222,0,0.5599999999999998,3,0.03173926845192909,0,3,0.03377506881952286,0
683,0,0.08096390217542648,0,0.5599999999999998,2,0.06316450238227844,0,2,0.08894962072372437,0
684,0,0.09704601019620895,0,0.5599999999999998,5,0.03785824775695801,0,5,0.027280045673251152,0
685,0,0.0113868722692132,0,0.5599999999999998,2,0.009742344729602337,0,2,0.008582652546465397,0
686,0,0.02829754911363125,0,0.5599999999999998,4,0.019250912591814995,0,4,0.02777720056474209,0
687,0,0.010233212262392044,0,0.5599999999999998,3,0.010762999765574932,0,3,0.010122043080627918,0
688,1,0.5705834627151489,1,0.5599999999999998,5,0.5313380360603333,0,5,0.3463878631591797,0
689,0,0.08705003559589386,0,0.5599999999999998,2,0.04543605074286461,0,2,0.03954180330038071,0
690,0,0.02079768106341362,0,0.5599999999999998,2,0.012966114096343517,0,2,0.014778115786612034,0
691,0,0.0232868529856205,0,0.5599999999999998,2,0.02801085077226162,0,2,0.0381053164601326,0
692,0,0.11976458877325058,0,0.5599999999999998,5,0.09167858213186264,0,5,0.11917752027511597,0
693,1,0.736717164516449,1,0.5599999999999998,3,0.5435729622840881,0,3,0.5366438031196594,0
694,0,0.5356007814407349,0,0.5599999999999998,4,0.3859115540981293,0,4,0.2863805592060089,0
695,0,0.2586398720741272,0,0.5599999999999998,2,0.3184773027896881,0,2,0.18430301547050476,0
696,0,0.18644776940345764,0,0.5599999999999998,4,0.12310905754566193,0,4,0.16159948706626892,0
697,0,0.1061020940542221,0,0.5599999999999998,5,0.18450450897216797,0,5,0.12038467079401016,0
698,0,0.5705100893974304,1,0.5599999999999998,5,0.5093339085578918,0,5,0.3174044191837311,0
699,0,0.04123583063483238,0,0.5599999999999998,2,0.031164051964879036,0,2,0.027274243533611298,0
700,0,0.07147306948900223,0,0.5599999999999998,3,0.08243759721517563,0,3,0.07491575926542282,0
701,0,0.10439189523458481,0,0.5599999999999998,3,0.17592278122901917,0,3,0.24078725278377533,0
702,0,0.25761109590530396,0,0.5599999999999998,2,0.1150660514831543,0,2,0.21953412890434265,0
703,0,0.08871399611234665,0,0.5599999999999998,5,0.02995447628200054,0,5,0.042110640555620193,0
704,0,0.03969473019242287,0,0.5599999999999998,4,0.05424802750349045,0,4,0.052529919892549515,0
705,0,0.0429425947368145,0,0.5599999999999998,5,0.02128545008599758,0,5,0.01899663172662258,0
706,1,0.7053133845329285,1,0.5599999999999998,5,0.6650635004043579,1,5,0.6043746471405029,1
707,0,0.02967165596783161,0,0.5599999999999998,4,0.03349662572145462,0,4,0.03095335140824318,0
708,0,0.06795210391283035,0,0.5599999999999998,5,0.07738000899553299,0,5,0.09698043018579483,0
709,0,0.032087162137031555,0,0.5599999999999998,4,0.02493072859942913,0,4,0.026686707511544228,0
710,1,0.346576064825058,0,0.5599999999999998,2,0.494587242603302,0,2,0.5306333899497986,0
711,0,0.03421792760491371,0,0.5599999999999998,5,0.02965812385082245,0,5,0.0439944863319397,0
712,0,0.06994489580392838,0,0.5599999999999998,5,0.044546715915203094,0,5,0.0752442255616188,0
713,0,0.0326247401535511,0,0.5599999999999998,5,0.029069386422634125,0,5,0.046965911984443665,0
714,0,0.14480651915073395,0,0.5599999999999998,3,0.22826705873012543,0,3,0.23765988647937775,0
715,0,0.014372523874044418,0,0.5599999999999998,5,0.012426652014255524,0,5,0.010505683720111847,0
716,1,0.08381514251232147,0,0.5599999999999998,5,0.0486077144742012,0,5,0.0681319609284401,0
717,1,0.3923170566558838,0,0.5599999999999998,4,0.392105370759964,0,4,0.4043790400028229,0
718,0,0.5402916669845581,0,0.5599999999999998,2,0.3475014269351959,0,2,0.3413443863391876,0
719,0,0.017486881464719772,0,0.5599999999999998,5,0.009150744415819645,0,5,0.012304338626563549,0
720,0,0.1155707910656929,0,0.5599999999999998,5,0.08196545392274857,0,5,0.09572584182024002,0
721,0,0.06573128700256348,0,0.5599999999999998,3,0.03036712296307087,0,3,0.03229137882590294,0
722,0,0.11208255589008331,0,0.5599999999999998,5,0.1819830685853958,0,5,0.1412898600101471,0
723,0,0.08501403033733368,0,0.5599999999999998,4,0.0496952161192894,0,4,0.047707125544548035,0
724,0,0.026176687330007553,0,0.5599999999999998,5,0.015572416596114635,0,5,0.017210397869348526,0
725,0,0.037433333694934845,0,0.5599999999999998,5,0.032966189086437225,0,5,0.032151903957128525,0
726,1,0.030061868950724602,0,0.5599999999999998,5,0.01789250783622265,0,5,0.01921527087688446,0
727,1,0.02482844889163971,0,0.5599999999999998,5,0.023141367360949516,0,5,0.02762608230113983,0
728,0,0.023556875064969063,0,0.5599999999999998,5,0.02209167182445526,0,5,0.02744932286441326,0
729,0,0.021461546421051025,0,0.5599999999999998,3,0.012412586249411106,0,3,0.013274461962282658,0
730,0,0.07626760005950928,0,0.5599999999999998,5,0.0879230797290802,0,5,0.09087065607309341,0
731,1,0.12106691300868988,0,0.5599999999999998,2,0.18451902270317078,0,2,0.10836195200681686,0
732,0,0.05276031792163849,0,0.5599999999999998,3,0.03175022080540657,0,3,0.05530134588479996,0
733,0,0.3971610963344574,0,0.5599999999999998,3,0.2604682445526123,0,3,0.25243061780929565,0
734,0,0.7734729647636414,1,0.5599999999999998,2,0.6195195913314819,1,2,0.5599794983863831,0
735,0,0.032613709568977356,0,0.5599999999999998,5,0.022490302100777626,0,5,0.023502595722675323,0
736,0,0.10727283358573914,0,0.5599999999999998,3,0.0997675284743309,0,3,0.08952364325523376,0
737,1,0.4636327922344208,0,0.5599999999999998,2,0.5047178864479065,0,2,0.32791224122047424,0
738,1,0.06252261996269226,0,0.5599999999999998,5,0.31585365533828735,0,5,0.1655285656452179,0
739,0,0.16022448241710663,0,0.5599999999999998,4,0.06126321107149124,0,4,0.08796725422143936,0
740,0,0.04805392399430275,0,0.5599999999999998,5,0.04425367712974548,0,5,0.04300090670585632,0
741,0,0.011309786699712276,0,0.5599999999999998,5,0.017286019399762154,0,5,0.021067969501018524,0
742,0,0.13726192712783813,0,0.5599999999999998,2,0.09118562191724777,0,2,0.11570575833320618,0
743,0,0.12571291625499725,0,0.5599999999999998,2,0.10333585739135742,0,2,0.12043574452400208,0
744,0,0.10092194378376007,0,0.5599999999999998,5,0.045470528304576874,0,5,0.04921632260084152,0
745,0,0.022677240893244743,0,0.5599999999999998,3,0.02092564105987549,0,3,0.027216192334890366,0
746,0,0.014689885079860687,0,0.5599999999999998,2,0.014835705049335957,0,2,0.01452127005904913,0
747,0,0.023539546877145767,0,0.5599999999999998,5,0.02067461982369423,0,5,0.02346971444785595,0
748,0,0.09520602971315384,0,0.5599999999999998,2,0.07403295487165451,0,2,0.05948631465435028,0
749,0,0.06952349841594696,0,0.5599999999999998,2,0.025480784475803375,0,2,0.021739764139056206,0
750,0,0.7344145178794861,1,0.5599999999999998,5,0.30462926626205444,0,5,0.34579581022262573,0
751,0,0.05634080618619919,0,0.5599999999999998,4,0.03489987552165985,0,4,0.028613166883587837,0
752,0,0.1312781274318695,0,0.5599999999999998,2,0.1833348274230957,0,2,0.29153063893318176,0
753,0,0.6027638912200928,1,0.5599999999999998,2,0.31849583983421326,0,2,0.3848226070404053,0
754,1,0.8500036001205444,1,0.5599999999999998,4,0.8978006839752197,1,4,0.8510814905166626,1
755,0,0.12611576914787292,0,0.5599999999999998,5,0.06061282753944397,0,5,0.09750409424304962,0
756,0,0.033912044018507004,0,0.5599999999999998,2,0.015267500653862953,0,2,0.01616906002163887,0
757,0,0.06355114281177521,0,0.5599999999999998,2,0.03402429446578026,0,2,0.035397060215473175,0
758,0,0.058025240898132324,0,0.5599999999999998,3,0.09270498901605606,0,3,0.0989290326833725,0
759,0,0.4251563251018524,0,0.5599999999999998,4,0.41280683875083923,0,4,0.4557168483734131,0
760,0,0.07849361002445221,0,0.5599999999999998,4,0.05176519602537155,0,4,0.0892222672700882,0
761,0,0.07777766138315201,0,0.5599999999999998,4,0.06519582122564316,0,4,0.06110011786222458,0
762,0,0.058537550270557404,0,0.5599999999999998,5,0.05438775569200516,0,5,0.05564197525382042,0
763,0,0.36237940192222595,0,0.5599999999999998,4,0.31144794821739197,0,4,0.17428258061408997,0
764,1,0.8130642175674438,1,0.5599999999999998,2,0.6940803527832031,1,2,0.7086608409881592,1
765,1,0.6313544511795044,1,0.5599999999999998,3,0.4065675437450409,0,3,0.5660542249679565,1
766,0,0.13960035145282745,0,0.5599999999999998,5,0.5152475833892822,0,5,0.3420993387699127,0
767,0,0.012781401164829731,0,0.5599999999999998,3,0.013254215940833092,0,3,0.014148588292300701,0
768,1,0.04752730950713158,0,0.5599999999999998,2,0.04109938070178032,0,2,0.035453908145427704,0
769,0,0.22933995723724365,0,0.5599999999999998,3,0.14266596734523773,0,3,0.12958009541034698,0
770,0,0.08467277884483337,0,0.5599999999999998,4,0.06728798151016235,0,4,0.06360708177089691,0
771,0,0.5552019476890564,0,0.5599999999999998,5,0.6090356707572937,1,5,0.4891471862792969,0
772,0,0.018037062138319016,0,0.5599999999999998,2,0.01583174429833889,0,2,0.015882382169365883,0
773,0,0.11720964312553406,0,0.5599999999999998,5,0.15777797996997833,0,5,0.16798542439937592,0
774,0,0.010573362000286579,0,0.5599999999999998,3,0.011354849673807621,0,3,0.011078537441790104,0
775,0,0.09820255637168884,0,0.5599999999999998,5,0.08255786448717117,0,5,0.06115275248885155,0
776,0,0.1273595094680786,0,0.5599999999999998,3,0.1093529462814331,0,3,0.1639532744884491,0
777,1,0.6799196004867554,1,0.5599999999999998,5,0.6921565532684326,1,5,0.6441547274589539,1
778,0,0.2369990199804306,0,0.5599999999999998,3,0.16502298414707184,0,3,0.21390727162361145,0
779,0,0.04551710560917854,0,0.5599999999999998,3,0.08047351241111755,0,3,0.112861268222332,0
780,0,0.030920222401618958,0,0.5599999999999998,2,0.03538868576288223,0,2,0.03891517594456673,0
781,0,0.7502039670944214,1,0.5599999999999998,5,0.5051307678222656,0,5,0.5387953519821167,0
782,0,0.029398983344435692,0,0.5599999999999998,5,0.030735407024621964,0,5,0.042331594973802567,0
783,0,0.8103431463241577,1,0.5599999999999998,5,0.8332416415214539,1,5,0.7679417729377747,1
784,0,0.03388405218720436,0,0.5599999999999998,5,0.05267903953790665,0,5,0.05948475003242493,0
785,0,0.08727765828371048,0,0.5599999999999998,2,0.050312746316194534,0,2,0.04325038194656372,0
786,0,0.027744339779019356,0,0.5599999999999998,5,0.021680107340216637,0,5,0.03486667573451996,0
787,0,0.039924196898937225,0,0.5599999999999998,3,0.024521753191947937,0,3,0.024519529193639755,0
788,0,0.047429148107767105,0,0.5599999999999998,4,0.03580569103360176,0,4,0.02723132073879242,0
789,0,0.02768046036362648,0,0.5599999999999998,5,0.024736884981393814,0,5,0.02005975879728794,0
790,0,0.1311071813106537,0,0.5599999999999998,4,0.10983240604400635,0,4,0.08397658169269562,0
791,1,0.08836819976568222,0,0.5599999999999998,5,0.09470226615667343,0,5,0.10392758250236511,0
792,0,0.041421979665756226,0,0.5599999999999998,5,0.031953420490026474,0,5,0.037127137184143066,0
793,0,0.283279687166214,0,0.5599999999999998,2,0.1091746985912323,0,2,0.17160621285438538,0
794,0,0.6891423463821411,1,0.5599999999999998,4,0.7062780261039734,1,4,0.5345609784126282,0
795,1,0.31752532720565796,0,0.5599999999999998,5,0.4019942879676819,0,5,0.2909545302391052,0
796,0,0.8273268938064575,1,0.5599999999999998,5,0.8468879461288452,1,5,0.7922120094299316,1
797,1,0.7717105746269226,1,0.5599999999999998,5,0.7564696073532104,1,5,0.657595694065094,1
798,0,0.7333121299743652,1,0.5599999999999998,5,0.7192289233207703,1,5,0.6958584785461426,1
799,0,0.06598106771707535,0,0.5599999999999998,3,0.05599469318985939,0,3,0.05817113444209099,0
800,0,0.030531805008649826,0,0.5599999999999998,5,0.022405587136745453,0,5,0.020137814804911613,0
801,0,0.07290191948413849,0,0.5599999999999998,5,0.06412404030561447,0,5,0.06720560044050217,0
802,0,0.07227365672588348,0,0.5599999999999998,5,0.07495521754026413,0,5,0.142438605427742,0
803,0,0.1861453801393509,0,0.5599999999999998,3,0.11226716637611389,0,3,0.15369081497192383,0
804,0,0.22087831795215607,0,0.5599999999999998,4,0.13402339816093445,0,4,0.11759689450263977,0
805,0,0.031090838834643364,0,0.5599999999999998,5,0.01915406808257103,0,5,0.018777940422296524,0
806,0,0.05236096680164337,0,0.5599999999999998,3,0.03608575835824013,0,3,0.04290163889527321,0
807,0,0.01622641272842884,0,0.5599999999999998,2,0.014774111099541187,0,2,0.013895686715841293,0
808,0,0.15850144624710083,0,0.5599999999999998,4,0.14378929138183594,0,4,0.20595495402812958,0
809,0,0.15401175618171692,0,0.5599999999999998,5,0.16994936764240265,0,5,0.17442861199378967,0
810,1,0.07685719430446625,0,0.5599999999999998,4,0.18651847541332245,0,4,0.20583799481391907,0
811,0,0.14405128359794617,0,0.5599999999999998,5,0.07478615641593933,0,5,0.07795470952987671,0
812,0,0.09908469021320343,0,0.5599999999999998,2,0.050815291702747345,0,2,0.042393751442432404,0
813,0,0.025828134268522263,0,0.5599999999999998,3,0.02245255745947361,0,3,0.0240341667085886,0
814,1,0.03382627293467522,0,0.5599999999999998,2,0.03383607044816017,0,2,0.03159618750214577,0
815,0,0.10725276917219162,0,0.5599999999999998,4,0.14758850634098053,0,4,0.19467565417289734,0
816,0,0.022597698494791985,0,0.5599999999999998,5,0.023536061868071556,0,5,0.025830576196312904,0
817,0,0.0632803812623024,0,0.5599999999999998,5,0.07175289839506149,0,5,0.05768810212612152,0
818,0,0.13967859745025635,0,0.5599999999999998,5,0.13370279967784882,0,5,0.09777090698480606,0
819,0,0.010883924551308155,0,0.5599999999999998,2,0.015702668577432632,0,2,0.018173737451434135,0
820,0,0.0656268373131752,0,0.5599999999999998,5,0.19573867321014404,0,5,0.11798108369112015,0
821,0,0.03536917269229889,0,0.5599999999999998,2,0.052957817912101746,0,2,0.03349970653653145,0
822,0,0.02972809039056301,0,0.5599999999999998,5,0.025476114824414253,0,5,0.031322695314884186,0
823,0,0.03331911936402321,0,0.5599999999999998,3,0.029761841520667076,0,3,0.031432200223207474,0
824,0,0.040071047842502594,0,0.5599999999999998,5,0.03853587433695793,0,5,0.025187956169247627,0
825,0,0.01611952669918537,0,0.5599999999999998,5,0.01036220882087946,0,5,0.011128428392112255,0
826,0,0.056394852697849274,0,0.5599999999999998,5,0.04369440674781799,0,5,0.05907510221004486,0
827,0,0.019681667909026146,0,0.5599999999999998,4,0.02291181869804859,0,4,0.024592164903879166,0
828,0,0.04091103747487068,0,0.5599999999999998,5,0.03173214569687843,0,5,0.05490121617913246,0
829,0,0.010029858909547329,0,0.5599999999999998,5,0.012147204019129276,0,5,0.01640542596578598,0
830,0,0.1709078997373581,0,0.5599999999999998,2,0.11181578785181046,0,2,0.11960751563310623,0
831,0,0.15473459661006927,0,0.5599999999999998,3,0.05297987908124924,0,3,0.04932200536131859,0
832,0,0.030925938859581947,0,0.5599999999999998,4,0.02356378175318241,0,4,0.02348598837852478,0
833,0,0.19198095798492432,0,0.5599999999999998,5,0.11058176308870316,0,5,0.10656744986772537,0
834,1,0.18170446157455444,0,0.5599999999999998,2,0.281905859708786,0,2,0.2538799047470093,0
835,0,0.010983902029693127,0,0.5599999999999998,4,0.013877873308956623,0,4,0.018038434907794,0
836,0,0.09903448820114136,0,0.5599999999999998,3,0.0626285970211029,0,3,0.05213356390595436,0
837,1,0.025830022990703583,0,0.5599999999999998,4,0.055164966732263565,0,4,0.03662314638495445,0
838,0,0.2895045876502991,0,0.5599999999999998,2,0.11465691030025482,0,2,0.14110234379768372,0
839,0,0.20881599187850952,0,0.5599999999999998,3,0.12783022224903107,0,3,0.16086013615131378,0
840,0,0.17400316894054413,0,0.5599999999999998,4,0.0833493024110794,0,4,0.16657352447509766,0
841,0,0.08862234652042389,0,0.5599999999999998,4,0.07223828881978989,0,4,0.07891209423542023,0
842,0,0.2708638608455658,0,0.5599999999999998,2,0.10606474429368973,0,2,0.21113575994968414,0
843,0,0.017275184392929077,0,0.5599999999999998,3,0.014012767933309078,0,3,0.014444622211158276,0
844,1,0.07279244810342789,0,0.5599999999999998,5,0.0898623839020729,0,5,0.1210855022072792,0
845,0,0.02126453071832657,0,0.5599999999999998,3,0.05343502387404442,0,3,0.06024426594376564,0
846,0,0.24410688877105713,0,0.5599999999999998,2,0.12647311389446259,0,2,0.16125385463237762,0
847,0,0.04492076858878136,0,0.5599999999999998,3,0.02497236058115959,0,3,0.03850501775741577,0
848,0,0.022534068673849106,0,0.5599999999999998,5,0.01718546822667122,0,5,0.02314593270421028,0
849,0,0.1607295125722885,0,0.5599999999999998,2,0.19148892164230347,0,2,0.1707921326160431,0
850,0,0.045273371040821075,0,0.5599999999999998,4,0.02885451912879944,0,4,0.031050466001033783,0
851,0,0.42702412605285645,0,0.5599999999999998,5,0.29788851737976074,0,5,0.35967302322387695,0
852,0,0.0691111832857132,0,0.5599999999999998,5,0.03532693162560463,0,5,0.032376084476709366,0
853,0,0.11795476824045181,0,0.5599999999999998,5,0.20519118010997772,0,5,0.20028884708881378,0
854,0,0.03556796908378601,0,0.5599999999999998,5,0.02021373063325882,0,5,0.03436439856886864,0
855,0,0.06020744517445564,0,0.5599999999999998,5,0.019778888672590256,0,5,0.028575405478477478,0
856,0,0.019553404301404953,0,0.5599999999999998,5,0.021843131631612778,0,5,0.02225605398416519,0
857,0,0.07889358699321747,0,0.5599999999999998,2,0.08405683934688568,0,2,0.08269661664962769,0
858,1,0.302686870098114,0,0.5599999999999998,4,0.17828352749347687,0,4,0.16277018189430237,0
859,0,0.01143158134073019,0,0.5599999999999998,3,0.008730321191251278,0,3,0.00885745882987976,0
860,0,0.015047144144773483,0,0.5599999999999998,5,0.0723024532198906,0,5,0.04302913323044777,0
861,0,0.09567021578550339,0,0.5599999999999998,3,0.039012182503938675,0,3,0.053478263318538666,0
862,0,0.016931556165218353,0,0.5599999999999998,4,0.018504714593291283,0,4,0.0180108193308115,0
863,0,0.010697506368160248,0,0.5599999999999998,2,0.008592392317950726,0,2,0.007268511224538088,0
864,0,0.01251582708209753,0,0.5599999999999998,3,0.0072905197739601135,0,3,0.008100198581814766,0
865,0,0.13609179854393005,0,0.5599999999999998,4,0.12341515719890594,0,4,0.14062899351119995,0
866,0,0.13850876688957214,0,0.5599999999999998,4,0.11677596718072891,0,4,0.10179097205400467,0
867,0,0.02917913720011711,0,0.5599999999999998,5,0.03545176610350609,0,5,0.04346015676856041,0
868,0,0.06971506774425507,0,0.5599999999999998,2,0.05792434141039848,0,2,0.05434232950210571,0
869,0,0.015036074444651604,0,0.5599999999999998,5,0.01464980561286211,0,5,0.018982546404004097,0
870,0,0.02234521135687828,0,0.5599999999999998,3,0.015841227024793625,0,3,0.016090935096144676,0
871,0,0.016646185889840126,0,0.5599999999999998,4,0.02513214386999607,0,4,0.02853744849562645,0
872,0,0.01555120199918747,0,0.5599999999999998,5,0.01240826677531004,0,5,0.01592492125928402,0
873,0,0.01317241508513689,0,0.5599999999999998,2,0.009071246720850468,0,2,0.009521294385194778,0
874,0,0.02715419791638851,0,0.5599999999999998,3,0.026271700859069824,0,3,0.027558306232094765,0
875,0,0.009012491442263126,0,0.5599999999999998,5,0.0066461157985031605,0,5,0.009079892188310623,0
876,0,0.10033295303583145,0,0.5599999999999998,5,0.12611693143844604,0,5,0.14678321778774261,0
877,0,0.02228705957531929,0,0.5599999999999998,3,0.01733008213341236,0,3,0.01798907481133938,0
878,0,0.029870280995965004,0,0.5599999999999998,5,0.016374729573726654,0,5,0.01671525649726391,0
879,1,0.042730942368507385,0,0.5599999999999998,5,0.018274588510394096,0,5,0.01849432848393917,0
880,0,0.04656052589416504,0,0.5599999999999998,4,0.09272653609514236,0,4,0.07294993102550507,0
881,0,0.008526216261088848,0,0.5599999999999998,5,0.011644275858998299,0,5,0.014601255767047405,0
882,0,0.13220374286174774,0,0.5599999999999998,5,0.16387051343917847,0,5,0.08960556983947754,0
883,0,0.06538809090852737,0,0.5599999999999998,2,0.024918759241700172,0,2,0.02666723169386387,0
884,0,0.509819507598877,0,0.5599999999999998,4,0.7275307178497314,1,4,0.5276116132736206,0
885,0,0.2219477891921997,0,0.5599999999999998,4,0.11829932779073715,0,4,0.10903112590312958,0
886,0,0.008212854154407978,0,0.5599999999999998,5,0.006581701338291168,0,5,0.0079721137881279,0
887,0,0.029565375298261642,0,0.5599999999999998,5,0.03131888806819916,0,5,0.03244438394904137,0
888,0,0.018674451857805252,0,0.5599999999999998,5,0.021797681227326393,0,5,0.029110776260495186,0
889,0,0.008306287229061127,0,0.5599999999999998,2,0.007434243336319923,0,2,0.006422312930226326,0
890,0,0.02369525469839573,0,0.5599999999999998,3,0.017636364325881004,0,3,0.016778141260147095,0
891,0,0.013956110924482346,0,0.5599999999999998,3,0.012890671379864216,0,3,0.023029671981930733,0
892,0,0.03830500319600105,0,0.5599999999999998,5,0.041512105613946915,0,5,0.041155532002449036,0
893,0,0.09775801002979279,0,0.5599999999999998,4,0.03193692862987518,0,4,0.029680423438549042,0
894,0,0.031743112951517105,0,0.5599999999999998,5,0.03569426387548447,0,5,0.04610951244831085,0
895,0,0.03146976977586746,0,0.5599999999999998,5,0.022592991590499878,0,5,0.023312684148550034,0
896,0,0.006774506997317076,0,0.5599999999999998,2,0.008395063690841198,0,2,0.007828716188669205,0
897,0,0.04456780105829239,0,0.5599999999999998,3,0.01994917169213295,0,3,0.031718507409095764,0
898,0,0.18252162635326385,0,0.5599999999999998,4,0.09779408574104309,0,4,0.12251726537942886,0
899,0,0.015189028345048428,0,0.5599999999999998,5,0.018196748569607735,0,5,0.016683397814631462,0
900,0,0.005653297062963247,0,0.5599999999999998,5,0.005689771380275488,0,5,0.005469432566314936,0
901,0,0.005350932478904724,0,0.5599999999999998,2,0.004581899382174015,0,2,0.0047052521258592606,0
902,0,0.01081398967653513,0,0.5599999999999998,3,0.013367085717618465,0,3,0.016056997701525688,0
903,0,0.021352382376790047,0,0.5599999999999998,4,0.014512081630527973,0,4,0.02383270487189293,0
904,0,0.009271206334233284,0,0.5599999999999998,3,0.007284741848707199,0,3,0.007658177986741066,0
905,0,0.007832683622837067,0,0.5599999999999998,2,0.005532968323677778,0,2,0.0059892539866268635,0
906,0,0.010064125061035156,0,0.5599999999999998,4,0.008221955969929695,0,4,0.0065419357270002365,0
907,0,0.018451044335961342,0,0.5599999999999998,5,0.015908258035779,0,5,0.015580377541482449,0
908,0,0.008939293213188648,0,0.5599999999999998,2,0.006298443768173456,0,2,0.006946327164769173,0
909,0,0.026122024282813072,0,0.5599999999999998,4,0.03998705372214317,0,4,0.06281759589910507,0
910,0,0.00589235033839941,0,0.5599999999999998,3,0.0099705895408988,0,3,0.01114576868712902,0
911,0,0.016593093052506447,0,0.5599999999999998,5,0.01562766544520855,0,5,0.015580377541482449,0
912,0,0.01471689622849226,0,0.5599999999999998,2,0.012684481218457222,0,2,0.016098221763968468,0
913,0,0.03423205763101578,0,0.5599999999999998,4,0.0934102013707161,0,4,0.06531524658203125,0
914,0,0.010610625147819519,0,0.5599999999999998,3,0.007463309448212385,0,3,0.00874829851090908,0
915,0,0.027100734412670135,0,0.5599999999999998,5,0.025526678189635277,0,5,0.021636640653014183,0
916,0,0.04707520082592964,0,0.5599999999999998,2,0.0626155436038971,0,2,0.07324836403131485,0
917,0,0.02173941768705845,0,0.5599999999999998,5,0.01824449934065342,0,5,0.02993525005877018,0
918,0,0.015449859201908112,0,0.5599999999999998,3,0.013091123662889004,0,3,0.01615581288933754,0
919,0,0.14692023396492004,0,0.5599999999999998,3,0.13380588591098785,0,3,0.10924837738275528,0
920,0,0.055540282279253006,0,0.5599999999999998,5,0.07079552859067917,0,5,0.05184485763311386,0
921,1,0.3648527264595032,0,0.5599999999999998,5,0.2520158588886261,0,5,0.4383386969566345,0
922,0,0.059157196432352066,0,0.5599999999999998,5,0.11081410199403763,0,5,0.05407099425792694,0
923,0,0.024153249338269234,0,0.5599999999999998,5,0.021686676889657974,0,5,0.02001463808119297,0
924,0,0.03338156268000603,0,0.5599999999999998,4,0.03017798252403736,0,4,0.03280667960643768,0
925,0,0.0169025007635355,0,0.5599999999999998,2,0.010037679225206375,0,2,0.011348764412105083,0
926,0,0.011705172248184681,0,0.5599999999999998,3,0.0073307896964251995,0,3,0.00865026842802763,0
927,0,0.02480492927134037,0,0.5599999999999998,4,0.018299028277397156,0,4,0.016235191375017166,0
928,0,0.10261356085538864,0,0.5599999999999998,4,0.09869006276130676,0,4,0.070844367146492,0
929,0,0.07087764143943787,0,0.5599999999999998,5,0.06690596044063568,0,5,0.05478645861148834,0
930,0,0.023701976984739304,0,0.5599999999999998,5,0.02150019444525242,0,5,0.019894758239388466,0
931,0,0.01927618496119976,0,0.5599999999999998,2,0.02018853835761547,0,2,0.021083246916532516,0
932,0,0.0206155963242054,0,0.5599999999999998,3,0.01663130894303322,0,3,0.025559578090906143,0
933,0,0.04650145769119263,0,0.5599999999999998,4,0.036884572356939316,0,4,0.028377724811434746,0
934,0,0.01987961307168007,0,0.5599999999999998,5,0.014140954241156578,0,5,0.012352949008345604,0
935,0,0.007097587455064058,0,0.5599999999999998,2,0.006469071377068758,0,2,0.006074138917028904,0
936,0,0.012923203408718109,0,0.5599999999999998,3,0.008307387121021748,0,3,0.007949297316372395,0
937,0,0.014867874793708324,0,0.5599999999999998,3,0.013584495522081852,0,3,0.01647358201444149,0
938,0,0.031184056773781776,0,0.5599999999999998,3,0.02679036557674408,0,3,0.04646250605583191,0
939,0,0.013316654600203037,0,0.5599999999999998,4,0.010376090183854103,0,4,0.008015056140720844,0
940,0,0.005259278230369091,0,0.5599999999999998,5,0.005326351150870323,0,5,0.005345544777810574,0
941,0,0.011204583570361137,0,0.5599999999999998,2,0.016093501821160316,0,2,0.027919093146920204,0
942,1,0.05571211129426956,0,0.5599999999999998,2,0.03923358768224716,0,2,0.049414440989494324,0
943,0,0.3844642639160156,0,0.5599999999999998,3,0.34111014008522034,0,3,0.3291524052619934,0
944,0,0.11178877204656601,0,0.5599999999999998,4,0.09581132978200912,0,4,0.06980662792921066,0
945,0,0.02103452757000923,0,0.5599999999999998,5,0.020987723022699356,0,5,0.01854601316154003,0
946,0,0.02483655884861946,0,0.5599999999999998,5,0.029518865048885345,0,5,0.01767013594508171,0
947,0,0.020459838211536407,0,0.5599999999999998,2,0.015041972510516644,0,2,0.01954907551407814,0
948,0,0.03385481610894203,0,0.5599999999999998,3,0.025302408263087273,0,3,0.04737750068306923,0
949,0,0.016769718378782272,0,0.5599999999999998,4,0.024035682901740074,0,4,0.025543859228491783,0
950,0,0.08744900673627853,0,0.5599999999999998,4,0.06820935010910034,0,4,0.05513633042573929,0
951,0,0.06339693069458008,0,0.5599999999999998,5,0.04010916128754616,0,5,0.043026894330978394,0
952,0,0.08326087146997452,0,0.5599999999999998,5,0.061882395297288895,0,5,0.05282958596944809,0
953,0,0.012135440483689308,0,0.5599999999999998,3,0.012144315056502819,0,3,0.01232715044170618,0
954,0,0.0072194840759038925,0,0.5599999999999998,5,0.007288787979632616,0,5,0.007981947623193264,0
955,0,0.018140727654099464,0,0.5599999999999998,4,0.02615993842482567,0,4,0.021748734638094902,0
956,0,0.07674349844455719,0,0.5599999999999998,5,0.04812435060739517,0,5,0.04551657661795616,0
957,0,0.01776670478284359,0,0.5599999999999998,4,0.01590145193040371,0,4,0.015501369722187519,0
958,0,0.08735241740942001,0,0.5599999999999998,5,0.0608527846634388,0,5,0.05260130763053894,0
959,0,0.011657822877168655,0,0.5599999999999998,2,0.009185796603560448,0,2,0.011068115010857582,0
960,0,0.0222027450799942,0,0.5599999999999998,4,0.030784854665398598,0,4,0.04540587216615677,0
961,0,0.013631840236485004,0,0.5599999999999998,2,0.02148992381989956,0,2,0.020190492272377014,0
962,0,0.007559380028396845,0,0.5599999999999998,2,0.005177590064704418,0,2,0.0054319570772349834,0
963,0,0.006447076331824064,0,0.5599999999999998,5,0.005485998000949621,0,5,0.006225090939551592,0
964,0,0.010410264134407043,0,0.5599999999999998,3,0.00968707725405693,0,3,0.011181684210896492,0
965,0,0.007294786628335714,0,0.5599999999999998,5,0.00754607655107975,0,5,0.009454179555177689,0
966,0,0.04717414826154709,0,0.5599999999999998,2,0.02515360899269581,0,2,0.03610629960894585,0
967,0,0.018308252096176147,0,0.5599999999999998,4,0.016639694571495056,0,4,0.011273151263594627,0
968,0,0.04614027962088585,0,0.5599999999999998,4,0.04898805171251297,0,4,0.04446686431765556,0
969,0,0.011915488168597221,0,0.5599999999999998,2,0.009543218649923801,0,2,0.011019181460142136,0
970,0,0.013241549953818321,0,0.5599999999999998,3,0.007801447995007038,0,3,0.010069132782518864,0
971,0,0.0561906099319458,0,0.5599999999999998,5,0.020651113241910934,0,5,0.02651667408645153,0
972,0,0.009719627909362316,0,0.5599999999999998,3,0.010381261818110943,0,3,0.010687029920518398,0
973,0,0.014813078567385674,0,0.5599999999999998,3,0.016543002799153328,0,3,0.01912887580692768,0
974,0,0.08078578859567642,0,0.5599999999999998,5,0.09684227406978607,0,5,0.09605806320905685,0
975,0,0.13668334484100342,0,0.5599999999999998,2,0.18178904056549072,0,2,0.1276702582836151,0
976,0,0.010394001379609108,0,0.5599999999999998,5,0.02065032720565796,0,5,0.023872118443250656,0
977,0,0.021667322143912315,0,0.5599999999999998,4,0.01401570625603199,0,4,0.023896342143416405,0
978,0,0.008272704668343067,0,0.5599999999999998,4,0.007938887923955917,0,4,0.006207616534084082,0
979,0,0.006674021948128939,0,0.5599999999999998,2,0.005130858160555363,0,2,0.005253538489341736,0
980,0,0.00739402137696743,0,0.5599999999999998,3,0.006125323474407196,0,3,0.006988288834691048,0
981,0,0.03852970898151398,0,0.5599999999999998,5,0.06183822825551033,0,5,0.042001985013484955,0
982,0,0.023035723716020584,0,0.5599999999999998,3,0.03600062057375908,0,3,0.055475473403930664,0
983,0,0.02275078371167183,0,0.5599999999999998,5,0.034927599132061005,0,5,0.03373853489756584,0
984,0,0.031487394124269485,0,0.5599999999999998,5,0.03762543201446533,0,5,0.07121777534484863,0
985,0,0.021508367732167244,0,0.5599999999999998,4,0.024977903813123703,0,4,0.02216481789946556,0
986,0,0.02708256058394909,0,0.5599999999999998,5,0.04001108556985855,0,5,0.03286737948656082,0
987,0,0.011089831590652466,0,0.5599999999999998,5,0.015399495139718056,0,5,0.014636541716754436,0
988,0,0.01309259608387947,0,0.5599999999999998,2,0.015355237759649754,0,2,0.018277307972311974,0
989,0,0.01637681946158409,0,0.5599999999999998,4,0.013786259107291698,0,4,0.008616452105343342,0
990,0,0.08852234482765198,0,0.5599999999999998,5,0.18723811209201813,0,5,0.14700332283973694,0
991,0,0.13163557648658752,0,0.5599999999999998,3,0.07440705597400665,0,3,0.09308920055627823,0
992,0,0.0070149702951312065,0,0.5599999999999998,2,0.0064513199031353,0,2,0.005889401771128178,0
993,0,0.021046210080385208,0,0.5599999999999998,5,0.018369942903518677,0,5,0.024565819650888443,0
994,0,0.014071788638830185,0,0.5599999999999998,5,0.03167048096656799,0,5,0.03349431976675987,0
995,0,0.13908594846725464,0,0.5599999999999998,4,0.1717592179775238,0,4,0.1261606514453888,0
996,0,0.21516335010528564,0,0.5599999999999998,3,0.32961151003837585,0,3,0.3173150420188904,0
997,0,0.01172583643347025,0,0.5599999999999998,4,0.008716784417629242,0,4,0.008925102651119232,0
998,0,0.030960075557231903,0,0.5599999999999998,3,0.028194596990942955,0,3,0.03465815261006355,0
999,0,0.12996843457221985,0,0.5599999999999998,2,0.14673243463039398,0,2,0.2745102643966675,0
1000,0,0.06852079927921295,0,0.5599999999999998,5,0.031127454712986946,0,5,0.04118487983942032,0
1001,0,0.038103628903627396,0,0.5599999999999998,5,0.06351213157176971,0,5,0.05465817078948021,0
1002,0,0.011637615971267223,0,0.5599999999999998,4,0.03059752658009529,0,4,0.01740899309515953,0
1003,0,0.011264803819358349,0,0.5599999999999998,5,0.009676003828644753,0,5,0.011373541317880154,0
1004,0,0.02901872992515564,0,0.5599999999999998,2,0.030007600784301758,0,2,0.033204834908246994,0
1005,0,0.010915395803749561,0,0.5599999999999998,3,0.00860038585960865,0,3,0.01161157712340355,0
1006,0,0.008532019332051277,0,0.5599999999999998,3,0.006860313471406698,0,3,0.007281504105776548,0
1007,0,0.023262133821845055,0,0.5599999999999998,2,0.015477010048925877,0,2,0.015303818508982658,0
1008,0,0.40739530324935913,0,0.5599999999999998,3,0.2083994746208191,0,3,0.22299805283546448,0
1009,0,0.00685641635209322,0,0.5599999999999998,4,0.006004614289849997,0,4,0.00710965134203434,0
1010,0,0.0201361533254385,0,0.5599999999999998,5,0.025853246450424194,0,5,0.01924978755414486,0
1011,0,0.00670164730399847,0,0.5599999999999998,5,0.0067358845844864845,0,5,0.007754113525152206,0
1012,0,0.6790036559104919,1,0.5599999999999998,4,0.613142192363739,1,4,0.6502025723457336,1
1013,0,0.08716998994350433,0,0.5599999999999998,4,0.08157052099704742,0,4,0.09373088926076889,0
1014,0,0.04680564999580383,0,0.5599999999999998,2,0.02910064533352852,0,2,0.039178650826215744,0
1015,0,0.011032034642994404,0,0.5599999999999998,5,0.009261728264391422,0,5,0.010383324697613716,0
1016,0,0.02854078821837902,0,0.5599999999999998,5,0.011567823588848114,0,5,0.013610242865979671,0
1017,0,0.006068421062082052,0,0.5599999999999998,2,0.006762371398508549,0,2,0.0077804806642234325,0
1018,0,0.04054024815559387,0,0.5599999999999998,4,0.04561517387628555,0,4,0.04822785034775734,0
1019,0,0.15028849244117737,0,0.5599999999999998,5,0.07340989261865616,0,5,0.07319780439138412,0
1020,0,0.025823568925261497,0,0.5599999999999998,3,0.027213629335165024,0,3,0.03304644674062729,0
1021,0,0.011055038310587406,0,0.5599999999999998,5,0.009168392978608608,0,5,0.01004441361874342,0
1022,0,0.04127638414502144,0,0.5599999999999998,3,0.03263130038976669,0,3,0.026576941832900047,0
1023,0,0.03234010189771652,0,0.5599999999999998,3,0.029827652499079704,0,3,0.038248613476753235,0
1024,0,0.14957405626773834,0,0.5599999999999998,4,0.07273396104574203,0,4,0.08290895819664001,0
1025,0,0.016365760937333107,0,0.5599999999999998,5,0.012081777676939964,0,5,0.012696177698671818,0
1026,0,0.02194419503211975,0,0.5599999999999998,5,0.011480036191642284,0,5,0.01456473208963871,0
1027,0,0.008470100350677967,0,0.5599999999999998,5,0.006517329253256321,0,5,0.007267630193382502,0
1028,0,0.09042415767908096,0,0.5599999999999998,2,0.12328828871250153,0,2,0.1263410598039627,0
1029,1,0.762109637260437,1,0.5599999999999998,3,0.6459736824035645,1,3,0.7374066114425659,1
1030,0,0.8819764852523804,1,0.5599999999999998,4,0.8614094257354736,1,4,0.784041166305542,1
1031,0,0.4497242271900177,0,0.5599999999999998,5,0.32213541865348816,0,5,0.2653284966945648,0
1032,0,0.11322887986898422,0,0.5599999999999998,4,0.11893438547849655,0,4,0.15394657850265503,0
1033,0,0.06417934596538544,0,0.5599999999999998,5,0.049223173409700394,0,5,0.03635815903544426,0
1034,0,0.008190315216779709,0,0.5599999999999998,2,0.006939587648957968,0,2,0.006340715102851391,0
1035,0,0.01649504341185093,0,0.5599999999999998,5,0.011867796070873737,0,5,0.012412930838763714,0
1036,0,0.022196223959326744,0,0.5599999999999998,5,0.011603977531194687,0,5,0.014655189588665962,0
1037,0,0.013090076856315136,0,0.5599999999999998,3,0.011696415953338146,0,3,0.010854176245629787,0
1038,0,0.0429653525352478,0,0.5599999999999998,5,0.028887568041682243,0,5,0.038973912596702576,0
1039,0,0.058846618980169296,0,0.5599999999999998,4,0.06037243455648422,0,4,0.09432709217071533,0
1040,0,0.09748869389295578,0,0.5599999999999998,5,0.1412353366613388,0,5,0.16697564721107483,0
1041,0,0.01926613785326481,0,0.5599999999999998,5,0.029203588142991066,0,5,0.022591376677155495,0
1042,0,0.07441547513008118,0,0.5599999999999998,3,0.04449895769357681,0,3,0.05619600787758827,0
1043,0,0.017854539677500725,0,0.5599999999999998,5,0.016938963904976845,0,5,0.017190713435411453,0
1044,0,0.0054603079333901405,0,0.5599999999999998,2,0.0057965656742453575,0,2,0.0059967958368361,0
1045,0,0.057271018624305725,0,0.5599999999999998,5,0.025712328031659126,0,5,0.029417874291539192,0
1046,0,0.26686304807662964,0,0.5599999999999998,3,0.09893971681594849,0,3,0.09890983253717422,0
1047,1,0.15676264464855194,0,0.5599999999999998,4,0.08871956169605255,0,4,0.14023874700069427,0
1048,0,0.1595747321844101,0,0.5599999999999998,5,0.14416047930717468,0,5,0.1127072274684906,0
1049,0,0.708189845085144,1,0.5599999999999998,2,0.5555245280265808,0,2,0.5319536924362183,0
1050,0,0.04350592941045761,0,0.5599999999999998,3,0.03577623516321182,0,3,0.03297129645943642,0
1051,0,0.7940913438796997,1,0.5599999999999998,2,0.7576752305030823,1,2,0.7696865200996399,1
1052,1,0.24310946464538574,0,0.5599999999999998,5,0.06694648414850235,0,5,0.07031753659248352,0
1053,0,0.11969108134508133,0,0.5599999999999998,3,0.14629660546779633,0,3,0.12701962888240814,0
1054,0,0.3185529112815857,0,0.5599999999999998,2,0.4833907186985016,0,2,0.3272415101528168,0
1055,0,0.03169838339090347,0,0.5599999999999998,5,0.02289237268269062,0,5,0.02806749753654003,0
1056,0,0.03781053051352501,0,0.5599999999999998,2,0.03754906728863716,0,2,0.06513082981109619,0
1057,0,0.01668563485145569,0,0.5599999999999998,5,0.01601479761302471,0,5,0.01232727337628603,0
1058,0,0.08678008615970612,0,0.5599999999999998,4,0.08918644487857819,0,4,0.11560229957103729,0
1059,0,0.10857149213552475,0,0.5599999999999998,5,0.28244882822036743,0,5,0.24636216461658478,0
1060,1,0.431449294090271,0,0.5599999999999998,3,0.4578305780887604,0,3,0.3820946216583252,0
1061,1,0.9648816585540771,1,0.5599999999999998,2,0.9486539363861084,1,2,0.8874205350875854,1
1062,0,0.38653433322906494,0,0.5599999999999998,4,0.3077782392501831,0,4,0.45342880487442017,0
1063,0,0.0119799068197608,0,0.5599999999999998,2,0.01313155610114336,0,2,0.011682571843266487,0
1064,1,0.9303653240203857,1,0.5599999999999998,4,0.7941692471504211,1,4,0.816748321056366,1
1065,0,0.6936466693878174,1,0.5599999999999998,5,0.5923640131950378,1,5,0.6148580312728882,1
1066,0,0.30774644017219543,0,0.5599999999999998,5,0.32648178935050964,0,5,0.5534288883209229,0
1067,0,0.7715229988098145,1,0.5599999999999998,2,0.6576758623123169,1,2,0.6416212916374207,1
1068,0,0.5595815181732178,0,0.5599999999999998,4,0.49561750888824463,0,4,0.4706975519657135,0
1069,0,0.0884115919470787,0,0.5599999999999998,3,0.0913090854883194,0,3,0.09124866127967834,0
1070,0,0.13714823126792908,0,0.5599999999999998,4,0.07084713131189346,0,4,0.13031022250652313,0
1071,1,0.1263536661863327,0,0.5599999999999998,5,0.0862855389714241,0,5,0.09268482774496078,0
1072,1,0.33362624049186707,0,0.5599999999999998,3,0.19910527765750885,0,3,0.17654986679553986,0
1073,0,0.01072835922241211,0,0.5599999999999998,5,0.006813243962824345,0,5,0.009318857453763485,0
1074,0,0.04126788303256035,0,0.5599999999999998,4,0.020476208999753,0,4,0.029632629826664925,0
1075,0,0.01427273266017437,0,0.5599999999999998,4,0.011508501134812832,0,4,0.01444095466285944,0
1076,0,0.04776334390044212,0,0.5599999999999998,5,0.03771687671542168,0,5,0.03358573839068413,0
1077,0,0.12079965323209763,0,0.5599999999999998,3,0.08375942707061768,0,3,0.09633073210716248,0
1078,0,0.18398995697498322,0,0.5599999999999998,5,0.23549121618270874,0,5,0.15899361670017242,0
1079,0,0.11350242048501968,0,0.5599999999999998,5,0.17655639350414276,0,5,0.1481696516275406,0
1080,0,0.13211773335933685,0,0.5599999999999998,5,0.03176729753613472,0,5,0.03131764382123947,0
1081,0,0.2022571861743927,0,0.5599999999999998,4,0.0675886869430542,0,4,0.0818767100572586,0
1082,0,0.01851503551006317,0,0.5599999999999998,5,0.008631453849375248,0,5,0.009730469435453415,0
1083,0,0.3786494731903076,0,0.5599999999999998,5,0.24202777445316315,0,5,0.23632638156414032,0
1084,0,0.32256320118904114,0,0.5599999999999998,5,0.22883038222789764,0,5,0.2681504786014557,0
1085,0,0.03126166760921478,0,0.5599999999999998,3,0.020505892112851143,0,3,0.020619938150048256,0
1086,0,0.2747182846069336,0,0.5599999999999998,5,0.30929994583129883,0,5,0.19827337563037872,0
1087,1,0.10609659552574158,0,0.5599999999999998,2,0.1298496127128601,0,2,0.17201703786849976,0
1088,0,0.024275323376059532,0,0.5599999999999998,3,0.02005203627049923,0,3,0.017577525228261948,0
1089,0,0.018222380429506302,0,0.5599999999999998,4,0.01448209211230278,0,4,0.015590451657772064,0
1090,0,0.06325608491897583,0,0.5599999999999998,5,0.0429251454770565,0,5,0.03985514119267464,0
1091,1,0.46808159351348877,0,0.5599999999999998,2,0.4503350853919983,0,2,0.38672107458114624,0
1092,0,0.37044504284858704,0,0.5599999999999998,4,0.19794315099716187,0,4,0.2754804193973541,0
1093,0,0.45182809233665466,0,0.5599999999999998,3,0.153092160820961,0,3,0.22324509918689728,0
1094,1,0.1686786711215973,0,0.5599999999999998,3,0.19325631856918335,0,3,0.211025208234787,0
1095,0,0.8054019808769226,1,0.5599999999999998,5,0.4971609115600586,0,5,0.5006678104400635,0
1096,0,0.47798407077789307,0,0.5599999999999998,4,0.6233060956001282,1,4,0.5985648036003113,1
1097,0,0.03721576929092407,0,0.5599999999999998,5,0.07343710958957672,0,5,0.07341177016496658,0
1098,1,0.9662055373191833,1,0.5599999999999998,5,0.9707531332969666,1,5,0.9193756580352783,1
1099,1,0.8419133424758911,1,0.5599999999999998,2,0.8878008127212524,1,2,0.8341866135597229,1
1100,1,0.6238977313041687,1,0.5599999999999998,3,0.6382471919059753,1,3,0.5317766666412354,0
1101,1,0.8631446957588196,1,0.5599999999999998,3,0.8873785734176636,1,3,0.8794997334480286,1
1102,0,0.050356894731521606,0,0.5599999999999998,5,0.04954218491911888,0,5,0.051268212497234344,0
1103,0,0.26928284764289856,0,0.5599999999999998,4,0.4965113401412964,0,4,0.340840220451355,0
1104,0,0.07159219682216644,0,0.5599999999999998,5,0.07792561501264572,0,5,0.07772748172283173,0
1105,0,0.04067671671509743,0,0.5599999999999998,5,0.03559733182191849,0,5,0.06250160187482834,0
1106,0,0.017060182988643646,0,0.5599999999999998,5,0.01588190533220768,0,5,0.020774664357304573,0
1107,1,0.875566303730011,1,0.5599999999999998,5,0.6752632856369019,1,5,0.7434427738189697,1
1108,0,0.06748402118682861,0,0.5599999999999998,5,0.13090534508228302,0,5,0.09875943511724472,0
1109,0,0.06807450950145721,0,0.5599999999999998,3,0.06352333724498749,0,3,0.07391955703496933,0
1110,0,0.0810440331697464,0,0.5599999999999998,3,0.028174418956041336,0,3,0.035932883620262146,0
1111,1,0.9540663361549377,1,0.5599999999999998,2,0.9092535972595215,1,2,0.8890130519866943,1
1112,1,0.4735950827598572,0,0.5599999999999998,3,0.49965715408325195,0,3,0.390937477350235,0
1113,0,0.232961967587471,0,0.5599999999999998,4,0.23891593515872955,0,4,0.23203471302986145,0
1114,0,0.03431312367320061,0,0.5599999999999998,5,0.014977305196225643,0,5,0.017988374456763268,0
1115,0,0.3640209138393402,0,0.5599999999999998,5,0.2254342883825302,0,5,0.2449130266904831,0
1116,0,0.018720226362347603,0,0.5599999999999998,5,0.025385528802871704,0,5,0.0410165973007679,0
1117,0,0.3599576950073242,0,0.5599999999999998,2,0.16844642162322998,0,2,0.2112647444009781,0
1118,0,0.08408448845148087,0,0.5599999999999998,5,0.06884043663740158,0,5,0.0758465975522995,0
1119,1,0.5756607055664062,1,0.5599999999999998,5,0.6852962970733643,1,5,0.5436387062072754,0
1120,1,0.7162867784500122,1,0.5599999999999998,4,0.6912987232208252,1,4,0.5885774493217468,1
1121,1,0.2241072803735733,0,0.5599999999999998,5,0.45560699701309204,0,5,0.3668115735054016,0
1122,1,0.7952326536178589,1,0.5599999999999998,5,0.7499067187309265,1,5,0.6850988864898682,1
1123,0,0.8713777661323547,1,0.5599999999999998,5,0.9104982614517212,1,5,0.8970689177513123,1
1124,0,0.8771110773086548,1,0.5599999999999998,4,0.8562948107719421,1,4,0.8608554601669312,1
1125,1,0.96844482421875,1,0.5599999999999998,3,0.9670261144638062,1,3,0.9553148150444031,1
1126,0,0.8425225615501404,1,0.5599999999999998,5,0.835566520690918,1,5,0.8433544635772705,1
1127,0,0.921118438243866,1,0.5599999999999998,5,0.9339966773986816,1,5,0.8993731141090393,1
1128,0,0.01957915909588337,0,0.5599999999999998,5,0.025743398815393448,0,5,0.025624075904488564,0
1129,0,0.014768066816031933,0,0.5599999999999998,2,0.02189163863658905,0,2,0.023379191756248474,0
1130,0,0.016506759449839592,0,0.5599999999999998,3,0.01307649351656437,0,3,0.016082987189292908,0
1131,0,0.01287365797907114,0,0.5599999999999998,3,0.00925538595765829,0,3,0.011106468737125397,0
1132,0,0.012780798599123955,0,0.5599999999999998,3,0.008233847096562386,0,3,0.010310878045856953,0
1133,0,0.21766430139541626,0,0.5599999999999998,4,0.11567098647356033,0,4,0.2125929892063141,0
1134,1,0.7966814041137695,1,0.5599999999999998,4,0.8193563222885132,1,4,0.7454262375831604,1
1135,0,0.0705704316496849,0,0.5599999999999998,5,0.07685831189155579,0,5,0.07743850350379944,0
1136,1,0.13878275454044342,0,0.5599999999999998,5,0.08892592042684555,0,5,0.09075441211462021,0
1137,1,0.7340352535247803,1,0.5599999999999998,3,0.6456649899482727,1,3,0.6210637092590332,1
1138,0,0.11815986037254333,0,0.5599999999999998,5,0.09756054729223251,0,5,0.14643032848834991,0
1139,0,0.7041575312614441,1,0.5599999999999998,5,0.6858616471290588,1,5,0.70245361328125,1
1140,0,0.4018940031528473,0,0.5599999999999998,2,0.3811585605144501,0,2,0.3687622845172882,0
1141,0,0.08060986548662186,0,0.5599999999999998,5,0.08743960410356522,0,5,0.04854581132531166,0
1142,0,0.05142983794212341,0,0.5599999999999998,5,0.030407356098294258,0,5,0.03157534450292587,0
1143,0,0.10466538369655609,0,0.5599999999999998,4,0.0987309142947197,0,4,0.12265617400407791,0
1144,0,0.1211928278207779,0,0.5599999999999998,2,0.07403046637773514,0,2,0.06350923329591751,0
1145,0,0.026622191071510315,0,0.5599999999999998,2,0.02047642506659031,0,2,0.02637396566569805,0
1146,0,0.04863647744059563,0,0.5599999999999998,4,0.06137853115797043,0,4,0.059496186673641205,0
1147,0,0.4679744243621826,0,0.5599999999999998,5,0.529091477394104,0,5,0.5540639758110046,0
1148,1,0.9510247707366943,1,0.5599999999999998,3,0.951225757598877,1,3,0.9152759313583374,1
1149,1,0.9676308035850525,1,0.5599999999999998,4,0.969382107257843,1,4,0.9642796516418457,1
1150,1,0.9842433929443359,1,0.5599999999999998,5,0.9866616129875183,1,5,0.9766473770141602,1
1151,1,0.8017460703849792,1,0.5599999999999998,2,0.778248131275177,1,2,0.7932904958724976,1
1152,1,0.12533687055110931,0,0.5599999999999998,2,0.08771530538797379,0,2,0.08975279331207275,0
1153,0,0.1142248883843422,0,0.5599999999999998,2,0.09340718388557434,0,2,0.07037903368473053,0
1154,0,0.06806396692991257,0,0.5599999999999998,4,0.040546953678131104,0,4,0.038161154836416245,0
1155,0,0.08423272520303726,0,0.5599999999999998,4,0.09261476248502731,0,4,0.12114134430885315,0
1156,0,0.3430958390235901,0,0.5599999999999998,5,0.49332112073898315,0,5,0.3773614764213562,0
1157,0,0.03916564956307411,0,0.5599999999999998,5,0.046791017055511475,0,5,0.03720744699239731,0
1158,0,0.09715667366981506,0,0.5599999999999998,4,0.06591713428497314,0,4,0.0615626685321331,0
1159,0,0.102946437895298,0,0.5599999999999998,4,0.059582095593214035,0,4,0.04653026536107063,0
1160,0,0.14322525262832642,0,0.5599999999999998,3,0.16073669493198395,0,3,0.12973080575466156,0
1161,1,0.8974013328552246,1,0.5599999999999998,3,0.8144282102584839,1,3,0.7972487211227417,1
1162,0,0.8770652413368225,1,0.5599999999999998,5,0.8726087808609009,1,5,0.8655592203140259,1
1163,0,0.01324427966028452,0,0.5599999999999998,3,0.01102281454950571,0,3,0.011046814732253551,0
1164,0,0.01497070025652647,0,0.5599999999999998,3,0.007406287360936403,0,3,0.008443578146398067,0
1165,0,0.0170050747692585,0,0.5599999999999998,2,0.021142425015568733,0,2,0.014549567364156246,0
1166,0,0.07338391244411469,0,0.5599999999999998,2,0.13140301406383514,0,2,0.17844133079051971,0
1167,0,0.5522895455360413,0,0.5599999999999998,4,0.32533934712409973,0,4,0.42694342136383057,0
1168,0,0.9308481216430664,1,0.5599999999999998,4,0.8908088803291321,1,4,0.8044794201850891,1
1169,0,0.05115579441189766,0,0.5599999999999998,5,0.0777953490614891,0,5,0.06068306788802147,0
1170,1,0.8642917275428772,1,0.5599999999999998,5,0.7725739479064941,1,5,0.7329747080802917,1
1171,1,0.11666877567768097,0,0.5599999999999998,3,0.09830283373594284,0,3,0.13363008201122284,0
1172,0,0.15721987187862396,0,0.5599999999999998,3,0.2129599153995514,0,3,0.1485099196434021,0
1173,0,0.01994742825627327,0,0.5599999999999998,3,0.030810486525297165,0,3,0.0286790169775486,0
1174,0,0.25134414434432983,0,0.5599999999999998,3,0.24116180837154388,0,3,0.2211662381887436,0
1175,0,0.27714475989341736,0,0.5599999999999998,3,0.2524881660938263,0,3,0.18945331871509552,0
1176,0,0.26718637347221375,0,0.5599999999999998,3,0.2591162621974945,0,3,0.152232825756073,0
1177,0,0.2669789493083954,0,0.5599999999999998,3,0.3424757122993469,0,3,0.21567463874816895,0
1178,0,0.010585205629467964,0,0.5599999999999998,5,0.007902482524514198,0,5,0.00772887235507369,0
1179,0,0.3139919638633728,0,0.5599999999999998,3,0.3945520520210266,0,3,0.24726037681102753,0
1180,1,0.9623235464096069,1,0.5599999999999998,5,0.9380982518196106,1,5,0.9130629897117615,1
1181,0,0.6720314025878906,1,0.5599999999999998,2,0.5864619612693787,1,2,0.6716190576553345,1
1182,1,0.8918660283088684,1,0.5599999999999998,2,0.928503155708313,1,2,0.8795515894889832,1
1183,0,0.7133541107177734,1,0.5599999999999998,4,0.7944415211677551,1,4,0.7398747205734253,1
1184,0,0.6958875060081482,1,0.5599999999999998,2,0.7478613257408142,1,2,0.6051494479179382,1
1185,1,0.30596262216567993,0,0.5599999999999998,5,0.16894076764583588,0,5,0.3128281533718109,0
1186,0,0.12938526272773743,0,0.5599999999999998,5,0.054558299481868744,0,5,0.07992149144411087,0
1187,0,0.1028040274977684,0,0.5599999999999998,3,0.048845503479242325,0,3,0.06841803342103958,0
1188,0,0.0746857225894928,0,0.5599999999999998,4,0.04765908047556877,0,4,0.059065934270620346,0
1189,0,0.17211905121803284,0,0.5599999999999998,2,0.14789849519729614,0,2,0.1042434424161911,0
1190,0,0.14230813086032867,0,0.5599999999999998,5,0.16166846454143524,0,5,0.10729936510324478,0
1191,0,0.08099502325057983,0,0.5599999999999998,2,0.04305269941687584,0,2,0.05097706988453865,0
1192,0,0.41556620597839355,0,0.5599999999999998,3,0.6421297788619995,1,3,0.5467050671577454,0
1193,0,0.1694682389497757,0,0.5599999999999998,4,0.14798565208911896,0,4,0.09601140022277832,0
1194,0,0.07796471565961838,0,0.5599999999999998,3,0.05699826031923294,0,3,0.051488619297742844,0
1195,0,0.04351063445210457,0,0.5599999999999998,5,0.018297867849469185,0,5,0.02307422272861004,0
1196,0,0.08817238360643387,0,0.5599999999999998,3,0.05319486930966377,0,3,0.05290393903851509,0
1197,0,0.1447044163942337,0,0.5599999999999998,4,0.10919992625713348,0,4,0.15674249827861786,0
1198,0,0.10964701324701309,0,0.5599999999999998,5,0.0520605742931366,0,5,0.041076697409152985,0
1199,0,0.5438903570175171,0,0.5599999999999998,2,0.7726089358329773,1,2,0.7270154356956482,1
1200,0,0.14371730387210846,0,0.5599999999999998,3,0.06061874330043793,0,3,0.06699886918067932,0
1201,0,0.2072971612215042,0,0.5599999999999998,3,0.3074084520339966,0,3,0.2689155042171478,0
1202,1,0.03102405183017254,0,0.5599999999999998,3,0.06267566233873367,0,3,0.05853397399187088,0
1203,0,0.2122538834810257,0,0.5599999999999998,5,0.36990076303482056,0,5,0.26516276597976685,0
1204,0,0.06817326694726944,0,0.5599999999999998,5,0.16640307009220123,0,5,0.1209486573934555,0
1205,0,0.04801318049430847,0,0.5599999999999998,5,0.06625475734472275,0,5,0.0550701878964901,0
1206,0,0.174207404255867,0,0.5599999999999998,3,0.07761238515377045,0,3,0.13086684048175812,0
1207,1,0.9275507926940918,1,0.5599999999999998,5,0.9384673833847046,1,5,0.9471654891967773,1
1208,0,0.032377343624830246,0,0.5599999999999998,4,0.011643151752650738,0,4,0.009774986654520035,0
1209,0,0.1654994636774063,0,0.5599999999999998,5,0.15404333174228668,0,5,0.11902182549238205,0
1210,0,0.41070556640625,0,0.5599999999999998,2,0.18249967694282532,0,2,0.25557583570480347,0
1211,0,0.14634127914905548,0,0.5599999999999998,3,0.11404457688331604,0,3,0.1264270544052124,0
1212,0,0.14193545281887054,0,0.5599999999999998,5,0.051924191415309906,0,5,0.03851685672998428,0
1213,0,0.07264549285173416,0,0.5599999999999998,2,0.05635983496904373,0,2,0.08924578875303268,0
1214,0,0.033561013638973236,0,0.5599999999999998,4,0.01888040266931057,0,4,0.016348645091056824,0
1215,0,0.1535554677248001,0,0.5599999999999998,3,0.10508836060762405,0,3,0.09462715685367584,0
1216,0,0.03862505033612251,0,0.5599999999999998,4,0.04024849459528923,0,4,0.042263150215148926,0
1217,0,0.21436582505702972,0,0.5599999999999998,5,0.4509616792201996,0,5,0.3778063654899597,0
1218,0,0.009136306121945381,0,0.5599999999999998,5,0.007758469320833683,0,5,0.006973935756832361,0
1219,0,0.5776963829994202,1,0.5599999999999998,5,0.5471670627593994,0,5,0.5455153584480286,0
1220,0,0.026169268414378166,0,0.5599999999999998,2,0.02510852739214897,0,2,0.024195801466703415,0
1221,0,0.33406075835227966,0,0.5599999999999998,2,0.17820292711257935,0,2,0.1796799898147583,0
1222,0,0.17369017004966736,0,0.5599999999999998,3,0.14166973531246185,0,3,0.21010306477546692,0
1223,0,0.2736996114253998,0,0.5599999999999998,4,0.20852404832839966,0,4,0.24791796505451202,0
1224,0,0.05050940066576004,0,0.5599999999999998,5,0.026218654587864876,0,5,0.03352107107639313,0
1225,0,0.11217811703681946,0,0.5599999999999998,2,0.10402195900678635,0,2,0.07097279280424118,0
1226,0,0.2781110405921936,0,0.5599999999999998,5,0.10504070669412613,0,5,0.10366387665271759,0
1227,1,0.4649066925048828,0,0.5599999999999998,4,0.36680594086647034,0,4,0.4100150465965271,0
1228,0,0.08973284810781479,0,0.5599999999999998,5,0.11041662096977234,0,5,0.1609192192554474,0
1229,0,0.07413402199745178,0,0.5599999999999998,5,0.15065933763980865,0,5,0.1528889238834381,0
1230,0,0.47906628251075745,0,0.5599999999999998,2,0.27193403244018555,0,2,0.46284693479537964,0
1231,0,0.029552409425377846,0,0.5599999999999998,4,0.04831472411751747,0,4,0.04082981124520302,0
1232,0,0.015866389498114586,0,0.5599999999999998,3,0.023951398208737373,0,3,0.02050423063337803,0
1233,0,0.12984247505664825,0,0.5599999999999998,2,0.08950792253017426,0,2,0.16963821649551392,0
1234,0,0.244506374001503,0,0.5599999999999998,3,0.3679422438144684,0,3,0.26809999346733093,0
1235,0,0.07051535695791245,0,0.5599999999999998,5,0.054467976093292236,0,5,0.07978876680135727,0
1236,1,0.7503686547279358,1,0.5599999999999998,3,0.8639715313911438,1,3,0.717637300491333,1
1237,1,0.4062555432319641,0,0.5599999999999998,2,0.3786671757698059,0,2,0.3276768624782562,0
1238,0,0.08200875669717789,0,0.5599999999999998,5,0.07503816485404968,0,5,0.06033369526267052,0
1239,0,0.030522454530000687,0,0.5599999999999998,4,0.02550131268799305,0,4,0.04260294884443283,0
1240,0,0.09644068032503128,0,0.5599999999999998,3,0.08194157481193542,0,3,0.07910169661045074,0
1241,0,0.4100581109523773,0,0.5599999999999998,4,0.6471480131149292,1,4,0.5540642142295837,0
1242,0,0.027169931679964066,0,0.5599999999999998,5,0.017460668459534645,0,5,0.027734482660889626,0
1243,0,0.301712304353714,0,0.5599999999999998,3,0.233693927526474,0,3,0.2812720835208893,0
1244,0,0.06864891201257706,0,0.5599999999999998,3,0.08711792528629303,0,3,0.08032545447349548,0
1245,0,0.10572319477796555,0,0.5599999999999998,5,0.04699181765317917,0,5,0.0531088262796402,0
1246,0,0.8171235918998718,1,0.5599999999999998,5,0.8996543288230896,1,5,0.8549347519874573,1
1247,0,0.031177841126918793,0,0.5599999999999998,5,0.016865158453583717,0,5,0.010592739097774029,0
1248,0,0.1216144934296608,0,0.5599999999999998,5,0.07054602354764938,0,5,0.08427045494318008,0
1249,0,0.019975053146481514,0,0.5599999999999998,2,0.012828199192881584,0,2,0.013055643066763878,0
1250,0,0.4850843846797943,0,0.5599999999999998,3,0.6613519191741943,1,3,0.5888691544532776,1
1251,0,0.07245100289583206,0,0.5599999999999998,5,0.05751067399978638,0,5,0.07872644811868668,0
1252,0,0.23610229790210724,0,0.5599999999999998,4,0.16833838820457458,0,4,0.13658668100833893,0
1253,0,0.22489823400974274,0,0.5599999999999998,4,0.1106095016002655,0,4,0.09416395425796509,0
1254,0,0.19155055284500122,0,0.5599999999999998,5,0.09787016361951828,0,5,0.2131071388721466,0
1255,0,0.017760057002305984,0,0.5599999999999998,3,0.020298562943935394,0,3,0.020207230001688004,0
1256,0,0.011528768576681614,0,0.5599999999999998,5,0.008531737141311169,0,5,0.007653562352061272,0
1257,0,0.026522371917963028,0,0.5599999999999998,2,0.018747478723526,0,2,0.015531896613538265,0
1258,0,0.010623503476381302,0,0.5599999999999998,3,0.014587259851396084,0,3,0.012902793474495411,0
1259,0,0.08025931566953659,0,0.5599999999999998,4,0.065003901720047,0,4,0.08189242333173752,0
1260,0,0.7631180286407471,1,0.5599999999999998,4,0.7388531565666199,1,4,0.7004877328872681,1
1261,0,0.5300024151802063,0,0.5599999999999998,5,0.2836674749851227,0,5,0.3502095639705658,0
1262,0,0.060955826193094254,0,0.5599999999999998,2,0.03152443841099739,0,2,0.03264274075627327,0
1263,0,0.3437357246875763,0,0.5599999999999998,2,0.2780381143093109,0,2,0.3236030042171478,0
1264,1,0.5411161184310913,0,0.5599999999999998,3,0.4308595657348633,0,3,0.4988625943660736,0
1265,0,0.07351306825876236,0,0.5599999999999998,5,0.119171641767025,0,5,0.1259080022573471,0
1266,0,0.0480964332818985,0,0.5599999999999998,4,0.06512625515460968,0,4,0.07591944932937622,0
1267,1,0.6426894068717957,1,0.5599999999999998,3,0.6490117311477661,1,3,0.684367835521698,1
1268,0,0.3352496922016144,0,0.5599999999999998,4,0.2258910983800888,0,4,0.21811942756175995,0
1269,0,0.2795657813549042,0,0.5599999999999998,5,0.11967829614877701,0,5,0.1337335705757141,0
1270,0,0.22064979374408722,0,0.5599999999999998,5,0.2701636254787445,0,5,0.20048788189888,0
1271,0,0.07407265901565552,0,0.5599999999999998,4,0.05467633157968521,0,4,0.09025115519762039,0
1272,0,0.02647707425057888,0,0.5599999999999998,2,0.026029059663414955,0,2,0.023601677268743515,0
1273,1,0.818618893623352,1,0.5599999999999998,4,0.8777598738670349,1,4,0.8979400396347046,1
1274,0,0.10781499743461609,0,0.5599999999999998,5,0.06518173217773438,0,5,0.08353926986455917,0
1275,1,0.3295193016529083,0,0.5599999999999998,5,0.4939677119255066,0,5,0.5769980549812317,1
1276,1,0.8691509962081909,1,0.5599999999999998,5,0.7961205840110779,1,5,0.758827805519104,1
1277,0,0.551938533782959,0,0.5599999999999998,3,0.3677763044834137,0,3,0.3922414779663086,0
1278,0,0.6689717173576355,1,0.5599999999999998,5,0.7374293208122253,1,5,0.6690517663955688,1
1279,1,0.5617384910583496,1,0.5599999999999998,5,0.42639079689979553,0,5,0.3450605869293213,0
1280,1,0.5032305121421814,0,0.5599999999999998,3,0.4895308315753937,0,3,0.4597453773021698,0
1281,1,0.6799426674842834,1,0.5599999999999998,5,0.8084821701049805,1,5,0.8265834450721741,1
1282,1,0.8351985216140747,1,0.5599999999999998,2,0.6356990933418274,1,2,0.7638295292854309,1
1283,1,0.903330385684967,1,0.5599999999999998,3,0.881657600402832,1,3,0.7270714044570923,1
1284,1,0.8958123326301575,1,0.5599999999999998,4,0.8647363185882568,1,4,0.8088415265083313,1
1285,1,0.7036163806915283,1,0.5599999999999998,5,0.6707783937454224,1,5,0.5048203468322754,0
1286,1,0.7640632390975952,1,0.5599999999999998,5,0.7986924648284912,1,5,0.8073511123657227,1
1287,1,0.9003695249557495,1,0.5599999999999998,5,0.8490365743637085,1,5,0.8419427871704102,1
1288,1,0.7187667489051819,1,0.5599999999999998,5,0.8510035872459412,1,5,0.867378294467926,1
1289,1,0.829535186290741,1,0.5599999999999998,2,0.789993166923523,1,2,0.7061419486999512,1
1290,1,0.957696795463562,1,0.5599999999999998,5,0.9345899224281311,1,5,0.8955387473106384,1
1291,1,0.9179342985153198,1,0.5599999999999998,5,0.8928988575935364,1,5,0.8920754194259644,1
1292,1,0.5991448760032654,1,0.5599999999999998,5,0.6195285320281982,1,5,0.6849061846733093,1
1293,0,0.7339447736740112,1,0.5599999999999998,5,0.6984720230102539,1,5,0.6270812153816223,1
1294,1,0.438960462808609,0,0.5599999999999998,2,0.3774327039718628,0,2,0.49953386187553406,0
1295,1,0.4323939085006714,0,0.5599999999999998,5,0.755096435546875,1,5,0.5639299750328064,1
1296,1,0.9626135230064392,1,0.5599999999999998,2,0.9345114231109619,1,2,0.8603942394256592,1
1297,1,0.9042981863021851,1,0.5599999999999998,5,0.9110933542251587,1,5,0.9023677110671997,1
1298,1,0.8918057084083557,1,0.5599999999999998,5,0.9217322468757629,1,5,0.8834762573242188,1
1299,1,0.9274563193321228,1,0.5599999999999998,5,0.8514972925186157,1,5,0.8393281102180481,1
1300,1,0.9456572532653809,1,0.5599999999999998,5,0.9140974879264832,1,5,0.910178542137146,1
1301,1,0.9429579973220825,1,0.5599999999999998,5,0.9563295245170593,1,5,0.9520476460456848,1
1302,1,0.8233097791671753,1,0.5599999999999998,4,0.775178849697113,1,4,0.715082585811615,1
1303,1,0.5023383498191833,0,0.5599999999999998,5,0.6496102213859558,1,5,0.6491826176643372,1
1304,1,0.9566475749015808,1,0.5599999999999998,3,0.9633487462997437,1,3,0.926790177822113,1
1305,1,0.8080052733421326,1,0.5599999999999998,5,0.8580747246742249,1,5,0.6512430906295776,1
1306,1,0.9212004542350769,1,0.5599999999999998,5,0.9541995525360107,1,5,0.9077966809272766,1
1307,1,0.8844344615936279,1,0.5599999999999998,5,0.9194681644439697,1,5,0.8726202249526978,1
1308,1,0.9632410407066345,1,0.5599999999999998,3,0.933283805847168,1,3,0.8935413360595703,1
1309,1,0.35048139095306396,0,0.5599999999999998,3,0.3299545347690582,0,3,0.2896851599216461,0
1310,1,0.4879697561264038,0,0.5599999999999998,2,0.3974614441394806,0,2,0.3939572870731354,0
1311,1,0.8328074812889099,1,0.5599999999999998,4,0.6964897513389587,1,4,0.5875351428985596,1
1312,1,0.9765241146087646,1,0.5599999999999998,2,0.9702582955360413,1,2,0.9370452165603638,1
1313,1,0.9548951983451843,1,0.5599999999999998,4,0.9530959129333496,1,4,0.8868406414985657,1
1314,1,0.8386405110359192,1,0.5599999999999998,3,0.7619441151618958,1,3,0.6681796908378601,1
1315,0,0.7485929727554321,1,0.5599999999999998,3,0.7089532017707825,1,3,0.6356695294380188,1
1316,1,0.8994473814964294,1,0.5599999999999998,3,0.9017240405082703,1,3,0.8779082894325256,1
1317,1,0.9593625664710999,1,0.5599999999999998,5,0.9584559798240662,1,5,0.9266951084136963,1
1318,1,0.9763519763946533,1,0.5599999999999998,5,0.9700451493263245,1,5,0.9517276287078857,1
1319,1,0.9636809825897217,1,0.5599999999999998,4,0.9607437252998352,1,4,0.900956928730011,1
1320,1,0.9591751098632812,1,0.5599999999999998,5,0.942895770072937,1,5,0.882660448551178,1
1321,0,0.12779806554317474,0,0.5599999999999998,4,0.051837991923093796,0,4,0.08861631900072098,0
1322,0,0.9059884548187256,1,0.5599999999999998,2,0.9325332045555115,1,2,0.8837124705314636,1
1323,1,0.17331014573574066,0,0.5599999999999998,5,0.22315265238285065,0,5,0.2212497889995575,0
1324,0,0.13831265270709991,0,0.5599999999999998,5,0.14666925370693207,0,5,0.18575884401798248,0
1325,1,0.34690359234809875,0,0.5599999999999998,3,0.26794031262397766,0,3,0.41310518980026245,0
1326,0,0.38625282049179077,0,0.5599999999999998,5,0.25206583738327026,0,5,0.2658969759941101,0
1327,0,0.007039865478873253,0,0.5599999999999998,3,0.00884387269616127,0,3,0.010608874261379242,0
1328,0,0.009674734435975552,0,0.5599999999999998,2,0.010304398834705353,0,2,0.009650280699133873,0
1329,0,0.6577325463294983,1,0.5599999999999998,2,0.5569794178009033,0,2,0.5305376052856445,0
1330,0,0.08893389254808426,0,0.5599999999999998,5,0.13055041432380676,0,5,0.1021314486861229,0
1331,0,0.0678769201040268,0,0.5599999999999998,4,0.06976702064275742,0,4,0.06549610942602158,0
1332,1,0.9745074510574341,1,0.5599999999999998,5,0.9676823616027832,1,5,0.9403071403503418,1
1333,1,0.9735144972801208,1,0.5599999999999998,2,0.9645416140556335,1,2,0.9422751069068909,1
1334,1,0.7665563225746155,1,0.5599999999999998,5,0.8224571347236633,1,5,0.672027587890625,1
1335,0,0.7041683793067932,1,0.5599999999999998,3,0.7564576864242554,1,3,0.6556228399276733,1
1336,0,0.1367558240890503,0,0.5599999999999998,3,0.2923717796802521,0,3,0.3608158528804779,0
1337,1,0.9389748573303223,1,0.5599999999999998,4,0.9372193217277527,1,4,0.9300876259803772,1
1338,1,0.943020761013031,1,0.5599999999999998,2,0.9556357860565186,1,2,0.8911800980567932,1
1339,1,0.9750097990036011,1,0.5599999999999998,5,0.9809994697570801,1,5,0.9691697359085083,1
1340,0,0.45146510004997253,0,0.5599999999999998,2,0.461641401052475,0,2,0.5418152213096619,0
1341,1,0.7154946327209473,1,0.5599999999999998,5,0.317705899477005,0,5,0.40910398960113525,0
1342,1,0.7523016333580017,1,0.5599999999999998,2,0.8329854011535645,1,2,0.835970938205719,1
1343,0,0.5831426382064819,1,0.5599999999999998,3,0.40697789192199707,0,3,0.5432378649711609,0
1344,0,0.4449140131473541,0,0.5599999999999998,5,0.4349864721298218,0,5,0.5802419781684875,1
1345,1,0.7713601589202881,1,0.5599999999999998,5,0.38357532024383545,0,5,0.5159298181533813,0
1346,1,0.8474578261375427,1,0.5599999999999998,3,0.7560456991195679,1,3,0.8294522166252136,1
1347,0,0.6413489580154419,1,0.5599999999999998,4,0.4233223497867584,0,4,0.5856200456619263,1
1348,0,0.7843854427337646,1,0.5599999999999998,3,0.5433353781700134,0,3,0.6552301049232483,1
1349,0,0.7671817541122437,1,0.5599999999999998,4,0.6553555130958557,1,4,0.6209343075752258,1
1350,1,0.5113217234611511,0,0.5599999999999998,3,0.4417838156223297,0,3,0.487426221370697,0
1351,1,0.9525954723358154,1,0.5599999999999998,3,0.9431120157241821,1,3,0.8255830407142639,1
1352,1,0.9542863965034485,1,0.5599999999999998,5,0.8643105030059814,1,5,0.8064326643943787,1
1353,1,0.731689989566803,1,0.5599999999999998,2,0.8058895468711853,1,2,0.5096634030342102,0
1354,1,0.908388614654541,1,0.5599999999999998,5,0.7767194509506226,1,5,0.6675949096679688,1
1355,1,0.8422531485557556,1,0.5599999999999998,5,0.8082835078239441,1,5,0.7099027633666992,1
1356,0,0.23989757895469666,0,0.5599999999999998,5,0.2278819978237152,0,5,0.2251998484134674,0
1357,0,0.2689064145088196,0,0.5599999999999998,5,0.3744930922985077,0,5,0.36888688802719116,0
1358,0,0.2263254076242447,0,0.5599999999999998,5,0.17256757616996765,0,5,0.34467414021492004,0
1359,0,0.6310234665870667,1,0.5599999999999998,5,0.45226120948791504,0,5,0.4811999201774597,0
1360,0,0.2858080267906189,0,0.5599999999999998,3,0.3184341788291931,0,3,0.19877929985523224,0
1361,1,0.08566742390394211,0,0.5599999999999998,2,0.11300525814294815,0,2,0.16276434063911438,0
1362,1,0.6492063403129578,1,0.5599999999999998,5,0.43815475702285767,0,5,0.5004218816757202,0
1363,0,0.2410908043384552,0,0.5599999999999998,5,0.24239061772823334,0,5,0.29868239164352417,0
1364,0,0.07422579824924469,0,0.5599999999999998,4,0.08992820978164673,0,4,0.05556963011622429,0
1365,0,0.6134489178657532,1,0.5599999999999998,2,0.6014778017997742,1,2,0.674074113368988,1
1366,1,0.30993035435676575,0,0.5599999999999998,3,0.24927236139774323,0,3,0.24540145695209503,0
1367,0,0.6485306620597839,1,0.5599999999999998,5,0.4547988176345825,0,5,0.49858909845352173,0
1368,1,0.11160358786582947,0,0.5599999999999998,2,0.07672058790922165,0,2,0.07381782680749893,0
1369,0,0.433401882648468,0,0.5599999999999998,3,0.4419844150543213,0,3,0.39941713213920593,0
1370,0,0.20336619019508362,0,0.5599999999999998,4,0.2794429361820221,0,4,0.14040495455265045,0
1371,1,0.7467641830444336,1,0.5599999999999998,4,0.6387989521026611,1,4,0.6889737248420715,1
1372,1,0.7939081192016602,1,0.5599999999999998,5,0.7490350008010864,1,5,0.7557389140129089,1
1373,1,0.9403336048126221,1,0.5599999999999998,4,0.933925449848175,1,4,0.8289505243301392,1
1374,1,0.4152642488479614,0,0.5599999999999998,5,0.2536332309246063,0,5,0.3448358476161957,0
1375,0,0.19280847907066345,0,0.5599999999999998,3,0.07476577162742615,0,3,0.08895589411258698,0
1376,0,0.4509238600730896,0,0.5599999999999998,4,0.49959322810173035,0,4,0.4965567886829376,0
1377,1,0.4224478602409363,0,0.5599999999999998,5,0.2536332309246063,0,5,0.3460846245288849,0
1378,1,0.8385259509086609,1,0.5599999999999998,5,0.8736991882324219,1,5,0.8063846826553345,1
1379,0,0.8162361979484558,1,0.5599999999999998,2,0.740276038646698,1,2,0.8051736354827881,1
1380,0,0.512231171131134,0,0.5599999999999998,3,0.5197980999946594,0,3,0.5942549705505371,1
1381,0,0.5172197818756104,0,0.5599999999999998,5,0.2843056321144104,0,5,0.236434206366539,0
1382,1,0.8294515609741211,1,0.5599999999999998,4,0.8046080470085144,1,4,0.7964673042297363,1
1383,1,0.9198233485221863,1,0.5599999999999998,5,0.8826473355293274,1,5,0.8389835357666016,1
1384,1,0.6404383778572083,1,0.5599999999999998,2,0.5364147424697876,0,2,0.40694981813430786,0
1385,0,0.8454421162605286,1,0.5599999999999998,3,0.8059414625167847,1,3,0.7223128080368042,1
1386,1,0.7865702509880066,1,0.5599999999999998,4,0.8779369592666626,1,4,0.8270139098167419,1
1387,1,0.8684751987457275,1,0.5599999999999998,5,0.8420324921607971,1,5,0.7840855121612549,1
1388,1,0.5950413942337036,1,0.5599999999999998,2,0.5781674385070801,1,2,0.4678824841976166,0
1389,1,0.546838641166687,0,0.5599999999999998,5,0.3119523525238037,0,5,0.3293216824531555,0
1390,1,0.4742969870567322,0,0.5599999999999998,4,0.3012835681438446,0,4,0.2939835786819458,0
1391,0,0.037179622799158096,0,0.5599999999999998,4,0.045403897762298584,0,4,0.046373914927244186,0
1392,0,0.09137853980064392,0,0.5599999999999998,2,0.09421248733997345,0,2,0.14836063981056213,0
1393,0,0.22443148493766785,0,0.5599999999999998,5,0.2621046304702759,0,5,0.23058731853961945,0
1394,0,0.2875559329986572,0,0.5599999999999998,5,0.3356465995311737,0,5,0.24640949070453644,0
1395,0,0.10687518119812012,0,0.5599999999999998,3,0.06921742856502533,0,3,0.0771254375576973,0
1396,0,0.1628146469593048,0,0.5599999999999998,5,0.06636262685060501,0,5,0.0606827586889267,0
1397,0,0.06170424446463585,0,0.5599999999999998,5,0.0443013459444046,0,5,0.04453162103891373,0
1398,0,0.1272171586751938,0,0.5599999999999998,5,0.07811352610588074,0,5,0.09309490025043488,0
1399,0,0.675682008266449,1,0.5599999999999998,4,0.6020169854164124,1,4,0.5977873802185059,1
1400,0,0.5149120092391968,0,0.5599999999999998,5,0.4510834813117981,0,5,0.5005640983581543,0
1401,0,0.18829400837421417,0,0.5599999999999998,4,0.1503254771232605,0,4,0.210329070687294,0
1402,0,0.14443634450435638,0,0.5599999999999998,3,0.1668190211057663,0,3,0.1598188877105713,0
1403,0,0.16339966654777527,0,0.5599999999999998,2,0.08380836993455887,0,2,0.09784732013940811,0
1404,1,0.4702799916267395,0,0.5599999999999998,5,0.5886869430541992,1,5,0.6435375213623047,1
1405,0,0.05000285804271698,0,0.5599999999999998,4,0.05807924270629883,0,4,0.05939260870218277,0
1406,0,0.027836931869387627,0,0.5599999999999998,2,0.04471292719244957,0,2,0.05962647125124931,0
1407,0,0.1156790629029274,0,0.5599999999999998,5,0.14977875351905823,0,5,0.16081321239471436,0
1408,1,0.14974984526634216,0,0.5599999999999998,5,0.21603016555309296,0,5,0.17932753264904022,0
1409,1,0.6681659817695618,1,0.5599999999999998,5,0.6918113827705383,1,5,0.7607965469360352,1
1410,1,0.8865801692008972,1,0.5599999999999998,4,0.9015083312988281,1,4,0.8706281185150146,1
1411,1,0.9386652112007141,1,0.5599999999999998,4,0.9117416739463806,1,4,0.8850040435791016,1
1412,1,0.9720203876495361,1,0.5599999999999998,3,0.9716441035270691,1,3,0.9712042808532715,1
1413,1,0.9081119894981384,1,0.5599999999999998,5,0.9243072867393494,1,5,0.9036381840705872,1
1414,1,0.34365203976631165,0,0.5599999999999998,3,0.2939155101776123,0,3,0.2818838059902191,0
1415,0,0.8901771903038025,1,0.5599999999999998,2,0.9051474928855896,1,2,0.874765932559967,1
1416,1,0.9160715937614441,1,0.5599999999999998,3,0.8577568531036377,1,3,0.8435113430023193,1
1417,0,0.619442343711853,1,0.5599999999999998,4,0.6655315160751343,1,4,0.6307981014251709,1
1418,1,0.8135026097297668,1,0.5599999999999998,5,0.6863102316856384,1,5,0.6568778157234192,1
1419,1,0.6324335932731628,1,0.5599999999999998,2,0.6458432078361511,1,2,0.6239371299743652,1
1420,0,0.028790052980184555,0,0.5599999999999998,5,0.03518630564212799,0,5,0.027963249012827873,0
1421,1,0.7697262763977051,1,0.5599999999999998,4,0.653059184551239,1,4,0.6915117502212524,1
1422,1,0.3020298480987549,0,0.5599999999999998,2,0.21805302798748016,0,2,0.35307154059410095,0
1423,0,0.9413394331932068,1,0.5599999999999998,3,0.8695898652076721,1,3,0.8573485612869263,1
1424,1,0.6110562086105347,1,0.5599999999999998,5,0.5534001588821411,0,5,0.4504106938838959,0
1425,0,0.4510755240917206,0,0.5599999999999998,5,0.3201260566711426,0,5,0.2523374855518341,0
1426,1,0.6500985622406006,1,0.5599999999999998,5,0.8345437049865723,1,5,0.7910891175270081,1
1427,0,0.04644514620304108,0,0.5599999999999998,5,0.13609705865383148,0,5,0.1491033434867859,0
1428,1,0.7811975479125977,1,0.5599999999999998,4,0.8510732650756836,1,4,0.7311142683029175,1
1429,0,0.012356678023934364,0,0.5599999999999998,5,0.009600416757166386,0,5,0.008180365897715092,0
1430,0,0.3261817991733551,0,0.5599999999999998,5,0.22250612080097198,0,5,0.23508363962173462,0
1431,1,0.5576412081718445,0,0.5599999999999998,3,0.5313709378242493,0,3,0.44271498918533325,0
1432,0,0.020006658509373665,0,0.5599999999999998,3,0.02616778016090393,0,3,0.02740936540067196,0
1433,0,0.0586690716445446,0,0.5599999999999998,3,0.029800990596413612,0,3,0.050789725035429,0
1434,0,0.039483487606048584,0,0.5599999999999998,3,0.05572902783751488,0,3,0.06278590112924576,0
1435,0,0.12838278710842133,0,0.5599999999999998,5,0.14139726758003235,0,5,0.21745620667934418,0
1436,0,0.2943519055843353,0,0.5599999999999998,4,0.10585543513298035,0,4,0.15168417990207672,0
1437,0,0.019419467076659203,0,0.5599999999999998,5,0.012004171498119831,0,5,0.008636548183858395,0
1438,0,0.4965595006942749,0,0.5599999999999998,3,0.2756892740726471,0,3,0.25742068886756897,0
1439,0,0.3433966636657715,0,0.5599999999999998,4,0.1696632206439972,0,4,0.23818692564964294,0
1440,1,0.7613502144813538,1,0.5599999999999998,3,0.6944630146026611,1,3,0.7514974474906921,1
1441,0,0.2529749572277069,0,0.5599999999999998,3,0.1519804149866104,0,3,0.14833328127861023,0
1442,0,0.09973426163196564,0,0.5599999999999998,2,0.13277585804462433,0,2,0.11526676267385483,0
1443,0,0.07861814647912979,0,0.5599999999999998,3,0.09785263985395432,0,3,0.09085921198129654,0
1444,1,0.7117977738380432,1,0.5599999999999998,3,0.46040821075439453,0,3,0.40262892842292786,0
1445,0,0.1631532907485962,0,0.5599999999999998,5,0.20763467252254486,0,5,0.25381240248680115,0
1446,0,0.08649595081806183,0,0.5599999999999998,4,0.11392077058553696,0,4,0.10375484824180603,0
1447,0,0.6812824606895447,1,0.5599999999999998,5,0.5925604701042175,1,5,0.6793363094329834,1
1448,0,0.9023857116699219,1,0.5599999999999998,2,0.8979356288909912,1,2,0.8581664562225342,1
1449,0,0.07220638543367386,0,0.5599999999999998,3,0.09501495957374573,0,3,0.10141675174236298,0
1450,0,0.012560518458485603,0,0.5599999999999998,5,0.018589794635772705,0,5,0.0207576435059309,0
1451,1,0.8798971772193909,1,0.5599999999999998,2,0.8888533711433411,1,2,0.9091746211051941,1
1452,1,0.7635544538497925,1,0.5599999999999998,4,0.7066632509231567,1,4,0.6254699230194092,1
1453,0,0.10835877060890198,0,0.5599999999999998,2,0.12847812473773956,0,2,0.3014792501926422,0
1454,0,0.40558454394340515,0,0.5599999999999998,2,0.3202713429927826,0,2,0.3978513479232788,0
1455,0,0.07643364369869232,0,0.5599999999999998,5,0.039840444922447205,0,5,0.05037101358175278,0
1456,0,0.05800960958003998,0,0.5599999999999998,5,0.06731059402227402,0,5,0.06376565992832184,0
1457,1,0.06966110318899155,0,0.5599999999999998,5,0.08853669464588165,0,5,0.08133480697870255,0
1458,0,0.06193747743964195,0,0.5599999999999998,5,0.07987239956855774,0,5,0.08254076540470123,0
1459,0,0.10804153978824615,0,0.5599999999999998,5,0.12754525244235992,0,5,0.1558864265680313,0
1460,1,0.12439195066690445,0,0.5599999999999998,5,0.09914413094520569,0,5,0.14537718892097473,0
1461,1,0.09126777946949005,0,0.5599999999999998,5,0.09896238148212433,0,5,0.11650583893060684,0
1462,0,0.11533106863498688,0,0.5599999999999998,5,0.15680700540542603,0,5,0.21329189836978912,0
1463,0,0.12549853324890137,0,0.5599999999999998,5,0.13853339850902557,0,5,0.17047467827796936,0
1464,1,0.1630469113588333,0,0.5599999999999998,5,0.11850519478321075,0,5,0.12142970412969589,0
1465,1,0.12772881984710693,0,0.5599999999999998,5,0.14731106162071228,0,5,0.18950292468070984,0
1466,1,0.1534215658903122,0,0.5599999999999998,5,0.24427099525928497,0,5,0.25148671865463257,0
1467,1,0.05587339028716087,0,0.5599999999999998,5,0.06699046492576599,0,5,0.08605311065912247,0
1468,0,0.6185206174850464,1,0.5599999999999998,4,0.4730828106403351,0,4,0.5664013028144836,1
1469,0,0.5869149565696716,1,0.5599999999999998,4,0.47798827290534973,0,4,0.5538215041160583,0
1470,0,0.6023043990135193,1,0.5599999999999998,2,0.6388307809829712,1,2,0.7352381944656372,1
1471,0,0.551838219165802,0,0.5599999999999998,2,0.5108631253242493,0,2,0.5324367880821228,0
1472,1,0.12509477138519287,0,0.5599999999999998,5,0.06465565413236618,0,5,0.07971253246068954,0
1473,0,0.37325751781463623,0,0.5599999999999998,5,0.40714916586875916,0,5,0.34850752353668213,0
1474,0,0.8381237387657166,1,0.5599999999999998,5,0.4928763806819916,0,5,0.3462734818458557,0
1475,1,0.6834902167320251,1,0.5599999999999998,2,0.6936511397361755,1,2,0.7416173815727234,1
1476,0,0.31711116433143616,0,0.5599999999999998,2,0.29901012778282166,0,2,0.42219671607017517,0
1477,1,0.15674728155136108,0,0.5599999999999998,3,0.11176282167434692,0,3,0.1660861074924469,0
1478,1,0.738784670829773,1,0.5599999999999998,4,0.5981003642082214,1,4,0.5534555912017822,0
1479,0,0.5710887908935547,1,0.5599999999999998,5,0.4934270977973938,0,5,0.3591843247413635,0
1480,1,0.44615793228149414,0,0.5599999999999998,5,0.3220910131931305,0,5,0.4261409342288971,0
1481,1,0.5014804601669312,0,0.5599999999999998,3,0.5504603981971741,0,3,0.5564253926277161,0
1482,0,0.1827225685119629,0,0.5599999999999998,5,0.20041900873184204,0,5,0.1069825291633606,0
1483,0,0.19428277015686035,0,0.5599999999999998,4,0.15864992141723633,0,4,0.1587895303964615,0
1484,1,0.03549744188785553,0,0.5599999999999998,5,0.0191532950848341,0,5,0.01501998770982027,0
1485,0,0.6593835353851318,1,0.5599999999999998,2,0.4924795925617218,0,2,0.5559507012367249,0
1486,0,0.5171223282814026,0,0.5599999999999998,5,0.21106363832950592,0,5,0.18501362204551697,0
1487,1,0.8846060633659363,1,0.5599999999999998,3,0.7286286354064941,1,3,0.8223212361335754,1
1488,0,0.016725463792681694,0,0.5599999999999998,4,0.013342644087970257,0,4,0.015088451094925404,0
1489,0,0.017241865396499634,0,0.5599999999999998,4,0.039388738572597504,0,4,0.03015955723822117,0
1490,0,0.2323925793170929,0,0.5599999999999998,2,0.11938291788101196,0,2,0.11227379739284515,0
1491,0,0.5972470045089722,1,0.5599999999999998,5,0.6829245090484619,1,5,0.6546115279197693,1
1492,0,0.1111929640173912,0,0.5599999999999998,3,0.18461006879806519,0,3,0.1526661366224289,0
1493,0,0.12750253081321716,0,0.5599999999999998,5,0.09500392526388168,0,5,0.16172413527965546,0
1494,0,0.45006003975868225,0,0.5599999999999998,2,0.3335195481777191,0,2,0.36250388622283936,0
1495,0,0.09778495877981186,0,0.5599999999999998,5,0.07416260242462158,0,5,0.07428419589996338,0
1496,0,0.07770439982414246,0,0.5599999999999998,2,0.045526109635829926,0,2,0.04948395490646362,0
1497,0,0.37539517879486084,0,0.5599999999999998,2,0.26989731192588806,0,2,0.34407931566238403,0
1498,0,0.10054796189069748,0,0.5599999999999998,5,0.08396781980991364,0,5,0.0951465368270874,0
1499,0,0.06581664085388184,0,0.5599999999999998,4,0.04575970768928528,0,4,0.051450490951538086,0
1500,1,0.05492227524518967,0,0.5599999999999998,2,0.06367819756269455,0,2,0.11248105019330978,0
1501,0,0.07121586054563522,0,0.5599999999999998,5,0.056154560297727585,0,5,0.06489410996437073,0
1502,0,0.1084955632686615,0,0.5599999999999998,5,0.053533829748630524,0,5,0.053029078990221024,0
1503,0,0.201993927359581,0,0.5599999999999998,3,0.39306485652923584,0,3,0.2580777108669281,0
1504,1,0.3134806454181671,0,0.5599999999999998,5,0.4086149334907532,0,5,0.5625056028366089,1
1505,1,0.8471695780754089,1,0.5599999999999998,3,0.7808907628059387,1,3,0.6196107864379883,1
1506,0,0.04945990443229675,0,0.5599999999999998,5,0.04013513773679733,0,5,0.04069114103913307,0
1507,0,0.38509756326675415,0,0.5599999999999998,3,0.34813591837882996,0,3,0.25852882862091064,0
1508,0,0.03286725655198097,0,0.5599999999999998,5,0.049363795667886734,0,5,0.039868250489234924,0
1509,0,0.035886578261852264,0,0.5599999999999998,5,0.032781630754470825,0,5,0.03656108304858208,0
1510,0,0.031594764441251755,0,0.5599999999999998,5,0.033033955842256546,0,5,0.03336126729846001,0
1511,0,0.11003659665584564,0,0.5599999999999998,3,0.16894684731960297,0,3,0.17207780480384827,0
1512,0,0.04687103256583214,0,0.5599999999999998,5,0.06345046311616898,0,5,0.07692407816648483,0
1513,0,0.01797446422278881,0,0.5599999999999998,3,0.019294416531920433,0,3,0.015985412523150444,0
1514,0,0.06746581196784973,0,0.5599999999999998,5,0.06102355197072029,0,5,0.06791873276233673,0
1515,0,0.011800318956375122,0,0.5599999999999998,4,0.009717607870697975,0,4,0.01250109076499939,0
1516,0,0.0501081645488739,0,0.5599999999999998,4,0.07093597948551178,0,4,0.06216169148683548,0
1517,0,0.05226293206214905,0,0.5599999999999998,5,0.030378038063645363,0,5,0.03156677260994911,0
1518,0,0.1944933533668518,0,0.5599999999999998,5,0.4053918123245239,0,5,0.448853075504303,0
1519,0,0.23447568714618683,0,0.5599999999999998,5,0.10681768506765366,0,5,0.1794755905866623,0
1520,0,0.061036452651023865,0,0.5599999999999998,5,0.067288339138031,0,5,0.0785527154803276,0
1521,0,0.05007622018456459,0,0.5599999999999998,5,0.031038368120789528,0,5,0.031105725094676018,0
1522,0,0.014272566884756088,0,0.5599999999999998,5,0.009021741338074207,0,5,0.00837257131934166,0
1523,0,0.030648717656731606,0,0.5599999999999998,3,0.032967206090688705,0,3,0.05306011065840721,0
1524,0,0.008695537224411964,0,0.5599999999999998,4,0.0076515707187354565,0,4,0.006964422296732664,0
1525,0,0.40418732166290283,0,0.5599999999999998,4,0.43015503883361816,0,4,0.5056658387184143,0
1526,0,0.05913528427481651,0,0.5599999999999998,2,0.06493230164051056,0,2,0.06789523363113403,0
1527,0,0.09793689101934433,0,0.5599999999999998,4,0.08652938157320023,0,4,0.26271888613700867,0
1528,0,0.24937370419502258,0,0.5599999999999998,5,0.19140906631946564,0,5,0.13274823129177094,0
1529,0,0.1474904716014862,0,0.5599999999999998,3,0.10154177993535995,0,3,0.07887210696935654,0
1530,0,0.09298659861087799,0,0.5599999999999998,5,0.06059907004237175,0,5,0.08132652938365936,0
1531,0,0.17409062385559082,0,0.5599999999999998,2,0.1310855746269226,0,2,0.14469583332538605,0
1532,0,0.06788657605648041,0,0.5599999999999998,5,0.04133901000022888,0,5,0.057154811918735504,0
1533,0,0.10860484838485718,0,0.5599999999999998,3,0.08713110536336899,0,3,0.09667791426181793,0
1534,0,0.11168590933084488,0,0.5599999999999998,5,0.06967991590499878,0,5,0.05514904856681824,0
1535,0,0.023669684305787086,0,0.5599999999999998,3,0.02915978617966175,0,3,0.0305895134806633,0
1536,1,0.5156543254852295,0,0.5599999999999998,4,0.504709780216217,0,4,0.48715558648109436,0
1537,0,0.21018394827842712,0,0.5599999999999998,5,0.2781603932380676,0,5,0.39152541756629944,0
1538,0,0.9479904174804688,1,0.5599999999999998,5,0.9459494948387146,1,5,0.9366506934165955,1
1539,1,0.5247126817703247,0,0.5599999999999998,3,0.45789995789527893,0,3,0.5323259830474854,0
1540,0,0.13430146872997284,0,0.5599999999999998,2,0.13954466581344604,0,2,0.18311047554016113,0
1541,0,0.11307457089424133,0,0.5599999999999998,5,0.09303802996873856,0,5,0.07549109309911728,0
1542,0,0.4727560579776764,0,0.5599999999999998,4,0.49754178524017334,0,4,0.39913442730903625,0
1543,0,0.027955304831266403,0,0.5599999999999998,4,0.06803600490093231,0,4,0.06957410275936127,0
1544,0,0.09733841568231583,0,0.5599999999999998,5,0.06048615276813507,0,5,0.039796214550733566,0
1545,0,0.17450951039791107,0,0.5599999999999998,5,0.09760763496160507,0,5,0.13568507134914398,0
1546,0,0.5794310569763184,1,0.5599999999999998,2,0.40719231963157654,0,2,0.35379844903945923,0
1547,0,0.20627076923847198,0,0.5599999999999998,2,0.14170514047145844,0,2,0.1623506247997284,0
1548,0,0.4283965826034546,0,0.5599999999999998,4,0.17654411494731903,0,4,0.20522809028625488,0
1549,0,0.3033636808395386,0,0.5599999999999998,5,0.12355933338403702,0,5,0.144240602850914,0
1550,0,0.08693811297416687,0,0.5599999999999998,5,0.07378888130187988,0,5,0.09303159266710281,0
1551,0,0.2033887505531311,0,0.5599999999999998,3,0.13970905542373657,0,3,0.18385399878025055,0
1552,0,0.4201781451702118,0,0.5599999999999998,2,0.21304729580879211,0,2,0.21533413231372833,0
1553,0,0.052469637244939804,0,0.5599999999999998,3,0.046616241335868835,0,3,0.04027947783470154,0
1554,0,0.11871498823165894,0,0.5599999999999998,2,0.11059883236885071,0,2,0.07608076184988022,0
1555,0,0.03310566395521164,0,0.5599999999999998,2,0.019022133201360703,0,2,0.01643211580812931,0
1556,0,0.3720262348651886,0,0.5599999999999998,4,0.3881254494190216,0,4,0.3322378695011139,0
1557,1,0.35178881883621216,0,0.5599999999999998,4,0.1558545082807541,0,4,0.2143564224243164,0
1558,1,0.28189074993133545,0,0.5599999999999998,5,0.3237397372722626,0,5,0.43691667914390564,0
1559,0,0.16500282287597656,0,0.5599999999999998,5,0.09098634123802185,0,5,0.05098935589194298,0
1560,0,0.4457027018070221,0,0.5599999999999998,5,0.3246564269065857,0,5,0.3002353608608246,0
1561,0,0.13832460343837738,0,0.5599999999999998,5,0.06345036625862122,0,5,0.06437046080827713,0
1562,0,0.10383465141057968,0,0.5599999999999998,5,0.0375378243625164,0,5,0.032916828989982605,0
1563,0,0.30157849192619324,0,0.5599999999999998,5,0.24962003529071808,0,5,0.206324502825737,0
1564,1,0.1478388011455536,0,0.5599999999999998,4,0.16571250557899475,0,4,0.22893643379211426,0
1565,0,0.21917949616909027,0,0.5599999999999998,5,0.08728806674480438,0,5,0.10698599368333817,0
1566,1,0.5638307332992554,1,0.5599999999999998,5,0.3037486970424652,0,5,0.3522142469882965,0
1567,0,0.4453924000263214,0,0.5599999999999998,5,0.2038051337003708,0,5,0.15184521675109863,0
1568,0,0.01772591844201088,0,0.5599999999999998,3,0.01237906701862812,0,3,0.01431521400809288,0
1569,0,0.02362196147441864,0,0.5599999999999998,5,0.01792510785162449,0,5,0.015968013554811478,0
1570,0,0.07937916368246078,0,0.5599999999999998,3,0.06512463092803955,0,3,0.08190635591745377,0
1571,0,0.021225929260253906,0,0.5599999999999998,5,0.01949518360197544,0,5,0.015789829194545746,0
1572,0,0.07179326564073563,0,0.5599999999999998,2,0.06502526998519897,0,2,0.08537305891513824,0
1573,0,0.007948527112603188,0,0.5599999999999998,5,0.0073219360783696175,0,5,0.006334229372441769,0
1574,0,0.014908780343830585,0,0.5599999999999998,3,0.0255733709782362,0,3,0.022749368101358414,0
1575,0,0.011789647862315178,0,0.5599999999999998,2,0.012179828248918056,0,2,0.015245220623910427,0
1576,0,0.015992073342204094,0,0.5599999999999998,3,0.03368200361728668,0,3,0.031049024313688278,0
1577,0,0.010992000810801983,0,0.5599999999999998,3,0.011723924428224564,0,3,0.011915723793208599,0
1578,0,0.012891109101474285,0,0.5599999999999998,3,0.014021921902894974,0,3,0.013347987085580826,0
1579,0,0.009461456909775734,0,0.5599999999999998,5,0.008627518080174923,0,5,0.007459990214556456,0
1580,0,0.01874435693025589,0,0.5599999999999998,5,0.011229725554585457,0,5,0.013723036274313927,0
1581,0,0.3035097122192383,0,0.5599999999999998,4,0.20993734896183014,0,4,0.26899784803390503,0
1582,1,0.22613860666751862,0,0.5599999999999998,3,0.19706198573112488,0,3,0.25196757912635803,0
1583,0,0.01064309198409319,0,0.5599999999999998,5,0.010207492858171463,0,5,0.009581067599356174,0
1584,0,0.015276092104613781,0,0.5599999999999998,3,0.011181884445250034,0,3,0.015639031305909157,0
1585,0,0.28692471981048584,0,0.5599999999999998,5,0.12877418100833893,0,5,0.13417035341262817,0
1586,0,0.07989665120840073,0,0.5599999999999998,3,0.05088724568486214,0,3,0.04172063246369362,0
1587,1,0.14578929543495178,0,0.5599999999999998,5,0.051983561366796494,0,5,0.06678515672683716,0
1588,0,0.05285697430372238,0,0.5599999999999998,5,0.05434071272611618,0,5,0.06352623552083969,0
1589,0,0.3418935239315033,0,0.5599999999999998,5,0.5246934294700623,0,5,0.5540986657142639,0
1590,0,0.23331306874752045,0,0.5599999999999998,3,0.15609969198703766,0,3,0.1214398741722107,0
1591,0,0.08825758844614029,0,0.5599999999999998,2,0.03353109210729599,0,2,0.03458124026656151,0
1592,0,0.02310360036790371,0,0.5599999999999998,3,0.029312752187252045,0,3,0.03009098954498768,0
1593,0,0.013413152657449245,0,0.5599999999999998,4,0.03161553293466568,0,4,0.02654353156685829,0
1594,0,0.08045566082000732,0,0.5599999999999998,5,0.05815626308321953,0,5,0.06968249380588531,0
1595,0,0.10091978311538696,0,0.5599999999999998,5,0.20035405457019806,0,5,0.16375352442264557,0
1596,0,0.10292056947946548,0,0.5599999999999998,4,0.10253635793924332,0,4,0.09426602721214294,0
1597,0,0.15973015129566193,0,0.5599999999999998,5,0.10270211845636368,0,5,0.1185080036520958,0
1598,0,0.1657453328371048,0,0.5599999999999998,5,0.09687599539756775,0,5,0.15169602632522583,0
1599,0,0.018198426812887192,0,0.5599999999999998,5,0.04088465869426727,0,5,0.0517895445227623,0
1600,0,0.05986814945936203,0,0.5599999999999998,5,0.06904660165309906,0,5,0.07786860316991806,0
1601,0,0.17048633098602295,0,0.5599999999999998,5,0.08141855895519257,0,5,0.08926133066415787,0
1602,0,0.06797448545694351,0,0.5599999999999998,4,0.030290555208921432,0,4,0.03881373628973961,0
1603,0,0.15808026492595673,0,0.5599999999999998,5,0.24205537140369415,0,5,0.4861218333244324,0
1604,0,0.0719868466258049,0,0.5599999999999998,5,0.08021491020917892,0,5,0.06707347184419632,0
1605,0,0.6125220060348511,1,0.5599999999999998,5,0.527679979801178,0,5,0.48879244923591614,0
1606,0,0.040604498237371445,0,0.5599999999999998,5,0.02777043543756008,0,5,0.035010356456041336,0
1607,0,0.043702948838472366,0,0.5599999999999998,3,0.04732658714056015,0,3,0.047126490622758865,0
1608,0,0.25241774320602417,0,0.5599999999999998,5,0.2259359061717987,0,5,0.131372332572937,0
1609,0,0.2097860723733902,0,0.5599999999999998,5,0.14090043306350708,0,5,0.12153235077857971,0
1610,0,0.05293266475200653,0,0.5599999999999998,5,0.04801790043711662,0,5,0.059174150228500366,0
1611,0,0.31881189346313477,0,0.5599999999999998,5,0.1771724373102188,0,5,0.21409179270267487,0
1612,0,0.4259684681892395,0,0.5599999999999998,5,0.3190195858478546,0,5,0.24521677196025848,0
1613,0,0.4077136516571045,0,0.5599999999999998,3,0.13910336792469025,0,3,0.15159332752227783,0
1614,0,0.11345025151968002,0,0.5599999999999998,5,0.17742300033569336,0,5,0.12769849598407745,0
1615,0,0.31866148114204407,0,0.5599999999999998,2,0.16219741106033325,0,2,0.19254115223884583,0
1616,0,0.03705389052629471,0,0.5599999999999998,2,0.03784206882119179,0,2,0.034127362072467804,0
1617,0,0.2586232125759125,0,0.5599999999999998,4,0.20941467583179474,0,4,0.17480167746543884,0
1618,0,0.0294621754437685,0,0.5599999999999998,5,0.028888504952192307,0,5,0.02947899140417576,0
1619,0,0.44672152400016785,0,0.5599999999999998,3,0.3013806939125061,0,3,0.20069342851638794,0
1620,1,0.2732263505458832,0,0.5599999999999998,5,0.14390626549720764,0,5,0.17029815912246704,0
1621,0,0.3594488203525543,0,0.5599999999999998,5,0.40758198499679565,0,5,0.4770409166812897,0
1622,0,0.6075040698051453,1,0.5599999999999998,5,0.5489084720611572,0,5,0.5033288598060608,0
1623,0,0.16673222184181213,0,0.5599999999999998,5,0.04893080145120621,0,5,0.08347409218549728,0
1624,0,0.1448647677898407,0,0.5599999999999998,4,0.19897979497909546,0,4,0.25638383626937866,0
1625,1,0.7915604710578918,1,0.5599999999999998,4,0.8172944188117981,1,4,0.7568297386169434,1
1626,0,0.29138511419296265,0,0.5599999999999998,3,0.37554872035980225,0,3,0.5692029595375061,1
1627,0,0.012173427268862724,0,0.5599999999999998,3,0.014530224725604057,0,3,0.027158910408616066,0
1628,0,0.008937925100326538,0,0.5599999999999998,3,0.007437636144459248,0,3,0.008056811057031155,0
1629,0,0.01893482729792595,0,0.5599999999999998,3,0.013153733685612679,0,3,0.015698136761784554,0
1630,0,0.011325499974191189,0,0.5599999999999998,3,0.014747703447937965,0,3,0.019333379343152046,0
1631,0,0.011884599924087524,0,0.5599999999999998,5,0.013719924725592136,0,5,0.012944431975483894,0
1632,0,0.020562054589390755,0,0.5599999999999998,3,0.012408817186951637,0,3,0.014696513302624226,0
1633,0,0.2820371687412262,0,0.5599999999999998,3,0.24829208850860596,0,3,0.25918689370155334,0
1634,1,0.8190089464187622,1,0.5599999999999998,2,0.7401325106620789,1,2,0.7388505935668945,1
1635,0,0.07341409474611282,0,0.5599999999999998,5,0.07191473245620728,0,5,0.09003143012523651,0
1636,0,0.09710513055324554,0,0.5599999999999998,3,0.09665630012750626,0,3,0.1505827009677887,0
1637,0,0.46526414155960083,0,0.5599999999999998,5,0.37761190533638,0,5,0.37773117423057556,0
1638,0,0.30625805258750916,0,0.5599999999999998,3,0.3462779223918915,0,3,0.36752453446388245,0
1639,0,0.23743994534015656,0,0.5599999999999998,2,0.16094964742660522,0,2,0.18279492855072021,0
1640,0,0.026469344273209572,0,0.5599999999999998,3,0.034407954663038254,0,3,0.05321406573057175,0
1641,1,0.3487580716609955,0,0.5599999999999998,5,0.22145839035511017,0,5,0.2147001475095749,0
1642,0,0.13264383375644684,0,0.5599999999999998,5,0.0666203647851944,0,5,0.05584973469376564,0
1643,0,0.7676981091499329,1,0.5599999999999998,4,0.8383209109306335,1,4,0.8031796813011169,1
1644,1,0.1345663070678711,0,0.5599999999999998,3,0.26814302802085876,0,3,0.14388762414455414,0
1645,0,0.2547382116317749,0,0.5599999999999998,5,0.28658291697502136,0,5,0.22145646810531616,0
1646,1,0.8252237439155579,1,0.5599999999999998,5,0.8147646188735962,1,5,0.7986094951629639,1
1647,0,0.4061692953109741,0,0.5599999999999998,4,0.5654358267784119,1,4,0.3928236663341522,0
1648,0,0.3266570568084717,0,0.5599999999999998,2,0.22011737525463104,0,2,0.278794527053833,0
1649,0,0.010749183595180511,0,0.5599999999999998,3,0.0156809501349926,0,3,0.018180228769779205,0
1650,0,0.10321339964866638,0,0.5599999999999998,5,0.15129980444908142,0,5,0.20994704961776733,0
1651,0,0.23619350790977478,0,0.5599999999999998,3,0.07249577343463898,0,3,0.12664395570755005,0
1652,0,0.1828439086675644,0,0.5599999999999998,4,0.15240347385406494,0,4,0.1843845546245575,0
1653,0,0.11224614828824997,0,0.5599999999999998,5,0.05500878393650055,0,5,0.08426603674888611,0
1654,0,0.08502816408872604,0,0.5599999999999998,2,0.06260569393634796,0,2,0.07806996256113052,0
1655,0,0.10786964744329453,0,0.5599999999999998,3,0.13403761386871338,0,3,0.16269749402999878,0
1656,0,0.12912164628505707,0,0.5599999999999998,5,0.15767526626586914,0,5,0.17707762122154236,0
1657,0,0.03725799173116684,0,0.5599999999999998,5,0.02768866717815399,0,5,0.04813435673713684,0
1658,0,0.40476465225219727,0,0.5599999999999998,5,0.2350730001926422,0,5,0.28772667050361633,0
1659,0,0.37674680352211,0,0.5599999999999998,5,0.32950446009635925,0,5,0.350243479013443,0
1660,0,0.5484201312065125,0,0.5599999999999998,5,0.5937809944152832,1,5,0.693268895149231,1
1661,0,0.3540784418582916,0,0.5599999999999998,5,0.32358065247535706,0,5,0.27878057956695557,0
1662,0,0.15300092101097107,0,0.5599999999999998,3,0.162664532661438,0,3,0.15950624644756317,0
1663,0,0.05602128803730011,0,0.5599999999999998,3,0.07865414768457413,0,3,0.0802968218922615,0
1664,0,0.04107871651649475,0,0.5599999999999998,4,0.03179444745182991,0,4,0.03536512702703476,0
1665,0,0.24105653166770935,0,0.5599999999999998,4,0.35517022013664246,0,4,0.27490198612213135,0
1666,0,0.9097030162811279,1,0.5599999999999998,2,0.8415090441703796,1,2,0.8715723752975464,1
1667,0,0.8072710633277893,1,0.5599999999999998,5,0.8280008435249329,1,5,0.7830302119255066,1
1668,1,0.8913583159446716,1,0.5599999999999998,5,0.8608736991882324,1,5,0.8050642609596252,1
1669,1,0.5027427077293396,0,0.5599999999999998,5,0.5312765836715698,0,5,0.49576741456985474,0
1670,1,0.7461734414100647,1,0.5599999999999998,3,0.6838112473487854,1,3,0.6266971826553345,1
1671,1,0.9215306639671326,1,0.5599999999999998,5,0.9103041887283325,1,5,0.8233041167259216,1
1672,1,0.9178540706634521,1,0.5599999999999998,4,0.9089360237121582,1,4,0.921805202960968,1
1673,0,0.8821895122528076,1,0.5599999999999998,2,0.8246798515319824,1,2,0.6814705729484558,1
1674,1,0.7924847602844238,1,0.5599999999999998,4,0.7699651718139648,1,4,0.7355237007141113,1
1675,0,0.8958929777145386,1,0.5599999999999998,5,0.773022472858429,1,5,0.7614594101905823,1
1676,0,0.9018292427062988,1,0.5599999999999998,5,0.8838025331497192,1,5,0.8839077353477478,1
1677,1,0.9026586413383484,1,0.5599999999999998,5,0.8551283478736877,1,5,0.8588699698448181,1
1678,0,0.8931393027305603,1,0.5599999999999998,5,0.8918280005455017,1,5,0.9070271849632263,1
1679,1,0.8322346210479736,1,0.5599999999999998,5,0.7907266616821289,1,5,0.7616493105888367,1
1680,1,0.8300402164459229,1,0.5599999999999998,5,0.7610259652137756,1,5,0.7566977739334106,1
1681,1,0.8902504444122314,1,0.5599999999999998,5,0.7421897053718567,1,5,0.7415302991867065,1
1682,1,0.821914792060852,1,0.5599999999999998,5,0.8361942768096924,1,5,0.7994080185890198,1
1683,1,0.9283263087272644,1,0.5599999999999998,5,0.9462634921073914,1,5,0.9265605807304382,1
1684,1,0.9022535085678101,1,0.5599999999999998,5,0.9278771877288818,1,5,0.8878107070922852,1
1685,1,0.4124149680137634,0,0.5599999999999998,2,0.32052597403526306,0,2,0.44351479411125183,0
1686,1,0.7393355965614319,1,0.5599999999999998,2,0.5718472599983215,1,2,0.4970923364162445,0
1687,0,0.7652009725570679,1,0.5599999999999998,5,0.7625303268432617,1,5,0.7246913909912109,1
1688,1,0.5334271192550659,0,0.5599999999999998,3,0.4024463891983032,0,3,0.3613465130329132,0
1689,1,0.9402360916137695,1,0.5599999999999998,5,0.9328666925430298,1,5,0.8513697385787964,1
1690,0,0.3131437599658966,0,0.5599999999999998,3,0.3750249743461609,0,3,0.27687057852745056,0
1691,1,0.6906106472015381,1,0.5599999999999998,3,0.5614616274833679,1,3,0.6088088750839233,1
1692,1,0.9660159349441528,1,0.5599999999999998,5,0.9670869708061218,1,5,0.9206339120864868,1
1693,1,0.9596648216247559,1,0.5599999999999998,5,0.959185004234314,1,5,0.9205878973007202,1
1694,1,0.7155050039291382,1,0.5599999999999998,5,0.7707434892654419,1,5,0.7218892574310303,1
1695,1,0.8737497925758362,1,0.5599999999999998,2,0.8042951822280884,1,2,0.7138268947601318,1
1696,0,0.813684344291687,1,0.5599999999999998,4,0.7483076453208923,1,4,0.7292837500572205,1
1697,0,0.46093830466270447,0,0.5599999999999998,5,0.43203628063201904,0,5,0.4818846881389618,0
1698,1,0.7349522709846497,1,0.5599999999999998,5,0.7940874695777893,1,5,0.8197993040084839,1
1699,0,0.11538246273994446,0,0.5599999999999998,4,0.08879806846380234,0,4,0.11251991242170334,0
1700,1,0.024625470861792564,0,0.5599999999999998,3,0.03707396239042282,0,3,0.03431589528918266,0
1701,1,0.3269982933998108,0,0.5599999999999998,3,0.14276553690433502,0,3,0.231837660074234,0
1702,0,0.04397370293736458,0,0.5599999999999998,3,0.02639133855700493,0,3,0.0326429083943367,0
1703,0,0.051465243101119995,0,0.5599999999999998,5,0.037784550338983536,0,5,0.06051013991236687,0
1704,0,0.06891947984695435,0,0.5599999999999998,2,0.05894235521554947,0,2,0.06211819499731064,0
1705,0,0.2878287136554718,0,0.5599999999999998,4,0.5808252096176147,1,4,0.4873616397380829,0
1706,0,0.25842776894569397,0,0.5599999999999998,2,0.416615754365921,0,2,0.47311484813690186,0
1707,0,0.29440200328826904,0,0.5599999999999998,5,0.27662917971611023,0,5,0.35314229130744934,0
1708,0,0.22107677161693573,0,0.5599999999999998,2,0.20156517624855042,0,2,0.2368888109922409,0
1709,0,0.8555988073348999,1,0.5599999999999998,4,0.7690274119377136,1,4,0.7691101431846619,1
1710,0,0.12457104027271271,0,0.5599999999999998,3,0.1649773269891739,0,3,0.17593730986118317,0
1711,0,0.6053006052970886,1,0.5599999999999998,5,0.640652060508728,1,5,0.5440213084220886,0
1712,0,0.10770844668149948,0,0.5599999999999998,5,0.2479218989610672,0,5,0.40415021777153015,0
1713,1,0.48620885610580444,0,0.5599999999999998,5,0.34987199306488037,0,5,0.44447243213653564,0
1714,0,0.29741671681404114,0,0.5599999999999998,3,0.35987740755081177,0,3,0.38009119033813477,0
1715,0,0.27335458993911743,0,0.5599999999999998,3,0.3129141330718994,0,3,0.23252421617507935,0
1716,0,0.07326002418994904,0,0.5599999999999998,4,0.12197433412075043,0,4,0.06768735498189926,0
1717,1,0.9154641032218933,1,0.5599999999999998,5,0.8080328106880188,1,5,0.7749602794647217,1
1718,0,0.6866799592971802,1,0.5599999999999998,2,0.7200732231140137,1,2,0.6788643002510071,1
1719,1,0.6105176210403442,1,0.5599999999999998,5,0.3742053508758545,0,5,0.4281194806098938,0
1720,0,0.3990778625011444,0,0.5599999999999998,2,0.5559157729148865,0,2,0.5986940264701843,1
1721,1,0.1031249389052391,0,0.5599999999999998,3,0.07202032208442688,0,3,0.06479501724243164,0
1722,0,0.14915455877780914,0,0.5599999999999998,3,0.07146526128053665,0,3,0.06651436537504196,0
1723,0,0.18672315776348114,0,0.5599999999999998,4,0.12873876094818115,0,4,0.14259184896945953,0
1724,0,0.19911730289459229,0,0.5599999999999998,5,0.15650729835033417,0,5,0.10903479158878326,0
1725,0,0.13869935274124146,0,0.5599999999999998,3,0.07674356549978256,0,3,0.08654864132404327,0
1726,0,0.12065792083740234,0,0.5599999999999998,2,0.06912469863891602,0,2,0.13574600219726562,0
1727,0,0.09886403381824493,0,0.5599999999999998,3,0.13223139941692352,0,3,0.1269473433494568,0
1728,0,0.05275093764066696,0,0.5599999999999998,4,0.14926733076572418,0,4,0.09525398164987564,0
1729,0,0.5301623344421387,0,0.5599999999999998,5,0.5002313852310181,0,5,0.6215999126434326,1
1730,1,0.3886125683784485,0,0.5599999999999998,3,0.22998689115047455,0,3,0.21068532764911652,0
1731,0,0.0816466435790062,0,0.5599999999999998,3,0.05452413111925125,0,3,0.06068715080618858,0
1732,0,0.03703818842768669,0,0.5599999999999998,4,0.027528127655386925,0,4,0.0264283400028944,0
1733,0,0.3399293124675751,0,0.5599999999999998,5,0.37776756286621094,0,5,0.4165305197238922,0
1734,0,0.6741222143173218,1,0.5599999999999998,5,0.6516367197036743,1,5,0.6095236539840698,1
1735,0,0.7015863060951233,1,0.5599999999999998,5,0.6267396211624146,1,5,0.6505709290504456,1
1736,0,0.2159019112586975,0,0.5599999999999998,5,0.07528611272573471,0,5,0.10433905571699142,0
1737,1,0.38706016540527344,0,0.5599999999999998,5,0.11189723759889603,0,5,0.1427147537469864,0
1738,0,0.09574189782142639,0,0.5599999999999998,2,0.04419971629977226,0,2,0.04807276278734207,0
1739,0,0.03689395636320114,0,0.5599999999999998,4,0.029440762475132942,0,4,0.05181814357638359,0
1740,0,0.1333441287279129,0,0.5599999999999998,5,0.046584706753492355,0,5,0.046818289905786514,0
1741,0,0.8853424191474915,1,0.5599999999999998,5,0.8542585372924805,1,5,0.7942952513694763,1
1742,0,0.7082380652427673,1,0.5599999999999998,5,0.7917752861976624,1,5,0.7227210402488708,1
1743,1,0.900091290473938,1,0.5599999999999998,5,0.8578310608863831,1,5,0.843409538269043,1
1744,1,0.9021731615066528,1,0.5599999999999998,5,0.8558525443077087,1,5,0.8332993388175964,1
1745,0,0.06045341491699219,0,0.5599999999999998,3,0.05141584575176239,0,3,0.0808136984705925,0
1746,0,0.209347665309906,0,0.5599999999999998,5,0.13252238929271698,0,5,0.14251366257667542,0
1747,0,0.09302780777215958,0,0.5599999999999998,2,0.06928194314241409,0,2,0.14295275509357452,0
1748,1,0.7460421323776245,1,0.5599999999999998,4,0.7475020289421082,1,4,0.7191675901412964,1
1749,0,0.8959961533546448,1,0.5599999999999998,5,0.9063104391098022,1,5,0.8725629448890686,1
1750,0,0.8671332597732544,1,0.5599999999999998,3,0.8560411334037781,1,3,0.8548007011413574,1
1751,1,0.8786203265190125,1,0.5599999999999998,3,0.7983846068382263,1,3,0.7460979223251343,1
1752,1,0.24132953584194183,0,0.5599999999999998,4,0.3225160837173462,0,4,0.26927363872528076,0
1753,0,0.11449546366930008,0,0.5599999999999998,5,0.14628101885318756,0,5,0.15279479324817657,0
1754,0,0.15927574038505554,0,0.5599999999999998,5,0.12098561227321625,0,5,0.1797371804714203,0
1755,0,0.1470099687576294,0,0.5599999999999998,2,0.09328929334878922,0,2,0.09277638047933578,0
1756,0,0.38733911514282227,0,0.5599999999999998,2,0.57673180103302,1,2,0.6170035004615784,1
1757,0,0.21008804440498352,0,0.5599999999999998,3,0.24483178555965424,0,3,0.18183796107769012,0
1758,0,0.03171661123633385,0,0.5599999999999998,5,0.03094060905277729,0,5,0.030929438769817352,0
1759,1,0.02452268823981285,0,0.5599999999999998,2,0.025492366403341293,0,2,0.03803303465247154,0
1760,0,0.21706533432006836,0,0.5599999999999998,4,0.2640668749809265,0,4,0.24174657464027405,0
1761,0,0.14775748550891876,0,0.5599999999999998,2,0.07921900600194931,0,2,0.10994552820920944,0
1762,0,0.01361849159002304,0,0.5599999999999998,5,0.010937429964542389,0,5,0.011439457535743713,0
1763,0,0.40225306153297424,0,0.5599999999999998,5,0.1459880769252777,0,5,0.18444566428661346,0
1764,0,0.1964632123708725,0,0.5599999999999998,5,0.11503853648900986,0,5,0.17151601612567902,0
1765,0,0.26877111196517944,0,0.5599999999999998,5,0.0817224383354187,0,5,0.06396652013063431,0
1766,0,0.407139390707016,0,0.5599999999999998,5,0.19947990775108337,0,5,0.2033126801252365,0
1767,0,0.5254126191139221,0,0.5599999999999998,5,0.43976080417633057,0,5,0.33674120903015137,0
1768,0,0.8567138314247131,1,0.5599999999999998,2,0.8256407380104065,1,2,0.7278925180435181,1
1769,0,0.010516112670302391,0,0.5599999999999998,5,0.007878946140408516,0,5,0.00790157075971365,0
1770,0,0.07945670187473297,0,0.5599999999999998,3,0.09156637638807297,0,3,0.055122777819633484,0
1771,0,0.03134024143218994,0,0.5599999999999998,4,0.026163039728999138,0,4,0.03123113140463829,0
1772,0,0.02338332310318947,0,0.5599999999999998,4,0.013933856971561909,0,4,0.01233662385493517,0
1773,0,0.016908729448914528,0,0.5599999999999998,2,0.02356209233403206,0,2,0.025339260697364807,0
1774,0,0.016852859407663345,0,0.5599999999999998,5,0.017244046553969383,0,5,0.01619093492627144,0
1775,0,0.07121177762746811,0,0.5599999999999998,5,0.04744391888380051,0,5,0.03127140924334526,0
1776,0,0.09989014267921448,0,0.5599999999999998,2,0.060292698442935944,0,2,0.04933101311326027,0
1777,0,0.024891862645745277,0,0.5599999999999998,2,0.02852472849190235,0,2,0.026013774797320366,0
1778,0,0.03510802984237671,0,0.5599999999999998,4,0.043146733194589615,0,4,0.05601493641734123,0
1779,0,0.06981528550386429,0,0.5599999999999998,3,0.04647478461265564,0,3,0.05397099256515503,0
1780,0,0.07544255256652832,0,0.5599999999999998,5,0.04479759931564331,0,5,0.035981882363557816,0
1781,0,0.11230029910802841,0,0.5599999999999998,2,0.12112010270357132,0,2,0.10913340002298355,0
1782,0,0.146519273519516,0,0.5599999999999998,4,0.2054048627614975,0,4,0.19521109759807587,0
1783,0,0.06293144077062607,0,0.5599999999999998,3,0.0714544877409935,0,3,0.07290641218423843,0
1784,0,0.22504441440105438,0,0.5599999999999998,5,0.23855675756931305,0,5,0.17104612290859222,0
1785,0,0.48287805914878845,0,0.5599999999999998,5,0.33350279927253723,0,5,0.45551392436027527,0
1786,0,0.2017347812652588,0,0.5599999999999998,5,0.18092359602451324,0,5,0.15981917083263397,0
1787,0,0.07606631517410278,0,0.5599999999999998,5,0.09573716670274734,0,5,0.08235878497362137,0
1788,0,0.06023760512471199,0,0.5599999999999998,5,0.03837387263774872,0,5,0.03650885820388794,0
1789,0,0.013470619916915894,0,0.5599999999999998,3,0.011967507191002369,0,3,0.01367838867008686,0
1790,0,0.01334840152412653,0,0.5599999999999998,3,0.012001576833426952,0,3,0.01367838867008686,0
1791,0,0.008284641429781914,0,0.5599999999999998,5,0.014994684606790543,0,5,0.01618911325931549,0
1792,0,0.029552320018410683,0,0.5599999999999998,5,0.023007092997431755,0,5,0.023377971723675728,0
1793,0,0.08008402585983276,0,0.5599999999999998,5,0.03234804794192314,0,5,0.032225776463747025,0
1794,0,0.05431399494409561,0,0.5599999999999998,5,0.04306475445628166,0,5,0.050073303282260895,0
1795,0,0.31649652123451233,0,0.5599999999999998,3,0.16883176565170288,0,3,0.11664599925279617,0
1796,0,0.007374504581093788,0,0.5599999999999998,2,0.005749368574470282,0,2,0.0074872965924441814,0
1797,0,0.1405121088027954,0,0.5599999999999998,2,0.08156196773052216,0,2,0.1354936957359314,0
1798,0,0.019684867933392525,0,0.5599999999999998,5,0.017475882545113564,0,5,0.015011687763035297,0
1799,1,0.637067973613739,1,0.5599999999999998,5,0.5986553430557251,1,5,0.5939408540725708,1
1800,0,0.7724465131759644,1,0.5599999999999998,5,0.6711153984069824,1,5,0.6666273474693298,1
1801,0,0.7249824404716492,1,0.5599999999999998,5,0.7032395601272583,1,5,0.6418747901916504,1
1802,1,0.5930558443069458,1,0.5599999999999998,5,0.4270237386226654,0,5,0.43912163376808167,0
1803,0,0.15388911962509155,0,0.5599999999999998,5,0.060586899518966675,0,5,0.04634665325284004,0
1804,0,0.05734657123684883,0,0.5599999999999998,5,0.06079208850860596,0,5,0.07568573951721191,0
1805,0,0.03131214156746864,0,0.5599999999999998,5,0.035869382321834564,0,5,0.04065650328993797,0
1806,0,0.11561095714569092,0,0.5599999999999998,5,0.2282504290342331,0,5,0.2657850980758667,0
1807,0,0.05803122743964195,0,0.5599999999999998,5,0.045616209506988525,0,5,0.04674399271607399,0
1808,0,0.044014688581228256,0,0.5599999999999998,5,0.03078017756342888,0,5,0.04127342998981476,0
1809,0,0.010213738307356834,0,0.5599999999999998,5,0.010166758671402931,0,5,0.010675380006432533,0
1810,0,0.008289853110909462,0,0.5599999999999998,5,0.0052481163293123245,0,5,0.005829751491546631,0
1811,0,0.016530929133296013,0,0.5599999999999998,4,0.011665924452245235,0,4,0.014960325323045254,0
1812,1,0.7568883299827576,1,0.5599999999999998,5,0.6804315447807312,1,5,0.6527510285377502,1
1813,1,0.6403257250785828,1,0.5599999999999998,5,0.47053849697113037,0,5,0.5016643404960632,0
1814,1,0.3179968297481537,0,0.5599999999999998,5,0.16087298095226288,0,5,0.12448210269212723,0
1815,0,0.06880992650985718,0,0.5599999999999998,3,0.04758601263165474,0,3,0.03976411372423172,0
1816,0,0.49539074301719666,0,0.5599999999999998,4,0.3292291760444641,0,4,0.427096426486969,0
1817,1,0.6358039379119873,1,0.5599999999999998,4,0.6175693869590759,1,4,0.663362979888916,1
1818,1,0.7935130596160889,1,0.5599999999999998,5,0.6547195911407471,1,5,0.6453859806060791,1
1819,0,0.3410193622112274,0,0.5599999999999998,5,0.10802274942398071,0,5,0.09823780506849289,0
1820,0,0.17731973528862,0,0.5599999999999998,5,0.09374798834323883,0,5,0.0873616561293602,0
1821,1,0.7233718633651733,1,0.5599999999999998,5,0.7265405654907227,1,5,0.659704864025116,1
1822,0,0.634848415851593,1,0.5599999999999998,5,0.4845414161682129,0,5,0.43802618980407715,0
1823,0,0.008456743322312832,0,0.5599999999999998,3,0.013627287931740284,0,3,0.012817129492759705,0
1824,0,0.07509682327508926,0,0.5599999999999998,5,0.1370362788438797,0,5,0.11802436411380768,0
1825,0,0.017389828339219093,0,0.5599999999999998,2,0.03512682020664215,0,2,0.03150610253214836,0
1826,1,0.7776619791984558,1,0.5599999999999998,5,0.8029031157493591,1,5,0.7508163452148438,1
1827,0,0.26903626322746277,0,0.5599999999999998,5,0.1263822764158249,0,5,0.12812720239162445,0
1828,0,0.02715805545449257,0,0.5599999999999998,3,0.021154047921299934,0,3,0.024638338014483452,0
1829,0,0.008828979916870594,0,0.5599999999999998,5,0.009503072127699852,0,5,0.01005289051681757,0
1830,1,0.9463849067687988,1,0.5599999999999998,2,0.9242908954620361,1,2,0.8871328234672546,1
1831,0,0.0636058896780014,0,0.5599999999999998,4,0.03963111713528633,0,4,0.03898293897509575,0
1832,1,0.9480856657028198,1,0.5599999999999998,3,0.9397574067115784,1,3,0.9377552270889282,1
1833,1,0.9484888315200806,1,0.5599999999999998,5,0.9310896992683411,1,5,0.9243099093437195,1
1834,0,0.08473578840494156,0,0.5599999999999998,2,0.05741729587316513,0,2,0.07162326574325562,0
1835,1,0.8875194191932678,1,0.5599999999999998,4,0.8415703773498535,1,4,0.809203028678894,1
1836,0,0.08943619579076767,0,0.5599999999999998,3,0.07174088805913925,0,3,0.06364495307207108,0
1837,1,0.93868488073349,1,0.5599999999999998,5,0.9161992073059082,1,5,0.9027757048606873,1
1838,1,0.9050194621086121,1,0.5599999999999998,2,0.7936881184577942,1,2,0.7363343238830566,1
1839,1,0.8498185873031616,1,0.5599999999999998,2,0.8335254192352295,1,2,0.7414207458496094,1
1840,0,0.27649110555648804,0,0.5599999999999998,4,0.21954689919948578,0,4,0.3316820561885834,0
1841,0,0.0704200491309166,0,0.5599999999999998,4,0.050875626504421234,0,4,0.07571374624967575,0
1842,0,0.47002437710762024,0,0.5599999999999998,5,0.19313161075115204,0,5,0.30235564708709717,0
1843,0,0.11309576779603958,0,0.5599999999999998,5,0.05588448420166969,0,5,0.05225446820259094,0
1844,0,0.2740730941295624,0,0.5599999999999998,3,0.14032500982284546,0,3,0.11759478598833084,0
1845,1,0.8670199513435364,1,0.5599999999999998,5,0.8421899676322937,1,5,0.8375054597854614,1
1846,0,0.04855465516448021,0,0.5599999999999998,2,0.026108436286449432,0,2,0.03849700838327408,0
1847,0,0.06827470660209656,0,0.5599999999999998,4,0.025908922776579857,0,4,0.035294078290462494,0
1848,1,0.8911562561988831,1,0.5599999999999998,4,0.8446279168128967,1,4,0.7966012358665466,1
1849,0,0.4974389672279358,0,0.5599999999999998,5,0.39136090874671936,0,5,0.28422197699546814,0
1850,0,0.4311974346637726,0,0.5599999999999998,5,0.38960668444633484,0,5,0.28416162729263306,0
1851,0,0.10063076764345169,0,0.5599999999999998,5,0.17678919434547424,0,5,0.1798030138015747,0
1852,0,0.1600903570652008,0,0.5599999999999998,2,0.09029540419578552,0,2,0.10630858689546585,0
1853,0,0.16874775290489197,0,0.5599999999999998,5,0.3142004907131195,0,5,0.26076725125312805,0
1854,1,0.11100843548774719,0,0.5599999999999998,5,0.21984517574310303,0,5,0.20261681079864502,0
1855,0,0.2156648337841034,0,0.5599999999999998,5,0.2371947318315506,0,5,0.25968053936958313,0
1856,0,0.4161948263645172,0,0.5599999999999998,5,0.31836625933647156,0,5,0.22228510677814484,0
1857,1,0.40168699622154236,0,0.5599999999999998,5,0.3284059166908264,0,5,0.30968528985977173,0
1858,0,0.069590263068676,0,0.5599999999999998,5,0.12383553385734558,0,5,0.17180821299552917,0
1859,1,0.2848525047302246,0,0.5599999999999998,5,0.12381823360919952,0,5,0.08769649267196655,0
1860,0,0.29516056180000305,0,0.5599999999999998,3,0.2600901424884796,0,3,0.26885974407196045,0
1861,0,0.32389360666275024,0,0.5599999999999998,3,0.31332534551620483,0,3,0.2888191044330597,0
1862,0,0.18229202926158905,0,0.5599999999999998,3,0.1967676281929016,0,3,0.18252983689308167,0
1863,0,0.0869530662894249,0,0.5599999999999998,3,0.0829586386680603,0,3,0.15846166014671326,0
1864,0,0.3815527558326721,0,0.5599999999999998,5,0.3082432150840759,0,5,0.29943519830703735,0
1865,1,0.6151158213615417,1,0.5599999999999998,5,0.4222038686275482,0,5,0.3794473111629486,0
1866,0,0.08838540315628052,0,0.5599999999999998,5,0.04389214888215065,0,5,0.0655389055609703,0
1867,0,0.04560627043247223,0,0.5599999999999998,4,0.06878381967544556,0,4,0.07296942919492722,0
1868,0,0.07516001164913177,0,0.5599999999999998,2,0.1081712394952774,0,2,0.08843018114566803,0
1869,0,0.11127977818250656,0,0.5599999999999998,5,0.09925033152103424,0,5,0.09386693686246872,0
1870,0,0.03479680418968201,0,0.5599999999999998,3,0.04063960164785385,0,3,0.05013546347618103,0
1871,1,0.08061496168375015,0,0.5599999999999998,2,0.06104132905602455,0,2,0.06146113574504852,0
1872,0,0.06657834351062775,0,0.5599999999999998,3,0.06225093454122543,0,3,0.040204405784606934,0
1873,0,0.03206111490726471,0,0.5599999999999998,5,0.01761876977980137,0,5,0.014948369935154915,0
1874,0,0.04988143965601921,0,0.5599999999999998,3,0.024823974817991257,0,3,0.027489352971315384,0
1875,0,0.043469324707984924,0,0.5599999999999998,4,0.021126369014382362,0,4,0.025260940194129944,0
1876,0,0.13416963815689087,0,0.5599999999999998,5,0.09286254644393921,0,5,0.1304207444190979,0
1877,0,0.021997502073645592,0,0.5599999999999998,4,0.013304243795573711,0,4,0.012292863801121712,0
1878,0,0.1283155083656311,0,0.5599999999999998,5,0.08717744797468185,0,5,0.14395427703857422,0
1879,0,0.029665987938642502,0,0.5599999999999998,3,0.02204073779284954,0,3,0.023960981518030167,0
1880,0,0.12261921167373657,0,0.5599999999999998,4,0.07970885932445526,0,4,0.2545815408229828,0
1881,0,0.0427895151078701,0,0.5599999999999998,3,0.02425195649266243,0,3,0.026686780154705048,0
1882,0,0.03468581661581993,0,0.5599999999999998,2,0.013844729401171207,0,2,0.014872903935611248,0
1883,1,0.5626465678215027,1,0.5599999999999998,5,0.5111393928527832,0,5,0.6222712397575378,1
1884,0,0.44434547424316406,0,0.5599999999999998,5,0.38635149598121643,0,5,0.41586485505104065,0
1885,0,0.7100552916526794,1,0.5599999999999998,5,0.676231324672699,1,5,0.7280569672584534,1
1886,1,0.9038692712783813,1,0.5599999999999998,2,0.8871751427650452,1,2,0.8996804356575012,1
1887,0,0.024530429393053055,0,0.5599999999999998,5,0.06180531531572342,0,5,0.0805453285574913,0
1888,0,0.05480640009045601,0,0.5599999999999998,3,0.03515806794166565,0,3,0.046095579862594604,0
1889,0,0.3231198489665985,0,0.5599999999999998,5,0.44321388006210327,0,5,0.5687686800956726,1
1890,0,0.08841368556022644,0,0.5599999999999998,4,0.055424224585294724,0,4,0.10574682801961899,0
1891,0,0.311833918094635,0,0.5599999999999998,3,0.06996231526136398,0,3,0.08331785351037979,0
1892,0,0.12198054790496826,0,0.5599999999999998,3,0.03948604315519333,0,3,0.050408706068992615,0
1893,1,0.009827795438468456,0,0.5599999999999998,4,0.007915196008980274,0,4,0.0074128140695393085,0
1894,0,0.10360924154520035,0,0.5599999999999998,3,0.034871120005846024,0,3,0.04596858099102974,0
1895,0,0.04672634229063988,0,0.5599999999999998,2,0.050898198038339615,0,2,0.03482752665877342,0
1896,0,0.05619824677705765,0,0.5599999999999998,3,0.03038986399769783,0,3,0.025027789175510406,0
1897,0,0.18557950854301453,0,0.5599999999999998,4,0.0371568389236927,0,4,0.039341602474451065,0
1898,0,0.025082213804125786,0,0.5599999999999998,4,0.01945309527218342,0,4,0.0159829743206501,0
1899,0,0.017267543822526932,0,0.5599999999999998,2,0.017049480229616165,0,2,0.014601420611143112,0
1900,0,0.018553774803876877,0,0.5599999999999998,4,0.00992050115019083,0,4,0.013545120134949684,0
1901,1,0.7471765875816345,1,0.5599999999999998,5,0.7655830383300781,1,5,0.7117753028869629,1
1902,0,0.19911926984786987,0,0.5599999999999998,2,0.15350589156150818,0,2,0.12862442433834076,0
1903,0,0.041307009756565094,0,0.5599999999999998,2,0.07564831525087357,0,2,0.06728307157754898,0
1904,0,0.019653726369142532,0,0.5599999999999998,3,0.022825662046670914,0,3,0.01939896121621132,0
1905,0,0.0056747086346149445,0,0.5599999999999998,5,0.009288421832025051,0,5,0.00632871501147747,0
1906,0,0.04327074810862541,0,0.5599999999999998,5,0.026915008202195168,0,5,0.02048647403717041,0
1907,0,0.7192055583000183,1,0.5599999999999998,2,0.6974090933799744,1,2,0.6296052932739258,1
1908,0,0.02088814601302147,0,0.5599999999999998,5,0.025227293372154236,0,5,0.025076834484934807,0
1909,0,0.23459120094776154,0,0.5599999999999998,5,0.1336500495672226,0,5,0.1045043095946312,0
1910,0,0.08234983682632446,0,0.5599999999999998,4,0.04010501503944397,0,4,0.0466470867395401,0
1911,0,0.020187484100461006,0,0.5599999999999998,5,0.020556526258587837,0,5,0.016687942668795586,0
1912,0,0.0313287153840065,0,0.5599999999999998,3,0.024668235331773758,0,3,0.02438054420053959,0
1913,0,0.0787627324461937,0,0.5599999999999998,5,0.03590500354766846,0,5,0.02426733449101448,0
1914,0,0.7159610390663147,1,0.5599999999999998,2,0.6968735456466675,1,2,0.6531952619552612,1
1915,0,0.0775669738650322,0,0.5599999999999998,3,0.06106425076723099,0,3,0.05636722967028618,0
1916,0,0.09656008332967758,0,0.5599999999999998,3,0.07132359594106674,0,3,0.05753279849886894,0
1917,0,0.07060955464839935,0,0.5599999999999998,2,0.02024826593697071,0,2,0.024997759610414505,0
1918,0,0.12804898619651794,0,0.5599999999999998,5,0.08898088335990906,0,5,0.1407701075077057,0
1919,0,0.02948146127164364,0,0.5599999999999998,3,0.029806053265929222,0,3,0.017611969262361526,0
1920,0,0.3359905779361725,0,0.5599999999999998,4,0.17361007630825043,0,4,0.2045382559299469,0
1921,1,0.017913779243826866,0,0.5599999999999998,5,0.012200062163174152,0,5,0.015338621102273464,0
1922,0,0.05611187219619751,0,0.5599999999999998,5,0.03520795330405235,0,5,0.02574731595814228,0
1923,0,0.009644039906561375,0,0.5599999999999998,5,0.011446388438344002,0,5,0.012910704128444195,0
1924,0,0.009027298539876938,0,0.5599999999999998,5,0.008415578864514828,0,5,0.007166746538132429,0
1925,0,0.024254832416772842,0,0.5599999999999998,5,0.012706935405731201,0,5,0.011368663050234318,0
1926,0,0.03742160275578499,0,0.5599999999999998,5,0.012580540962517262,0,5,0.009404927492141724,0
1927,0,0.056392330676317215,0,0.5599999999999998,2,0.026017796248197556,0,2,0.036048516631126404,0
1928,0,0.13158799707889557,0,0.5599999999999998,5,0.051089588552713394,0,5,0.05390608683228493,0
1929,0,0.1140666976571083,0,0.5599999999999998,3,0.07933235913515091,0,3,0.09197723120450974,0
1930,0,0.04627391695976257,0,0.5599999999999998,2,0.024196460843086243,0,2,0.03126523271203041,0
1931,0,0.0351131446659565,0,0.5599999999999998,5,0.011837665922939777,0,5,0.009178807027637959,0
1932,0,0.45145800709724426,0,0.5599999999999998,5,0.4143972098827362,0,5,0.3399089276790619,0
1933,0,0.04984022304415703,0,0.5599999999999998,2,0.02958066202700138,0,2,0.04425088316202164,0
1934,0,0.008935779333114624,0,0.5599999999999998,3,0.007596769370138645,0,3,0.01199597492814064,0
1935,0,0.03499923273921013,0,0.5599999999999998,5,0.01240287534892559,0,5,0.009490938857197762,0
1936,0,0.14281566441059113,0,0.5599999999999998,5,0.04778073728084564,0,5,0.051149632781744,0
1937,0,0.19399909675121307,0,0.5599999999999998,3,0.2892184853553772,0,3,0.2231067568063736,0
1938,0,0.37633877992630005,0,0.5599999999999998,5,0.139145627617836,0,5,0.2594781816005707,0
1939,1,0.7228617072105408,1,0.5599999999999998,4,0.7377166748046875,1,4,0.7396178841590881,1
1940,0,0.042694613337516785,0,0.5599999999999998,2,0.050145797431468964,0,2,0.08028677105903625,0
1941,0,0.04361054301261902,0,0.5599999999999998,4,0.028248757123947144,0,4,0.04823851212859154,0
1942,0,0.018135564401745796,0,0.5599999999999998,5,0.017077503725886345,0,5,0.016477461904287338,0
1943,0,0.0055897473357617855,0,0.5599999999999998,2,0.00632018968462944,0,2,0.006842001806944609,0
1944,0,0.025953317061066628,0,0.5599999999999998,3,0.010728561319410801,0,3,0.011366894468665123,0
1945,0,0.020683975890278816,0,0.5599999999999998,2,0.015925010666251183,0,2,0.01442303042858839,0
1946,0,0.012660443782806396,0,0.5599999999999998,4,0.007875007577240467,0,4,0.012808829545974731,0
1947,0,0.01192482840269804,0,0.5599999999999998,3,0.010459433309733868,0,3,0.01224342081695795,0
1948,0,0.0565112940967083,0,0.5599999999999998,5,0.026558352634310722,0,5,0.03216727077960968,0
1949,1,0.623645007610321,1,0.5599999999999998,2,0.4634801149368286,0,2,0.4531274139881134,0
1950,0,0.007484674919396639,0,0.5599999999999998,3,0.0134621886536479,0,3,0.009962835349142551,0
1951,0,0.009920351207256317,0,0.5599999999999998,5,0.007947034202516079,0,5,0.0069846040569245815,0
1952,0,0.020340746268630028,0,0.5599999999999998,4,0.01109820231795311,0,4,0.016107754781842232,0
1953,0,0.016847196966409683,0,0.5599999999999998,3,0.009643392637372017,0,3,0.011293023824691772,0
1954,0,0.031114989891648293,0,0.5599999999999998,3,0.02133677713572979,0,3,0.028304323554039,0
1955,0,0.012492146342992783,0,0.5599999999999998,5,0.007677254267036915,0,5,0.00804985873401165,0
1956,0,0.03974161669611931,0,0.5599999999999998,4,0.030574258416891098,0,4,0.04857531934976578,0
1957,0,0.033332567662000656,0,0.5599999999999998,2,0.028926968574523926,0,2,0.030190737918019295,0
1958,1,0.2803035080432892,0,0.5599999999999998,5,0.34103283286094666,0,5,0.48499172925949097,0
1959,0,0.27389323711395264,0,0.5599999999999998,5,0.2629947066307068,0,5,0.34837257862091064,0
1960,0,0.5604844093322754,1,0.5599999999999998,4,0.24732905626296997,0,4,0.22710317373275757,0
1961,0,0.18674388527870178,0,0.5599999999999998,2,0.41179826855659485,0,2,0.5890663266181946,1
1962,1,0.10237223654985428,0,0.5599999999999998,3,0.07306163758039474,0,3,0.06970281898975372,0
1963,0,0.33995071053504944,0,0.5599999999999998,2,0.1627259999513626,0,2,0.13692855834960938,0
1964,0,0.03199100121855736,0,0.5599999999999998,4,0.01823830045759678,0,4,0.02048458345234394,0
1965,0,0.10800454020500183,0,0.5599999999999998,4,0.16546860337257385,0,4,0.2847023010253906,0
1966,0,0.03437330201268196,0,0.5599999999999998,4,0.021105987951159477,0,4,0.019328832626342773,0
1967,0,0.013906360603868961,0,0.5599999999999998,2,0.009162364527583122,0,2,0.008135371841490269,0
1968,0,0.014363408088684082,0,0.5599999999999998,3,0.015774859115481377,0,3,0.016076432541012764,0
1969,0,0.03371354192495346,0,0.5599999999999998,5,0.02072773315012455,0,5,0.01573706604540348,0
1970,0,0.014248260296881199,0,0.5599999999999998,2,0.022053996101021767,0,2,0.018040917813777924,0
1971,0,0.2885431945323944,0,0.5599999999999998,5,0.23091092705726624,0,5,0.26357337832450867,0
1972,0,0.5538404583930969,0,0.5599999999999998,5,0.5229958891868591,0,5,0.46830281615257263,0
1973,1,0.09749314188957214,0,0.5599999999999998,5,0.0671406090259552,0,5,0.07817117869853973,0
1974,0,0.6860758066177368,1,0.5599999999999998,5,0.7314487099647522,1,5,0.6545936465263367,1
1975,0,0.008671065792441368,0,0.5599999999999998,4,0.007386070676147938,0,4,0.010144895873963833,0
1976,0,0.019640298560261726,0,0.5599999999999998,3,0.017149079591035843,0,3,0.020087433978915215,0
1977,0,0.06721160560846329,0,0.5599999999999998,3,0.04301314055919647,0,3,0.0437600277364254,0
1978,0,0.294815331697464,0,0.5599999999999998,2,0.2779310643672943,0,2,0.28030744194984436,0
1979,0,0.04683348163962364,0,0.5599999999999998,4,0.031011024489998817,0,4,0.052615340799093246,0
1980,0,0.01799335703253746,0,0.5599999999999998,5,0.01960418000817299,0,5,0.02120727300643921,0
1981,0,0.005973284598439932,0,0.5599999999999998,4,0.004307928960770369,0,4,0.005576285533607006,0
1982,0,0.30455338954925537,0,0.5599999999999998,5,0.22586070001125336,0,5,0.2576092779636383,0
1983,0,0.016990669071674347,0,0.5599999999999998,5,0.011456056497991085,0,5,0.012568498961627483,0
1984,0,0.019309358671307564,0,0.5599999999999998,5,0.013277329504489899,0,5,0.013957863673567772,0
1985,0,0.0494328998029232,0,0.5599999999999998,5,0.05625047907233238,0,5,0.050954874604940414,0
1986,0,0.05245998874306679,0,0.5599999999999998,5,0.15095457434654236,0,5,0.1150057390332222,0
1987,0,0.861413836479187,1,0.5599999999999998,3,0.8031679391860962,1,3,0.7901906371116638,1
1988,0,0.03787154704332352,0,0.5599999999999998,5,0.08031651377677917,0,5,0.07200081646442413,0
1989,0,0.13463635742664337,0,0.5599999999999998,3,0.08473115414381027,0,3,0.10483792424201965,0
1990,0,0.018796181306242943,0,0.5599999999999998,4,0.009507457725703716,0,4,0.012987465597689152,0
1991,0,0.018013572320342064,0,0.5599999999999998,4,0.009659226052463055,0,4,0.013244378380477428,0
1992,0,0.06041976064443588,0,0.5599999999999998,4,0.025995634496212006,0,4,0.033573511987924576,0
1993,0,0.013729969039559364,0,0.5599999999999998,4,0.010858364403247833,0,4,0.01161288470029831,0
1994,0,0.03406995162367821,0,0.5599999999999998,3,0.03801167011260986,0,3,0.028638891875743866,0
1995,0,0.020446987822651863,0,0.5599999999999998,4,0.012062384746968746,0,4,0.017322735860943794,0
1996,0,0.06405936926603317,0,0.5599999999999998,2,0.037985339760780334,0,2,0.026046516373753548,0
1997,0,0.3674299716949463,0,0.5599999999999998,3,0.23865823447704315,0,3,0.21687673032283783,0
1998,0,0.25336095690727234,0,0.5599999999999998,5,0.23870594799518585,0,5,0.3422172963619232,0
1999,0,0.041501160711050034,0,0.5599999999999998,2,0.023960880935192108,0,2,0.031381674110889435,0
2000,0,0.15455153584480286,0,0.5599999999999998,3,0.04451007768511772,0,3,0.051868218928575516,0
2001,0,0.42330899834632874,0,0.5599999999999998,4,0.3264721632003784,0,4,0.33383071422576904,0
2002,0,0.2270229011774063,0,0.5599999999999998,5,0.0736296996474266,0,5,0.05251191183924675,0
2003,0,0.03867942839860916,0,0.5599999999999998,2,0.05078650638461113,0,2,0.08749841153621674,0
2004,0,0.027978193014860153,0,0.5599999999999998,4,0.03868729993700981,0,4,0.04839608445763588,0
2005,0,0.5203844308853149,0,0.5599999999999998,4,0.3545776605606079,0,4,0.5215593576431274,0
2006,0,0.7188485860824585,1,0.5599999999999998,5,0.6979508996009827,1,5,0.6860966086387634,1
2007,1,0.18581166863441467,0,0.5599999999999998,2,0.20014303922653198,0,2,0.17213113605976105,0
2008,0,0.014058992266654968,0,0.5599999999999998,3,0.00984625332057476,0,3,0.011349257081747055,0
2009,0,0.010259688831865788,0,0.5599999999999998,5,0.00572198536247015,0,5,0.006606627255678177,0
2010,0,0.008631866425275803,0,0.5599999999999998,4,0.007210354320704937,0,4,0.007604148704558611,0
2011,0,0.05612583085894585,0,0.5599999999999998,5,0.040393225848674774,0,5,0.05075446143746376,0
2012,0,0.24426066875457764,0,0.5599999999999998,3,0.10949314385652542,0,3,0.17362365126609802,0
2013,0,0.3741007149219513,0,0.5599999999999998,4,0.21116112172603607,0,4,0.2703459560871124,0
2014,0,0.0977989062666893,0,0.5599999999999998,4,0.07581956684589386,0,4,0.0982903465628624,0
2015,0,0.02811574377119541,0,0.5599999999999998,5,0.02131810039281845,0,5,0.02634640410542488,0
2016,0,0.016816966235637665,0,0.5599999999999998,5,0.010123537853360176,0,5,0.008854378014802933,0
2017,0,0.01611008308827877,0,0.5599999999999998,4,0.010193497873842716,0,4,0.008641486056149006,0
2018,0,0.024729019030928612,0,0.5599999999999998,5,0.00921518076211214,0,5,0.008625649847090244,0
2019,0,0.0860065296292305,0,0.5599999999999998,5,0.06310777366161346,0,5,0.08327511698007584,0
2020,0,0.14325489103794098,0,0.5599999999999998,3,0.09215948730707169,0,3,0.07862017303705215,0
2021,0,0.02891259640455246,0,0.5599999999999998,3,0.036946237087249756,0,3,0.029336242005228996,0
2022,0,0.17465661466121674,0,0.5599999999999998,2,0.05378856509923935,0,2,0.052207622677087784,0
2023,0,0.2580653131008148,0,0.5599999999999998,2,0.10235471278429031,0,2,0.09470061212778091,0
2024,0,0.06718014925718307,0,0.5599999999999998,2,0.05561571940779686,0,2,0.049524832516908646,0
2025,0,0.07573290914297104,0,0.5599999999999998,2,0.04538865387439728,0,2,0.04992109537124634,0
2026,0,0.07165046036243439,0,0.5599999999999998,3,0.05643324553966522,0,3,0.058963704854249954,0
2027,0,0.09132013469934464,0,0.5599999999999998,2,0.07048545777797699,0,2,0.06392322480678558,0
2028,0,0.08534375578165054,0,0.5599999999999998,3,0.04435697942972183,0,3,0.04673214629292488,0
2029,0,0.04350193217396736,0,0.5599999999999998,5,0.04246110841631889,0,5,0.0435369573533535,0
2030,0,0.031216271221637726,0,0.5599999999999998,3,0.0316007174551487,0,3,0.03222567215561867,0
2031,0,0.10707098245620728,0,0.5599999999999998,2,0.05803311616182327,0,2,0.04293934255838394,0
2032,1,0.1924355924129486,0,0.5599999999999998,3,0.1293448954820633,0,3,0.19324985146522522,0
2033,1,0.2017277330160141,0,0.5599999999999998,3,0.14415645599365234,0,3,0.16479934751987457,0
2034,1,0.3650888502597809,0,0.5599999999999998,4,0.42038407921791077,0,4,0.24438782036304474,0
2035,0,0.24401913583278656,0,0.5599999999999998,4,0.409135639667511,0,4,0.4729440212249756,0
2036,0,0.5875545740127563,1,0.5599999999999998,4,0.41857674717903137,0,4,0.2868571877479553,0
2037,0,0.14174602925777435,0,0.5599999999999998,5,0.08143888413906097,0,5,0.12704390287399292,0
2038,0,0.0636901929974556,0,0.5599999999999998,5,0.06969956308603287,0,5,0.09906404465436935,0
2039,0,0.47131988406181335,0,0.5599999999999998,4,0.3074951767921448,0,4,0.2425643801689148,0
2040,0,0.14739911258220673,0,0.5599999999999998,5,0.11566323041915894,0,5,0.1894538849592209,0
2041,0,0.8143561482429504,1,0.5599999999999998,5,0.7830910682678223,1,5,0.7215249538421631,1
2042,0,0.1786402314901352,0,0.5599999999999998,2,0.10424496233463287,0,2,0.11034994572401047,0
2043,0,0.309429794549942,0,0.5599999999999998,5,0.13411587476730347,0,5,0.11583573371171951,0
2044,0,0.05044637992978096,0,0.5599999999999998,5,0.018271097913384438,0,5,0.02318267896771431,0
2045,0,0.7650452852249146,1,0.5599999999999998,5,0.6483432650566101,1,5,0.6293464303016663,1
2046,1,0.3307301998138428,0,0.5599999999999998,5,0.23819628357887268,0,5,0.22427339851856232,0
2047,1,0.15846902132034302,0,0.5599999999999998,2,0.11338900029659271,0,2,0.1516686975955963,0
2048,0,0.8216228485107422,1,0.5599999999999998,5,0.8436394929885864,1,5,0.8044047951698303,1
2049,1,0.8197915554046631,1,0.5599999999999998,3,0.7890349626541138,1,3,0.791805624961853,1
2050,0,0.16936075687408447,0,0.5599999999999998,3,0.11717183142900467,0,3,0.12816819548606873,0
2051,0,0.12448183447122574,0,0.5599999999999998,2,0.04694846644997597,0,2,0.03290596976876259,0
2052,1,0.375553697347641,0,0.5599999999999998,3,0.43505290150642395,0,3,0.5104597806930542,0
2053,0,0.3902190625667572,0,0.5599999999999998,4,0.33494359254837036,0,4,0.2886357605457306,0
2054,0,0.06322048604488373,0,0.5599999999999998,5,0.046383149921894073,0,5,0.06519634276628494,0
2055,0,0.15291950106620789,0,0.5599999999999998,5,0.11412256956100464,0,5,0.08628333359956741,0
2056,0,0.19329270720481873,0,0.5599999999999998,5,0.12530940771102905,0,5,0.07619250565767288,0
2057,0,0.03887384757399559,0,0.5599999999999998,5,0.028513966128230095,0,5,0.030315306037664413,0
2058,0,0.01548004150390625,0,0.5599999999999998,3,0.01816319301724434,0,3,0.019904453307390213,0
2059,0,0.020801464095711708,0,0.5599999999999998,4,0.013831389136612415,0,4,0.013991333544254303,0
2060,0,0.049836475402116776,0,0.5599999999999998,2,0.029769575223326683,0,2,0.03095802292227745,0
2061,0,0.6141252517700195,1,0.5599999999999998,5,0.7023822069168091,1,5,0.593913197517395,1
2062,0,0.16930274665355682,0,0.5599999999999998,5,0.11161703616380692,0,5,0.0962441936135292,0
2063,0,0.062082741409540176,0,0.5599999999999998,3,0.040507301688194275,0,3,0.05466051399707794,0
2064,0,0.32833132147789,0,0.5599999999999998,3,0.2843379080295563,0,3,0.32611018419265747,0
2065,0,0.3809683620929718,0,0.5599999999999998,5,0.4669889211654663,0,5,0.4986873269081116,0
2066,0,0.6200690865516663,1,0.5599999999999998,5,0.8957445025444031,1,5,0.9062448143959045,1
2067,0,0.6559887528419495,1,0.5599999999999998,5,0.6713968515396118,1,5,0.6773663759231567,1
2068,0,0.04871121793985367,0,0.5599999999999998,4,0.02405422553420067,0,4,0.025185175240039825,0
2069,0,0.04167730361223221,0,0.5599999999999998,3,0.024125410243868828,0,3,0.03317120298743248,0
2070,0,0.13050663471221924,0,0.5599999999999998,2,0.08949370682239532,0,2,0.11520659923553467,0
2071,0,0.4966285228729248,0,0.5599999999999998,5,0.3955509066581726,0,5,0.33489885926246643,0
2072,0,0.12415442615747452,0,0.5599999999999998,4,0.07376822829246521,0,4,0.08358842134475708,0
2073,0,0.01154517475515604,0,0.5599999999999998,5,0.008925586938858032,0,5,0.008113100193440914,0
2074,0,0.01225154846906662,0,0.5599999999999998,3,0.00802391767501831,0,3,0.007700134534388781,0
2075,0,0.011258511804044247,0,0.5599999999999998,4,0.009360009804368019,0,4,0.00909403059631586,0
2076,0,0.011522272601723671,0,0.5599999999999998,5,0.008535412140190601,0,5,0.007863805629312992,0
2077,0,0.04794479161500931,0,0.5599999999999998,4,0.02473197504878044,0,4,0.02365313284099102,0
2078,0,0.031123170629143715,0,0.5599999999999998,4,0.015530591830611229,0,4,0.025262707844376564,0
2079,0,0.07349827140569687,0,0.5599999999999998,5,0.04333313927054405,0,5,0.03376465290784836,0
2080,0,0.01609928533434868,0,0.5599999999999998,3,0.010038972832262516,0,3,0.010596932843327522,0
2081,0,0.015652500092983246,0,0.5599999999999998,5,0.011245721951127052,0,5,0.012648711912333965,0
2082,0,0.012480705045163631,0,0.5599999999999998,4,0.008868210949003696,0,4,0.008511033840477467,0
2083,0,0.03135373443365097,0,0.5599999999999998,4,0.012647466734051704,0,4,0.014821598306298256,0
2084,0,0.014307009056210518,0,0.5599999999999998,5,0.009402981959283352,0,5,0.009496535174548626,0
2085,0,0.01844141259789467,0,0.5599999999999998,5,0.011609376408159733,0,5,0.011655581183731556,0
2086,0,0.018144754692912102,0,0.5599999999999998,2,0.0280790813267231,0,2,0.022558338940143585,0
2087,0,0.011066235601902008,0,0.5599999999999998,2,0.016475128009915352,0,2,0.0132333654910326,0
2088,0,0.18480229377746582,0,0.5599999999999998,5,0.2841070294380188,0,5,0.3381330668926239,0
2089,0,0.6034146547317505,1,0.5599999999999998,5,0.45877891778945923,0,5,0.4310069978237152,0
2090,0,0.03798523545265198,0,0.5599999999999998,2,0.02595530077815056,0,2,0.03751853480935097,0
2091,0,0.028646320104599,0,0.5599999999999998,3,0.014288561418652534,0,3,0.014117070473730564,0
2092,0,0.02180679328739643,0,0.5599999999999998,3,0.012741097249090672,0,3,0.013187702745199203,0
2093,0,0.26204535365104675,0,0.5599999999999998,3,0.21391715109348297,0,3,0.34525996446609497,0
2094,0,0.08599134534597397,0,0.5599999999999998,3,0.07747776806354523,0,3,0.13962170481681824,0
2095,0,0.2148783802986145,0,0.5599999999999998,4,0.3150990605354309,0,4,0.25022009015083313,0
2096,1,0.4795103073120117,0,0.5599999999999998,2,0.3245375156402588,0,2,0.36960622668266296,0
2097,0,0.16592398285865784,0,0.5599999999999998,3,0.050523631274700165,0,3,0.06434712558984756,0
2098,1,0.8522036075592041,1,0.5599999999999998,4,0.9070742130279541,1,4,0.8626981973648071,1
2099,0,0.1870616227388382,0,0.5599999999999998,4,0.08690541982650757,0,4,0.1352778673171997,0
2100,1,0.6423298120498657,1,0.5599999999999998,4,0.6253699064254761,1,4,0.6131850481033325,1
2101,1,0.8404468894004822,1,0.5599999999999998,5,0.8456858396530151,1,5,0.8735570907592773,1
2102,0,0.28501656651496887,0,0.5599999999999998,5,0.08534816652536392,0,5,0.10749992728233337,0
2103,0,0.11721635609865189,0,0.5599999999999998,5,0.08749504387378693,0,5,0.059917014092206955,0
2104,1,0.8504277467727661,1,0.5599999999999998,4,0.7886466979980469,1,4,0.7639877200126648,1
2105,0,0.0942603275179863,0,0.5599999999999998,4,0.048189178109169006,0,4,0.09565424919128418,0
2106,0,0.1362561583518982,0,0.5599999999999998,5,0.08058638870716095,0,5,0.09760016202926636,0
2107,0,0.3364429771900177,0,0.5599999999999998,5,0.10636873543262482,0,5,0.10875723510980606,0
2108,1,0.3097035586833954,0,0.5599999999999998,5,0.08012112230062485,0,5,0.09190821647644043,0
2109,1,0.30524149537086487,0,0.5599999999999998,5,0.09019890427589417,0,5,0.09152641892433167,0
2110,1,0.2737496793270111,0,0.5599999999999998,5,0.10083167999982834,0,5,0.12903478741645813,0
2111,0,0.09488099068403244,0,0.5599999999999998,5,0.04938141256570816,0,5,0.10767488926649094,0
2112,0,0.15061859786510468,0,0.5599999999999998,5,0.059877458959817886,0,5,0.08602212369441986,0
2113,0,0.30542707443237305,0,0.5599999999999998,5,0.27050483226776123,0,5,0.17038919031620026,0
2114,0,0.3809943199157715,0,0.5599999999999998,3,0.14460593461990356,0,3,0.18643257021903992,0
2115,0,0.45323869585990906,0,0.5599999999999998,3,0.24745894968509674,0,3,0.23914380371570587,0
2116,1,0.05299343913793564,0,0.5599999999999998,5,0.036086130887269974,0,5,0.033113256096839905,0
2117,1,0.5809516310691833,1,0.5599999999999998,5,0.39828765392303467,0,5,0.2689366042613983,0
2118,1,0.3856236934661865,0,0.5599999999999998,5,0.24282628297805786,0,5,0.16973575949668884,0
2119,0,0.2307177037000656,0,0.5599999999999998,5,0.09290038794279099,0,5,0.06741851568222046,0
2120,0,0.09321808069944382,0,0.5599999999999998,3,0.07206141203641891,0,3,0.04877425357699394,0
2121,0,0.4056839346885681,0,0.5599999999999998,5,0.21443606913089752,0,5,0.15676213800907135,0
2122,1,0.6958255767822266,1,0.5599999999999998,5,0.4800034165382385,0,5,0.3714585304260254,0
2123,0,0.02999451570212841,0,0.5599999999999998,5,0.01679314859211445,0,5,0.01636522449553013,0
2124,1,0.548992931842804,0,0.5599999999999998,5,0.39305683970451355,0,5,0.26587438583374023,0
2125,1,0.1954381912946701,0,0.5599999999999998,5,0.06614423543214798,0,5,0.042115457355976105,0
2126,1,0.13062205910682678,0,0.5599999999999998,2,0.12383168190717697,0,2,0.16937175393104553,0
2127,0,0.6391178965568542,1,0.5599999999999998,3,0.6514624953269958,1,3,0.6201626658439636,1
2128,0,0.3940484821796417,0,0.5599999999999998,5,0.3710092306137085,0,5,0.23858965933322906,0
2129,0,0.03383475914597511,0,0.5599999999999998,4,0.02855861932039261,0,4,0.0372200645506382,0
2130,0,0.4000147879123688,0,0.5599999999999998,2,0.3380521833896637,0,2,0.3446759581565857,0
2131,0,0.6790375709533691,1,0.5599999999999998,5,0.4103126525878906,0,5,0.4765353500843048,0
2132,0,0.029385467991232872,0,0.5599999999999998,2,0.04109146445989609,0,2,0.031091470271348953,0
2133,0,0.14340053498744965,0,0.5599999999999998,2,0.07072729617357254,0,2,0.09158710390329361,0
2134,0,0.4295518398284912,0,0.5599999999999998,4,0.2734673321247101,0,4,0.29336291551589966,0
2135,0,0.3379276990890503,0,0.5599999999999998,2,0.32191091775894165,0,2,0.3102303147315979,0
2136,0,0.499944806098938,0,0.5599999999999998,4,0.5931635499000549,1,4,0.49305129051208496,0
2137,0,0.7861422300338745,1,0.5599999999999998,2,0.7968437671661377,1,2,0.7848039269447327,1
2138,0,0.022151853889226913,0,0.5599999999999998,2,0.02155793271958828,0,2,0.019646767526865005,0
2139,0,0.021663447842001915,0,0.5599999999999998,2,0.021687036380171776,0,2,0.017266670241951942,0
2140,0,0.07035078853368759,0,0.5599999999999998,3,0.039629511535167694,0,3,0.028581416234374046,0
2141,0,0.052372902631759644,0,0.5599999999999998,3,0.03769165277481079,0,3,0.035223085433244705,0
2142,0,0.4497644603252411,0,0.5599999999999998,5,0.2849811911582947,0,5,0.26680728793144226,0
2143,0,0.11770931631326675,0,0.5599999999999998,4,0.07820182293653488,0,4,0.09480409324169159,0
2144,0,0.22577546536922455,0,0.5599999999999998,5,0.1033034548163414,0,5,0.09971064329147339,0
2145,1,0.8988940715789795,1,0.5599999999999998,4,0.8463205099105835,1,4,0.8129350543022156,1
2146,0,0.19878245890140533,0,0.5599999999999998,2,0.13018326461315155,0,2,0.18054118752479553,0
2147,0,0.026327328756451607,0,0.5599999999999998,3,0.023667998611927032,0,3,0.027537183836102486,0
2148,0,0.019178397953510284,0,0.5599999999999998,3,0.029055634513497353,0,3,0.027354327961802483,0
2149,0,0.12289364635944366,0,0.5599999999999998,3,0.06329308450222015,0,3,0.08961992710828781,0
2150,0,0.05429920554161072,0,0.5599999999999998,5,0.020475314930081367,0,5,0.017129961401224136,0
2151,0,0.05070876330137253,0,0.5599999999999998,4,0.029103169217705727,0,4,0.026328055188059807,0
2152,0,0.17491187155246735,0,0.5599999999999998,5,0.1233573853969574,0,5,0.12444735318422318,0
2153,0,0.17238996922969818,0,0.5599999999999998,5,0.105256088078022,0,5,0.11936960369348526,0
2154,0,0.039895184338092804,0,0.5599999999999998,2,0.026190130040049553,0,2,0.027907824143767357,0
2155,0,0.1328272521495819,0,0.5599999999999998,5,0.06880778819322586,0,5,0.06519623100757599,0
2156,1,0.4835008978843689,0,0.5599999999999998,3,0.3593500852584839,0,3,0.3586333990097046,0
2157,0,0.8029664158821106,1,0.5599999999999998,2,0.7889837026596069,1,2,0.7866805791854858,1
2158,0,0.47660648822784424,0,0.5599999999999998,5,0.20130717754364014,0,5,0.19857966899871826,0
2159,0,0.2862595319747925,0,0.5599999999999998,2,0.17397597432136536,0,2,0.17087118327617645,0
2160,0,0.08341985940933228,0,0.5599999999999998,2,0.11335477232933044,0,2,0.17200492322444916,0
2161,0,0.3209453523159027,0,0.5599999999999998,2,0.3082955479621887,0,2,0.2841621935367584,0
2162,0,0.5495444536209106,0,0.5599999999999998,3,0.35417190194129944,0,3,0.39462143182754517,0
2163,0,0.6160959005355835,1,0.5599999999999998,4,0.5151180624961853,0,4,0.44476333260536194,0
2164,0,0.6891322135925293,1,0.5599999999999998,4,0.4980776011943817,0,4,0.5925127863883972,1
2165,0,0.6305781602859497,1,0.5599999999999998,3,0.48241931200027466,0,3,0.48488637804985046,0
2166,1,0.5070428252220154,0,0.5599999999999998,5,0.35195446014404297,0,5,0.29464268684387207,0
2167,1,0.34429413080215454,0,0.5599999999999998,5,0.3223300576210022,0,5,0.292371928691864,0
