Compound_ID,Canonical_SMILES,Scaffold,Label,Partition,Split_Seed
CMPD_00001,[C-]#[Si+],ACYCLIC::[C-]#[Si+],0,development,402
CMPD_00002,O=[N+]([O-])c1ccc(F)cc1F,c1ccccc1,1,development,402
CMPD_00003,B12B3B4B1C234,B12B3B4B1C234,0,development,402
CMPD_00004,Br[As](Br)c1ccccc1,c1ccccc1,1,development,402
CMPD_00005,BrC(Br)C(Br)Br,ACYCLIC::BrC(Br)C(Br)Br,0,development,402
CMPD_00006,BrC1CC(Br)CC(Br)CC(Br)CC(Br)CC(Br)C1,C1CCCCCCCCCCC1,0,development,402
CMPD_00007,BrCc1ccc(Br)cc1,c1ccccc1,0,development,402
CMPD_00008,BrCC1CO1,C1CO1,1,development,402
CMPD_00009,BrCCBr,ACYCLIC::BrCCBr,1,development,402
CMPD_00010,BrCCCCCCBr,ACYCLIC::BrCCCCCCBr,0,development,402
CMPD_00011,C,ACYCLIC::C,0,development,402
CMPD_00012,[CH]#[W],ACYCLIC::[CH]#[W],0,development,402
CMPD_00013,C#CC(C)(C)NC(=O)c1cc(Cl)cc(Cl)c1,c1ccccc1,0,development,402
CMPD_00014,C#CC(C)(O)CC(C)C,ACYCLIC::C#CC(C)(O)CC(C)C,1,development,402
CMPD_00015,C#CC(C)O,ACYCLIC::C#CC(C)O,1,development,402
CMPD_00016,C#CC(OC(=O)C1C(C=C(C)C)C1(C)C)C(C)=CCC,C1CC1,0,locked_test,402
CMPD_00017,C#CC1(O)CCC2C3CCC4=CC(=O)CCC4(C)C3CCC21C,O=C1C=C2CCC3C4CCCC4CCC3C2CC1,0,development,402
CMPD_00018,C#CC1(O)CCCCC1,C1CCCCC1,1,locked_test,402
CMPD_00019,C#CC1CC1,C1CC1,0,locked_test,402
CMPD_00020,C#CCC1=C(C)C(OC(=O)C2C(C=C(C)C)C2(C)C)CC1=O,O=C1C=CC(OC(=O)C2CC2)C1,0,development,402
CMPD_00021,C#CCc1cc(COC(=O)C2C(C=C(C)C)C2(C)C)c(C)o1,O=C(OCc1ccoc1)C1CC1,0,development,402
CMPD_00022,C#CCc1ccc(COC(=O)C2C(C=C(C)C)C2(C)C)o1,O=C(OCc1ccco1)C1CC1,0,development,402
CMPD_00023,C#CCN1C(=O)COc2cc(F)c(N3C(=O)C4=C(CCCC4)C3=O)cc21,O=C1COc2ccc(N3C(=O)C4=C(CCCC4)C3=O)cc2N1,0,development,402
CMPD_00024,C#CCO,ACYCLIC::C#CCO,1,development,402
CMPD_00025,C#CCOC(=O)C(C)Oc1ccc(Oc2ncc(Cl)cc2F)cc1,c1ccc(Oc2ccccn2)cc1,0,development,402
CMPD_00026,C#CCOc1cc(-n2nc(C(C)(C)C)oc2=O)c(Cl)cc1Cl,O=c1ocnn1-c1ccccc1,0,locked_test,402
CMPD_00027,C#CCOc1cc(-n2nc3n(c2=O)CCCC3)c(Cl)cc1Cl,O=c1n(-c2ccccc2)nc2n1CCCC2,0,development,402
CMPD_00028,C#CCOc1ccccc1OC(=O)NC,c1ccccc1,0,development,402
CMPD_00029,C#CCOS(=O)OC1CCCCC1Oc1ccc(C(C)(C)C)cc1,c1ccc(OC2CCCCC2)cc1,1,development,402
CMPD_00030,C(=Cc1ccc(-c2nc3ccccc3o2)cc1)c1ccc(-c2nc3ccccc3o2)cc1,C(=Cc1ccc(-c2nc3ccccc3o2)cc1)c1ccc(-c2nc3ccccc3o2)cc1,0,development,402
CMPD_00031,C(CCOCC1CO1)COCC1CO1,C(CCOCC1CO1)COCC1CO1,0,development,402
CMPD_00032,C(CSSCCC[Si]12OCCN(CCO1)CCO2)C[Si]12OCCN(CCO1)CCO2,C(CSSCCC[Si]12OCCN(CCO1)CCO2)C[Si]12OCCN(CCO1)CCO2,0,development,402
CMPD_00033,C(OCC1CO1)C1CO1,C(OCC1CO1)C1CO1,1,locked_test,402
CMPD_00034,C/C(=N\Nc1nc(C)cc(C)n1)c1ccccc1C,C(=NNc1ncccn1)c1ccccc1,0,development,402
CMPD_00035,C/C(CC(C)C)=N/NC(=O)c1cc2ccccc2cc1O,c1ccc2ccccc2c1,0,development,402
CMPD_00036,C/C=C/C(=O)C(C)CC,ACYCLIC::C/C=C/C(=O)C(C)CC,0,development,402
CMPD_00037,C/C=C/C(=O)C1=C(C)CCCC1(C)C,C1=CCCCC1,0,development,402
CMPD_00038,C/C=C/C=C/C=O,ACYCLIC::C/C=C/C=C/C=O,1,development,402
CMPD_00039,C/C=C/C=O,ACYCLIC::C/C=C/C=O,1,locked_test,402
CMPD_00040,C[N+](=O)[O-],ACYCLIC::C[N+](=O)[O-],1,development,402
CMPD_00041,C[N+](C)(C)C,ACYCLIC::C[N+](C)(C)C,1,development,402
CMPD_00042,C[N+](C)(C)Cc1ccccc1,c1ccccc1,1,development,402
CMPD_00043,C[N+](C)(C)CCCl,ACYCLIC::C[N+](C)(C)CCCl,0,development,402
CMPD_00044,C[N+](C)(CCCNS(=O)(=O)CCC(F)(F)C(F)(F)C(F)(F)C(F)(F)C(F)(F)C(F)(F)F)CC(=O)O,ACYCLIC::C[N+](C)(CCCNS(=O)(=O)CCC(F)(F)C(F)(F)C(F)(F)C(F)(F)C(F)(F)C(F)(F)F)CC(=O)O,0,development,402
CMPD_00045,C[N+]1(C)CCCCC1,C1CC[NH2+]CC1,0,development,402
CMPD_00046,C[Si](C)(C)C,ACYCLIC::C[Si](C)(C)C,0,development,402
CMPD_00047,C[Si](C)(C)O[Si](C)(C)C,ACYCLIC::C[Si](C)(C)O[Si](C)(C)C,0,locked_test,402
CMPD_00048,C[Si](C)(C)O[Si](C)(C)O[Si](C)(C)C,ACYCLIC::C[Si](C)(C)O[Si](C)(C)O[Si](C)(C)C,0,development,402
CMPD_00049,C[Si](C)(C)O[Si](C)(C)O[Si](C)(C)O[Si](C)(C)C,ACYCLIC::C[Si](C)(C)O[Si](C)(C)O[Si](C)(C)O[Si](C)(C)C,0,locked_test,402
CMPD_00050,C[Si](C)(C)O[Si](C)(C)O[Si](C)(C)O[Si](C)(C)O[Si](C)(C)C,ACYCLIC::C[Si](C)(C)O[Si](C)(C)O[Si](C)(C)O[Si](C)(C)O[Si](C)(C)C,0,development,402
CMPD_00051,C[Si](C)(C)O[Si](C)(C)O[Si](C)(C)O[Si](C)(C)O[Si](C)(C)O[Si](C)(C)C,ACYCLIC::C[Si](C)(C)O[Si](C)(C)O[Si](C)(C)O[Si](C)(C)O[Si](C)(C)O[Si](C)(C)C,0,development,402
CMPD_00052,C[Si](C)(C)O[Si](C)(O[Si](C)(C)C)O[Si](C)(C)C,ACYCLIC::C[Si](C)(C)O[Si](C)(O[Si](C)(C)C)O[Si](C)(C)C,0,development,402
CMPD_00053,C[Si](C)(CCCN)O[Si](C)(C)CCCN,ACYCLIC::C[Si](C)(CCCN)O[Si](C)(C)CCCN,0,locked_test,402
CMPD_00054,C[Si](C)(O[Si](C)(c1ccccc1)c1ccccc1)O[Si](C)(c1ccccc1)c1ccccc1,c1ccc([SiH](O[SiH2]O[SiH](c2ccccc2)c2ccccc2)c2ccccc2)cc1,0,locked_test,402
CMPD_00055,C[Si](Cn1cncn1)(c1ccc(F)cc1)c1ccc(F)cc1,c1ccc([SiH](Cn2cncn2)c2ccccc2)cc1,0,development,402
CMPD_00056,C[Si]1(C)O[Si](C)(C)O[Si](C)(C)O[Si](C)(C)O[Si](C)(C)O[Si](C)(C)O1,O1[SiH2]O[SiH2]O[SiH2]O[SiH2]O[SiH2]O[SiH2]1,0,development,402
CMPD_00057,C[Si]1(C)O[Si](C)(C)O[Si](C)(C)O[Si](C)(C)O[Si](C)(C)O1,O1[SiH2]O[SiH2]O[SiH2]O[SiH2]O[SiH2]1,0,locked_test,402
CMPD_00058,C[Si]1(C)O[Si](C)(C)O[Si](C)(C)O[Si](C)(C)O1,O1[SiH2]O[SiH2]O[SiH2]O[SiH2]1,0,locked_test,402
CMPD_00059,C[Si]1(CCC(F)(F)F)O[Si](C)(CCC(F)(F)F)O[Si](C)(CCC(F)(F)F)O1,O1[SiH2]O[SiH2]O[SiH2]1,0,development,402
CMPD_00060,C=[N+](O)CCCCCCCCCC,ACYCLIC::C=[N+](O)CCCCCCCCCC,0,development,402
CMPD_00061,C=[N+](O)CCCCCCCCCCCC,ACYCLIC::C=[N+](O)CCCCCCCCCCCC,0,development,402
CMPD_00062,C=[N+](O)CCCCCCCCCCCCCC,ACYCLIC::C=[N+](O)CCCCCCCCCCCCCC,0,development,402
CMPD_00063,C=C(Br)C(=O)Nc1ccc(N=Nc2c(N)ccc3cc(S(=O)(=O)O)ccc23)c(S(=O)(=O)c2ccc(C)c(S(=O)(=O)O)c2)c1,O=S(=O)(c1ccccc1)c1ccccc1N=Nc1cccc2ccccc12,0,locked_test,402
CMPD_00064,C=C(C#N)C(=O)OCC,ACYCLIC::C=C(C#N)C(=O)OCC,0,development,402
CMPD_00065,C=C(C#N)C(=O)OCCOC,ACYCLIC::C=C(C#N)C(=O)OCCOC,0,development,402
CMPD_00066,C=C(C)C#N,ACYCLIC::C=C(C)C#N,0,development,402
CMPD_00067,C=C(C)C(=O)NC(C)C,ACYCLIC::C=C(C)C(=O)NC(C)C,0,development,402
CMPD_00068,C=C(C)C(=O)Nc1ccc(Cl)c(Cl)c1,c1ccccc1,1,development,402
CMPD_00069,C=C(C)C(=O)NCCC[N+](C)(C)C,ACYCLIC::C=C(C)C(=O)NCCC[N+](C)(C)C,0,development,402
CMPD_00070,C=C(C)C(=O)O[Si](C(C)C)(C(C)C)C(C)C,ACYCLIC::C=C(C)C(=O)O[Si](C(C)C)(C(C)C)C(C)C,0,development,402
CMPD_00071,C=C(C)C(=O)OC,ACYCLIC::C=C(C)C(=O)OC,0,development,402
CMPD_00072,C=C(C)C(=O)OC(C)(C)C,ACYCLIC::C=C(C)C(=O)OC(C)(C)C,0,development,402
CMPD_00073,C=C(C)C(=O)OC(C)CO,ACYCLIC::C=C(C)C(=O)OC(C)CO,0,development,402
CMPD_00074,C=C(C)C(=O)OC1CC(C)CC(C)(C)C1,C1CCCCC1,0,locked_test,402
CMPD_00075,C=C(C)C(=O)OC1CCCCC1,C1CCCCC1,0,locked_test,402
CMPD_00076,C=C(C)C(=O)OCC(CC)(COC(=O)C(=C)C)COC(=O)C(=C)C,ACYCLIC::C=C(C)C(=O)OCC(CC)(COC(=O)C(=C)C)COC(=O)C(=C)C,0,development,402
CMPD_00077,C=C(C)C(=O)OCC(F)(F)F,ACYCLIC::C=C(C)C(=O)OCC(F)(F)F,0,development,402
CMPD_00078,C=C(C)C(=O)OCC1CC2CC1C1CCC(COC(=O)C(=C)C)C21,C1CC2C3CCC(C3)C2C1,0,development,402
CMPD_00079,C=C(C)C(=O)OCc1ccccc1,c1ccccc1,0,development,402
CMPD_00080,C=C(C)C(=O)OCCC(F)(F)C(F)(F)C(F)(F)C(F)(F)C(F)(F)C(F)(F)F,ACYCLIC::C=C(C)C(=O)OCCC(F)(F)C(F)(F)C(F)(F)C(F)(F)C(F)(F)C(F)(F)F,0,development,402
CMPD_00081,C=C(C)C(=O)OCCC[Si](OC)(OC)OC,ACYCLIC::C=C(C)C(=O)OCCC[Si](OC)(OC)OC,0,locked_test,402
CMPD_00082,C=C(C)C(=O)OCCCC,ACYCLIC::C=C(C)C(=O)OCCCC,0,development,402
CMPD_00083,C=C(C)C(=O)OCCCCCCCCCCOC(=O)C(=C)C,ACYCLIC::C=C(C)C(=O)OCCCCCCCCCCOC(=O)C(=C)C,0,locked_test,402
CMPD_00084,C=C(C)C(=O)OCCN(C)C,ACYCLIC::C=C(C)C(=O)OCCN(C)C,0,development,402
CMPD_00085,C=C(C)C(=O)OCCN1CCNC1=O,O=C1NCCN1,0,development,402
CMPD_00086,C=C(C)C(=O)OCCO,ACYCLIC::C=C(C)C(=O)OCCO,0,development,402
CMPD_00087,C=C(C)C(=O)OCCOC(=O)C(=C)C,ACYCLIC::C=C(C)C(=O)OCCOC(=O)C(=C)C,0,locked_test,402
CMPD_00088,C=C(C)C(=O)OCCOC(=O)CC(C)=O,ACYCLIC::C=C(C)C(=O)OCCOC(=O)CC(C)=O,0,development,402
CMPD_00089,C=C(C)C(=O)OCCOC(=O)NCCC(C)CC(C)(C)CNC(=O)OCCOC(=O)C(=C)C,ACYCLIC::C=C(C)C(=O)OCCOC(=O)NCCC(C)CC(C)(C)CNC(=O)OCCOC(=O)C(=C)C,0,locked_test,402
CMPD_00090,C=C(C)C(=O)OCCOc1ccccc1,c1ccccc1,0,development,402
CMPD_00091,C=C(C)C(=O)OCCOCC,ACYCLIC::C=C(C)C(=O)OCCOCC,0,development,402
CMPD_00092,C=C(C)C(=O)OCCOCCOCCCC,ACYCLIC::C=C(C)C(=O)OCCOCCOCCCC,0,development,402
CMPD_00093,C=C(C)C(=O)OCCOCCOCCOCC,ACYCLIC::C=C(C)C(=O)OCCOCCOCCOCC,0,development,402
CMPD_00094,C=C(C)C(N)=O,ACYCLIC::C=C(C)C(N)=O,0,development,402
CMPD_00095,C=C(C)C1CC=C(C)C(=O)C1,O=C1C=CCCC1,0,development,402
CMPD_00096,C=C(C)C1Cc2c(ccc3c2OC2COc4cc(OC)c(OC)cc4C2C3=O)O1,O=C1c2ccc3c(c2OC2COc4ccccc4C12)CCO3,1,development,402
CMPD_00097,C=C(C)c1cccc(C(=C)C)c1,c1ccccc1,0,development,402
CMPD_00098,C=C(C)c1ccccc1,c1ccccc1,0,development,402
CMPD_00099,C=C(C)CC(C)(C)C,ACYCLIC::C=C(C)CC(C)(C)C,0,development,402
CMPD_00100,C=C(C)CC1CC(=O)OC1=O,O=C1CCC(=O)O1,0,locked_test,402
CMPD_00101,C=C(C)COc1ccc(S(=O)(=O)O)cc1,c1ccccc1,0,development,402
CMPD_00102,C=C(C)OC(C)=O,ACYCLIC::C=C(C)OC(C)=O,0,development,402
CMPD_00103,C=C(F)C(=O)OC,ACYCLIC::C=C(F)C(=O)OC,0,development,402
CMPD_00104,C=C[Si](C)(C)O[Si](O[Si](C)(C)C=C)(O[Si](C)(C)C=C)O[Si](C)(C)C=C,ACYCLIC::C=C[Si](C)(C)O[Si](O[Si](C)(C)C=C)(O[Si](C)(C)C=C)O[Si](C)(C)C=C,0,development,402
CMPD_00105,C=C[Si](OCC)(OCC)OCC,ACYCLIC::C=C[Si](OCC)(OCC)OCC,0,development,402
CMPD_00106,C=C[Si](OCCOC)(OCCOC)OCCOC,ACYCLIC::C=C[Si](OCCOC)(OCCOC)OCCOC,0,development,402
CMPD_00107,C=C[Si](ON=C(C)CC)(ON=C(C)CC)ON=C(C)CC,ACYCLIC::C=C[Si](ON=C(C)CC)(ON=C(C)CC)ON=C(C)CC,0,development,402
CMPD_00108,C=C1C(=CC=C2CCCC3(C)C2CCC3C(C)C=CC(O)C2CC2)CC(O)CC1O,C=C1CCCCC1=CC=C1CCCC2C(CC=CCC3CC3)CCC12,1,locked_test,402
CMPD_00109,C=C1C(C)(C)C2(Cl)C(Cl)C1(Cl)C(Cl)(Cl)C2(Cl)Cl,C=C1CC2CCC1C2,1,development,402
CMPD_00110,C=c1cc(C)cc(C)/c1=C(/O)P(=O)(c1ccccc1)c1ccccc1,C=c1ccccc1=CP(=O)(c1ccccc1)c1ccccc1,0,development,402
CMPD_00111,C=c1cc(C)cc(C)/c1=C(\O)P(=O)(/C(O)=c1\c(C)cc(C)cc1=C)c1ccccc1,C=c1ccccc1=CP(=O)(C=c1ccccc1=C)c1ccccc1,0,development,402
CMPD_00112,C=c1cc(C)cc(C)/c1=C(\O)P(=O)(OCC)c1ccccc1,C=c1ccccc1=C[PH](=O)c1ccccc1,0,locked_test,402
CMPD_00113,C=c1cc(C)ccc1=C1N=C(c2ccc(C)cc2C)NC(c2ccc(OCC(O)COCC(CC)CCCC)cc2O)=N1,C=c1ccccc1=C1N=C(c2ccccc2)NC(c2ccccc2)=N1,0,locked_test,402
CMPD_00114,C=C1CC2C(CCC3(C)C2CCC3(OC(C)=O)C(C)=O)C2(C)CCC(=O)C=C12,C=C1CC2C3CCCC3CCC2C2CCC(=O)C=C12,0,development,402
CMPD_00115,C=CC,ACYCLIC::C=CC,0,development,402
CMPD_00116,C=CC#N,ACYCLIC::C=CC#N,1,development,402
CMPD_00117,C=CC(=C)CCC=C(C)C,ACYCLIC::C=CC(=C)CCC=C(C)C,0,locked_test,402
CMPD_00118,C=CC(=C)CCC=C(C)CCC=C(C)C,ACYCLIC::C=CC(=C)CCC=C(C)CCC=C(C)C,0,development,402
CMPD_00119,C=CC(=C)CCCC(C)(C)O,ACYCLIC::C=CC(=C)CCCC(C)(C)O,0,development,402
CMPD_00120,C=CC(=O)NC(C)(C)CC(C)=O,ACYCLIC::C=CC(=O)NC(C)(C)CC(C)=O,0,development,402
CMPD_00121,C=CC(=O)O[Si](C(C)C)(C(C)C)C(C)C,ACYCLIC::C=CC(=O)O[Si](C(C)C)(C(C)C)C(C)C,0,development,402
CMPD_00122,C=CC(=O)OC,ACYCLIC::C=CC(=O)OC,1,locked_test,402
CMPD_00123,C=CC(=O)OC(C)(C)C,ACYCLIC::C=CC(=O)OC(C)(C)C,0,development,402
CMPD_00124,C=CC(=O)OC(C)COCC(C)OC(=O)C=C,ACYCLIC::C=CC(=O)OC(C)COCC(C)OC(=O)C=C,0,development,402
CMPD_00125,C=CC(=O)OC(C)COCC(C)OCC(C)OC(=O)C=C,ACYCLIC::C=CC(=O)OC(C)COCC(C)OCC(C)OC(=O)C=C,0,development,402
CMPD_00126,C=CC(=O)Oc1c(Br)cc(Cl)c2cccnc12,c1ccc2ncccc2c1,0,development,402
CMPD_00127,C=CC(=O)OC1CC(C)CC(C)(C)C1,C1CCCCC1,0,locked_test,402
CMPD_00128,C=CC(=O)OC1CC2CCC1(C)C2(C)C,C1CC2CCC1C2,0,development,402
CMPD_00129,C=CC(=O)OC1CCC(C(C)(C)C)CC1,C1CCCCC1,0,locked_test,402
CMPD_00130,C=CC(=O)OCC(CC)(COCC(CC)(COC(=O)C=C)COC(=O)C=C)COC(=O)C=C,ACYCLIC::C=CC(=O)OCC(CC)(COCC(CC)(COC(=O)C=C)COC(=O)C=C)COC(=O)C=C,0,development,402
CMPD_00131,C=CC(=O)OCC(CC)CCCC,ACYCLIC::C=CC(=O)OCC(CC)CCCC,0,development,402
CMPD_00132,C=CC(=O)OCC(O)COCCCCOCC(O)COC(=O)C=C,ACYCLIC::C=CC(=O)OCC(O)COCCCCOCC(O)COC(=O)C=C,0,development,402
CMPD_00133,C=CC(=O)OCC[N+](C)(C)Cc1ccccc1,c1ccccc1,0,development,402
CMPD_00134,C=CC(=O)OCC1(CC)COCOC1,C1COCOC1,0,locked_test,402
CMPD_00135,C=CC(=O)OCc1c(Br)c(Br)c(Br)c(Br)c1Br,c1ccccc1,0,development,402
CMPD_00136,C=CC(=O)OCC1CC2CC1C1CCC(COC(=O)C=C)C21,C1CC2C3CCC(C3)C2C1,0,development,402
CMPD_00137,C=CC(=O)OCCCCCC(C)C,ACYCLIC::C=CC(=O)OCCCCCC(C)C,0,development,402
CMPD_00138,C=CC(=O)OCCCCCCCCCCCC,ACYCLIC::C=CC(=O)OCCCCCCCCCCCC,0,development,402
CMPD_00139,C=CC(=O)OCCCCCCCCCCCCCC,ACYCLIC::C=CC(=O)OCCCCCCCCCCCCCC,0,locked_test,402
CMPD_00140,C=CC(=O)OCCCCCCCCCCCCCCCC,ACYCLIC::C=CC(=O)OCCCCCCCCCCCCCCCC,0,development,402
CMPD_00141,C=CC(=O)OCCCCCCCCCCCCCCCCCC,ACYCLIC::C=CC(=O)OCCCCCCCCCCCCCCCCCC,0,locked_test,402
CMPD_00142,C=CC(=O)OCCCCCCCCCCCCCCCCCCCC,ACYCLIC::C=CC(=O)OCCCCCCCCCCCCCCCCCCCC,0,development,402
CMPD_00143,C=CC(=O)OCCCCCCCCCCCCCCCCCCCCCC,ACYCLIC::C=CC(=O)OCCCCCCCCCCCCCCCCCCCCCC,0,development,402
CMPD_00144,C=CC(=O)OCCCCCCCCCCOC(=O)C=C,ACYCLIC::C=CC(=O)OCCCCCCCCCCOC(=O)C=C,0,development,402
CMPD_00145,C=CC(=O)OCCCCO,ACYCLIC::C=CC(=O)OCCCCO,0,development,402
CMPD_00146,C=CC(=O)OCCCCOC(=O)Oc1ccc(C(=O)c2ccccc2)cc1,O=C(c1ccccc1)c1ccccc1,0,development,402
CMPD_00147,C=CC(=O)OCCCOCC(C)(C)COCCCOC(=O)C=C,ACYCLIC::C=CC(=O)OCCCOCC(C)(C)COCCCOC(=O)C=C,0,development,402
CMPD_00148,C=CC(=O)OCCCOCC(COCCCOC(=O)C=C)OCCCOC(=O)C=C,ACYCLIC::C=CC(=O)OCCCOCC(COCCCOC(=O)C=C)OCCCOC(=O)C=C,0,development,402
CMPD_00149,C=CC(=O)OCCCS(=O)(=O)O,ACYCLIC::C=CC(=O)OCCCS(=O)(=O)O,0,locked_test,402
CMPD_00150,C=CC(=O)OCCN(C)C,ACYCLIC::C=CC(=O)OCCN(C)C,1,development,402
CMPD_00151,C=CC(=O)OCCN(C)S(=O)(=O)C(F)(F)C(F)(F)C(F)(F)C(F)(F)F,ACYCLIC::C=CC(=O)OCCN(C)S(=O)(=O)C(F)(F)C(F)(F)C(F)(F)C(F)(F)F,0,locked_test,402
CMPD_00152,C=CC(=O)OCCOC,ACYCLIC::C=CC(=O)OCCOC,1,locked_test,402
CMPD_00153,C=CC(=O)OCCOCCOC(=O)C=C,ACYCLIC::C=CC(=O)OCCOCCOC(=O)C=C,1,development,402
CMPD_00154,C=CC(C#N)OC(C)=O,ACYCLIC::C=CC(C#N)OC(C)=O,1,development,402
CMPD_00155,C=CC(C)(C#N)Cc1ccccc1,c1ccccc1,0,development,402
CMPD_00156,C=CC(C)(CCC=C(C)C)OC(C)OCC,ACYCLIC::C=CC(C)(CCC=C(C)C)OC(C)OCC,0,development,402
CMPD_00157,C=CC(C)(O)CCC=C(C)C,ACYCLIC::C=CC(C)(O)CCC=C(C)C,0,development,402
CMPD_00158,C=CC(C)=CCC1OC1(C)C,C1CO1,0,development,402
CMPD_00159,C=CC(C)CCC=C(C)C,ACYCLIC::C=CC(C)CCC=C(C)C,0,locked_test,402
CMPD_00160,C=CC(Cl)CCl,ACYCLIC::C=CC(Cl)CCl,0,development,402
CMPD_00161,C=CC(COC(C)=O)OC(C)=O,ACYCLIC::C=CC(COC(C)=O)OC(C)=O,0,development,402
CMPD_00162,C=CC(F)(F)C(F)(F)C(F)(F)C(F)(F)C(F)(F)C(F)(F)C=C,ACYCLIC::C=CC(F)(F)C(F)(F)C(F)(F)C(F)(F)C(F)(F)C(F)(F)C=C,0,development,402
CMPD_00163,C=CC(N)=O,ACYCLIC::C=CC(N)=O,1,development,402
CMPD_00164,C=CC[N+]1(CCC(C)CCCC(C)C)CCCCC1,C1CC[NH2+]CC1,1,development,402
CMPD_00165,C=CC=CCCC=CCC,ACYCLIC::C=CC=CCCC=CCC,0,development,402
CMPD_00166,C=Cc1cc(Br)ccc1Br,c1ccccc1,0,development,402
CMPD_00167,C=CC1CCC(C2CCC(c3ccc(C)cc3)CC2)CC1,c1ccc(C2CCC(C3CCCCC3)CC2)cc1,0,development,402
CMPD_00168,C=Cc1ccc(O)c(C=C)c1,c1ccccc1,0,development,402
CMPD_00169,C=Cc1ccc(OC(C)=O)cc1,c1ccccc1,0,development,402
CMPD_00170,C=Cc1ccc(S(=O)(=O)O)cc1,c1ccccc1,0,development,402
CMPD_00171,C=Cc1ccccc1,c1ccccc1,0,development,402
CMPD_00172,C=Cc1ccccn1,c1ccncc1,1,locked_test,402
CMPD_00173,C=CCc1cc(C(C)(C)c2ccc(O)c(CC=C)c2)ccc1O,c1ccc(Cc2ccccc2)cc1,0,locked_test,402
CMPD_00174,C=CCc1ccc(OC(C)=O)c(OC)c1,c1ccccc1,0,development,402
CMPD_00175,C=CCc1ccc(OC)c(OC)c1,c1ccccc1,0,development,402
CMPD_00176,C=CCCC,ACYCLIC::C=CCCC,0,development,402
CMPD_00177,C=CCCCC,ACYCLIC::C=CCCCC,0,development,402
CMPD_00178,C=CCCCC=CCOC,ACYCLIC::C=CCCCC=CCOC,0,development,402
CMPD_00179,C=CCCCCCC,ACYCLIC::C=CCCCCCC,0,development,402
CMPD_00180,C=CCCCCCCC,ACYCLIC::C=CCCCCCCC,0,development,402
CMPD_00181,C=CCCCCCCCC,ACYCLIC::C=CCCCCCCCC,0,development,402
CMPD_00182,C=CCCCCCCCC(=O)N(C)C,ACYCLIC::C=CCCCCCCCC(=O)N(C)C,0,development,402
CMPD_00183,C=CCCCCCCCC(=O)OC,ACYCLIC::C=CCCCCCCCC(=O)OC,0,development,402
CMPD_00184,C=CCCCCCCCCC(=O)NCC(=O)O,ACYCLIC::C=CCCCCCCCCC(=O)NCC(=O)O,0,development,402
CMPD_00185,C=CCCCCCCCCC(=O)O,ACYCLIC::C=CCCCCCCCCC(=O)O,0,development,402
CMPD_00186,C=CCCCCCCCCC(=O)OC,ACYCLIC::C=CCCCCCCCCC(=O)OC,0,locked_test,402
CMPD_00187,C=CCCCCCCCCC=O,ACYCLIC::C=CCCCCCCCCC=O,0,development,402
CMPD_00188,C=CCCCCCCCCCC,ACYCLIC::C=CCCCCCCCCCC,0,development,402
CMPD_00189,C=CCCCCCCCCCCCC,ACYCLIC::C=CCCCCCCCCCCCC,0,development,402
CMPD_00190,C=CCCCCCCCCCCCCCC,ACYCLIC::C=CCCCCCCCCCCCCCC,0,development,402
CMPD_00191,C=CCCCCCCCCCCCCCCCC,ACYCLIC::C=CCCCCCCCCCCCCCCCC,0,development,402
CMPD_00192,C=CCCCCCCCCCCCCCCCCCC,ACYCLIC::C=CCCCCCCCCCCCCCCCCCC,0,development,402
CMPD_00193,C=CCCCCCCCCCCCCCCCCCCCC,ACYCLIC::C=CCCCCCCCCCCCCCCCCCCCC,0,development,402
CMPD_00194,C=CCCCCCCCCCCCCCCCCCCCCCCCC,ACYCLIC::C=CCCCCCCCCCCCCCCCCCCCCCCCC,0,development,402
CMPD_00195,C=CCCCCCCCCCCCCCCCCCCCCCCCCCC,ACYCLIC::C=CCCCCCCCCCCCCCCCCCCCCCCCCCC,0,development,402
CMPD_00196,C=CCCCOC(=O)C(CC)N(Cc1ccco1)C(=O)n1ccnc1,O=C(NCc1ccco1)n1ccnc1,0,development,402
CMPD_00197,C=CCN(CC=C)C(=O)CCl,ACYCLIC::C=CCN(CC=C)C(=O)CCl,1,development,402
CMPD_00198,C=CCN1CCn2c1nc1c2c(=O)n(C)c(=O)n1C,O=c1[nH]c(=O)c2c(nc3n2CCN3)[nH]1,0,development,402
CMPD_00199,C=CCNCC=C,ACYCLIC::C=CCNCC=C,1,locked_test,402
CMPD_00200,C=CCOC(=O)C(=C)C,ACYCLIC::C=CCOC(=O)C(=C)C,1,locked_test,402
CMPD_00201,C=CCOC(=O)C(C)(C)O,ACYCLIC::C=CCOC(=O)C(C)(C)O,1,development,402
CMPD_00202,C=CCOC(=O)C(C)(C)OC(=O)c1cc(N)ccc1Cl,c1ccccc1,0,development,402
CMPD_00203,C=CCOC(=O)C(C)(C)OC(=O)c1cc(-n2c(=O)cc(C(F)(F)F)n(C)c2=O)ccc1Cl,O=c1cc[nH]c(=O)n1-c1ccccc1,0,development,402
CMPD_00204,C=CCOC(=O)COc1ccccc1,c1ccccc1,0,development,402
CMPD_00205,C=CCOc1ccc(S(=O)(=O)c2ccc(O)cc2)cc1,O=S(=O)(c1ccccc1)c1ccccc1,0,development,402
CMPD_00206,C=CCOc1nc(OCC=C)nc(OCC=C)n1,c1ncncn1,0,development,402
CMPD_00207,C=CCOCC(CC)(CO)CO,ACYCLIC::C=CCOCC(CC)(CO)CO,0,locked_test,402
CMPD_00208,C=CCOCC(CC)(CO)COCC=C,ACYCLIC::C=CCOCC(CC)(CO)COCC=C,0,development,402
CMPD_00209,C=CCOCC(O)CS(=O)(=O)O,ACYCLIC::C=CCOCC(O)CS(=O)(=O)O,0,development,402
CMPD_00210,C=CCOCC1(OC2OC(CO)C(O)C(O)C2O)OC(CO)C(O)C1O,C1CCC(OC2CCCO2)OC1,0,development,402
CMPD_00211,C=CCON=C(CCC)C1C(=O)CC(C)(C)C(C(=O)OC)C1=O,O=C1CCCC(=O)C1,0,development,402
CMPD_00212,C=CCS(=O)(=O)O,ACYCLIC::C=CCS(=O)(=O)O,0,locked_test,402
CMPD_00213,C=CN1CC(C)OC1=O,O=C1NCCO1,0,locked_test,402
CMPD_00214,C=CN1CCCC1=O,O=C1CCCN1,0,development,402
CMPD_00215,C=CN1CCCCCC1=O,O=C1CCCCCN1,0,locked_test,402
CMPD_00216,C=Cn1ccnc1,c1c[nH]cn1,0,development,402
CMPD_00217,C=CNC=O,ACYCLIC::C=CNC=O,0,development,402
CMPD_00218,C=COC(=O)CCCCC(C)(C)C,ACYCLIC::C=COC(=O)CCCCC(C)(C)C,0,development,402
CMPD_00219,C=COC(=O)CCCCCC(C)(C)C,ACYCLIC::C=COC(=O)CCCCCC(C)(C)C,0,development,402
CMPD_00220,C=COC(=O)CCCCCCCCCCC,ACYCLIC::C=COC(=O)CCCCCCCCCCC,0,development,402
CMPD_00221,C=COC1CCCCC1,C1CCCCC1,0,locked_test,402
CMPD_00222,C=COCC,ACYCLIC::C=COCC,0,development,402
CMPD_00223,C=COCCCCCCCCCCCCCCCCCC,ACYCLIC::C=COCCCCCCCCCCCCCCCCCC,0,development,402
CMPD_00224,C=COCCCCO,ACYCLIC::C=COCCCCO,0,development,402
CMPD_00225,C=COCCOCCOC(=O)C=C,ACYCLIC::C=COCCOCCOC(=O)C=C,0,development,402
CMPD_00226,C=COCCOCCOC=C,ACYCLIC::C=COCCOCCOC=C,0,development,402
CMPD_00227,C=COCCOCCOCCOC=C,ACYCLIC::C=COCCOCCOCCOC=C,0,development,402
CMPD_00228,C=CS(=O)(=O)C=C,ACYCLIC::C=CS(=O)(=O)C=C,1,locked_test,402
CMPD_00229,C=CS(=O)(=O)CCOCCNc1nc(F)nc(Nc2ccc(N=Nc3c(N)c(S(=O)(=O)O)cc4cc(S(=O)(=O)O)cc(O)c34)c(S(=O)(=O)O)c2)n1,c1ccc2c(N=Nc3ccc(Nc4ncncn4)cc3)cccc2c1,0,locked_test,402
CMPD_00230,C=CS(=O)(=O)CCOCCNc1nc(F)nc(Nc2ccc(N=Nc3cc4c(S(=O)(=O)O)cc(S(=O)(=O)O)cc4cc3S(=O)(=O)O)c(NC(N)=O)c2)n1,c1ccc2cc(N=Nc3ccc(Nc4ncncn4)cc3)ccc2c1,0,development,402
CMPD_00231,C1=CC(c2ccc(C3CC=CCC3)cc2)CCC1,C1=CC(c2ccc(C3CC=CCC3)cc2)CCC1,0,development,402
CMPD_00232,C1=CC=CCC=C1,C1=CC=CCC=C1,1,development,402
CMPD_00233,C1=CC2C3C=CC(C3)C2C1,C1=CC2C3C=CC(C3)C2C1,0,development,402
CMPD_00234,C1=CC2C3CCC(C3)C2C1,C1=CC2C3CCC(C3)C2C1,0,development,402
CMPD_00235,C1=CCC(C2OCC3(CO2)COC(C2CC=CCC2)OC3)CC1,C1=CCC(C2OCC3(CO2)COC(C2CC=CCC2)OC3)CC1,0,development,402
CMPD_00236,C1=CCC=C1,C1=CCC=C1,0,development,402
CMPD_00237,C1=CCCC=CCCC=CCC1,C1=CCCC=CCCC=CCC1,0,development,402
CMPD_00238,c1cc(-c2ccncc2)ccn1,c1cc(-c2ccncc2)ccn1,1,development,402
CMPD_00239,C1CC(COCC2CO2)CCC1COCC1CO1,C1CC(COCC2CO2)CCC1COCC1CO1,0,development,402
CMPD_00240,c1cc(N(CC2CO2)CC2CO2)ccc1OCC1CO1,c1cc(N(CC2CO2)CC2CO2)ccc1OCC1CO1,0,development,402
CMPD_00241,c1cc(OCC2CO2)c2ccc(OCC3CO3)cc2c1,c1cc(OCC2CO2)c2ccc(OCC3CO3)cc2c1,1,locked_test,402
CMPD_00242,c1cc(OCC2CO2)cc(N(CC2CO2)CC2CO2)c1,c1cc(OCC2CO2)cc(N(CC2CO2)CC2CO2)c1,0,development,402
CMPD_00243,c1cc[n+]2c(c1)-c1cccc[n+]1CC2,c1cc[n+]2c(c1)-c1cccc[n+]1CC2,1,development,402
CMPD_00244,c1cc2c(c(OCCN3CCCCC3)c1)OCCO2,c1cc2c(c(OCCN3CCCCC3)c1)OCCO2,0,development,402
CMPD_00245,c1ccc2[nH]ccc2c1,c1ccc2[nH]ccc2c1,1,locked_test,402
CMPD_00246,c1ccc(-c2ccc(-c3ccccc3)cc2)cc1,c1ccc(-c2ccc(-c3ccccc3)cc2)cc1,0,development,402
CMPD_00247,c1ccc(-c2ccc(-c3nc(-c4ccc(-c5ccccc5)cc4)nc(-c4ccc(-c5ccccc5)cc4)n3)cc2)cc1,c1ccc(-c2ccc(-c3nc(-c4ccc(-c5ccccc5)cc4)nc(-c4ccc(-c5ccccc5)cc4)n3)cc2)cc1,0,development,402
CMPD_00248,c1ccc(C2CCCCC2)cc1,c1ccc(C2CCCCC2)cc1,0,development,402
CMPD_00249,c1ccc(-c2noc(-c3cccs3)n2)cc1,c1ccc(-c2noc(-c3cccs3)n2)cc1,0,locked_test,402
CMPD_00250,C1CCC(NC2CCCCC2)CC1,C1CCC(NC2CCCCC2)CC1,1,development,402
CMPD_00251,c1ccc(COc2ccc3ccccc3c2)cc1,c1ccc(COc2ccc3ccccc3c2)cc1,0,development,402
CMPD_00252,c1ccc(-c2ccccn2)nc1,c1ccc(-c2ccccn2)nc1,1,development,402
CMPD_00253,c1ccc(Nc2cccc3ccccc23)cc1,c1ccc(Nc2cccc3ccccc23)cc1,0,locked_test,402
CMPD_00254,c1ccc(P(c2ccccc2)c2ccccc2)cc1,c1ccc(P(c2ccccc2)c2ccccc2)cc1,0,development,402
CMPD_00255,c1ccc2[nH]c(-c3cscn3)nc2c1,c1ccc2[nH]c(-c3cscn3)nc2c1,0,development,402
CMPD_00256,c1ccc2c(c1)C1=NC2=Nc2c3ccccc3c3[n]2[Cu][n]2c(c4ccccc4c2=NC2=NC(=N3)c3ccccc32)=N1,c1ccc2c(c1)C1=NC2=Nc2c3ccccc3c3[n]2[Cu][n]2c(c4ccccc4c2=NC2=NC(=N3)c3ccccc32)=N1,0,locked_test,402
CMPD_00257,c1ccc2c(c1)-c1nc-2nc2[nH]c(nc3nc([nH]c4nc(n1)-c1ccccc1-4)-c1ccccc1-3)c1ccccc21,c1ccc2c(c1)-c1nc-2nc2[nH]c(nc3nc([nH]c4nc(n1)-c1ccccc1-4)-c1ccccc1-3)c1ccccc21,0,development,402
CMPD_00258,c1ccc2c(c1)CC1COCOC21,c1ccc2c(c1)CC1COCOC21,0,locked_test,402
CMPD_00259,c1ccc2c(c1)CCCC2,c1ccc2c(c1)CCCC2,0,development,402
CMPD_00260,c1ccc2c(c1)Nc1ccccc1S2,c1ccc2c(c1)Nc1ccccc1S2,0,development,402
CMPD_00261,c1ccc2c(NCCCN3CCOCC3)cccc2c1,c1ccc2c(NCCCN3CCOCC3)cccc2c1,0,development,402
CMPD_00262,c1ccc2cnccc2c1,c1ccc2cnccc2c1,1,development,402
CMPD_00263,c1ccc2n[nH]nc2c1,c1ccc2n[nH]nc2c1,0,development,402
CMPD_00264,c1ccc2ncccc2c1,c1ccc2ncccc2c1,1,development,402
CMPD_00265,C1CCC2OC2C1,C1CCC2OC2C1,1,development,402
CMPD_00266,c1ccc2sc(SN(C3CCCCC3)C3CCCCC3)nc2c1,c1ccc2sc(SN(C3CCCCC3)C3CCCCC3)nc2c1,0,development,402
CMPD_00267,c1ccc2sc(SN3CCOCC3)nc2c1,c1ccc2sc(SN3CCOCC3)nc2c1,0,development,402
CMPD_00268,c1ccc2sc(SNC3CCCCC3)nc2c1,c1ccc2sc(SNC3CCCCC3)nc2c1,0,locked_test,402
CMPD_00269,c1ccc2sc(SSc3nc4ccccc4s3)nc2c1,c1ccc2sc(SSc3nc4ccccc4s3)nc2c1,0,locked_test,402
CMPD_00270,c1ccc2scnc2c1,c1ccc2scnc2c1,1,development,402
CMPD_00271,C1CCCCCC2=C(CCCC1)CCCO2,C1CCCCCC2=C(CCCC1)CCCO2,0,development,402
CMPD_00272,C1CCNCC1,C1CCNCC1,1,locked_test,402
CMPD_00273,C1CCOC1,C1CCOC1,0,locked_test,402
CMPD_00274,C1CN(SSN2CCOCC2)CCO1,C1CN(SSN2CCOCC2)CCO1,0,development,402
CMPD_00275,c1cn[nH]c1,c1cn[nH]c1,1,locked_test,402
CMPD_00276,C1CN1,C1CN1,1,development,402
CMPD_00277,C1CN1P1(N2CC2)=NP(N2CC2)(N2CC2)=NP(N2CC2)(N2CC2)=N1,C1CN1P1(N2CC2)=NP(N2CC2)(N2CC2)=NP(N2CC2)(N2CC2)=N1,1,development,402
CMPD_00278,c1ccc(C2CN3CCSC3=N2)cc1,c1ccc(C2CN3CCSC3=N2)cc1,1,development,402
CMPD_00279,C1COCCN1,C1COCCN1,1,development,402
CMPD_00280,C1COCO1,C1COCO1,0,development,402
CMPD_00281,C1N2CN3CN1CN(C2)C3,C1N2CN3CN1CN(C2)C3,0,development,402
CMPD_00282,c1nc[n]([Sn]([CH]2CCCCC2)([CH]2CCCCC2)[CH]2CCCCC2)n1,c1nc[n]([Sn]([CH]2CCCCC2)([CH]2CCCCC2)[CH]2CCCCC2)n1,1,development,402
CMPD_00283,c1nnc[nH]1,c1nnc[nH]1,0,development,402
CMPD_00284,c1ccc(C2CO2)cc1,c1ccc(C2CO2)cc1,1,development,402
CMPD_00285,C1OCOCO1,C1OCOCO1,0,locked_test,402
CMPD_00286,CC#Cc1cc(C)nc(Nc2ccccc2)n1,c1ccc(Nc2ncccn2)cc1,0,development,402
CMPD_00287,C=C(C)C(=O)OCC1CO1,C1CO1,1,development,402
CMPD_00288,CC(=Cc1ccc(C)cc1)CCC=O,c1ccccc1,0,development,402
CMPD_00289,CC(=CCC1CC=C(C)C1(C)C)CO,C1=CCCC1,0,locked_test,402
CMPD_00290,CC(=CCO)CCCC(C)C,ACYCLIC::CC(=CCO)CCCC(C)C,0,development,402
CMPD_00291,CC(=O)/C(=N\Nc1cc(Cl)c(-c2cc(Cl)c(N/N=C(\C(C)=O)C(=O)Nc3ccc(C)cc3C)cc2Cl)cc1Cl)C(=O)Nc1ccc(C)cc1C,O=C(C=NNc1ccc(-c2ccc(NN=CC(=O)Nc3ccccc3)cc2)cc1)Nc1ccccc1,0,locked_test,402
CMPD_00292,CC(=O)/C(=N\Nc1ccc(C)cc1[N+](=O)[O-])C(=O)Nc1ccccc1,O=C(C=NNc1ccccc1)Nc1ccccc1,0,locked_test,402
CMPD_00293,CC(=O)/C(=N\Nc1ccc(-c2ccc(N/N=C(\C(C)=O)C(=O)Nc3ccc(C)cc3)c(Cl)c2)cc1Cl)C(=O)Nc1ccc(C)cc1,O=C(C=NNc1ccc(-c2ccc(NN=CC(=O)Nc3ccccc3)cc2)cc1)Nc1ccccc1,0,locked_test,402
CMPD_00294,CC(=O)/C(=N\Nc1ccc(-c2ccc(N/N=C(\C(C)=O)C(=O)Nc3ccccc3)c(Cl)c2)cc1Cl)C(=O)Nc1ccccc1,O=C(C=NNc1ccc(-c2ccc(NN=CC(=O)Nc3ccccc3)cc2)cc1)Nc1ccccc1,0,locked_test,402
CMPD_00295,CC(=O)/C(=N\Nc1ccc(-c2ccc(N/N=C(\C(C)=O)C(=O)Nc3ccccc3C)c(Cl)c2)cc1Cl)C(=O)Nc1ccccc1C,O=C(C=NNc1ccc(-c2ccc(NN=CC(=O)Nc3ccccc3)cc2)cc1)Nc1ccccc1,0,locked_test,402
CMPD_00296,CC(=O)/C(=N\Nc1ccc(Cl)cc1[N+](=O)[O-])C(=O)Nc1ccccc1Cl,O=C(C=NNc1ccccc1)Nc1ccccc1,0,locked_test,402
CMPD_00297,CC(=O)/C(=N\Nc1ccc(S(=O)(=O)O)cc1[N+](=O)[O-])C(=O)Nc1ccccc1,O=C(C=NNc1ccccc1)Nc1ccccc1,0,locked_test,402
CMPD_00298,CC(=O)/C(=N\Nc1ccc(S(=O)(=O)O)cc1[N+](=O)[O-])C(=O)Nc1ccccc1Cl,O=C(C=NNc1ccccc1)Nc1ccccc1,0,locked_test,402
CMPD_00299,CC(=O)/C(C)=C/C1C(C)=CCCC1(C)C,C1=CCCCC1,0,development,402
CMPD_00300,CC(=O)/C(C)=C/CC1CC=C(C)C1(C)C,C1=CCCC1,0,locked_test,402
CMPD_00301,CC(=O)/C(OO/C(C(C)=O)=C(/C)O)=C(\C)O,ACYCLIC::CC(=O)/C(OO/C(C(C)=O)=C(/C)O)=C(\C)O,0,development,402
CMPD_00302,CC(=O)C(C)C=CC1CC=C(C)C1(C)C,C1=CCCC1,0,locked_test,402
CMPD_00303,C=CC(C)=O,ACYCLIC::C=CC(C)=O,1,development,402
CMPD_00304,CC(=O)C=C(C)O,ACYCLIC::CC(=O)C=C(C)O,0,development,402
CMPD_00305,CC(=O)C=CC1=C(C)CCCC1(C)C,C1=CCCCC1,0,development,402
CMPD_00306,CC(=O)C1(C)CC2=C(CCCC2(C)C)CC1C,C1CCC2=C(C1)CCCC2,0,locked_test,402
CMPD_00307,CC(=O)C1(O)CCC2C3CCC4=CC(=O)CCC4(C)C3CCC21C,O=C1C=C2CCC3C4CCCC4CCC3C2CC1,0,development,402
CMPD_00308,CC(=O)C1=C(C)C2CC3(C1)C(C)CCC3C2(C)C,C1=CC2CC3CCCC3(C1)C2,0,development,402
CMPD_00309,CC(=O)c1c(Cl)c(Cl)c(Cl)c(Cl)c1Cl,c1ccccc1,1,development,402
CMPD_00310,CC(=O)C1CC1,C1CC1,0,locked_test,402
CMPD_00311,CC(=O)c1cc2c(cc1C)C(C)(C)C(C)CC2(C)C,c1ccc2c(c1)CCCC2,0,development,402
CMPD_00312,CC(=O)c1cc2ccccc2o1,c1ccc2occc2c1,0,development,402
CMPD_00313,CC(=O)C1CCC(C)=CCCC=C(C)CC=C1C,C1=CCCC=CCCCC=CC1,0,development,402
CMPD_00314,CC(=O)c1ccc(C)cc1,c1ccccc1,0,development,402
CMPD_00315,CC(=O)c1ccc(O)cc1,c1ccccc1,0,development,402
CMPD_00316,CC(=O)c1ccc(Oc2ccc(Cl)cc2)cc1Cl,c1ccc(Oc2ccccc2)cc1,0,development,402
CMPD_00317,CC(=O)c1cccc(C(F)(F)F)c1,c1ccccc1,0,development,402
CMPD_00318,CC(=O)c1ccccc1,c1ccccc1,0,development,402
CMPD_00319,CC(=O)c1ccccc1O,c1ccccc1,0,development,402
CMPD_00320,CC(=O)CC(C)=O,ACYCLIC::CC(=O)CC(C)=O,1,development,402
CMPD_00321,CC(=O)CC(=O)N(C)C,ACYCLIC::CC(=O)CC(=O)N(C)C,0,development,402
CMPD_00322,CC(=O)CC(=O)Nc1ccc(S(=O)(=O)O)cc1,c1ccccc1,0,development,402
CMPD_00323,CC(=O)CC(=O)OCCNCCc1ccccc1,c1ccccc1,0,development,402
CMPD_00324,CC(=O)CC(C)C,ACYCLIC::CC(=O)CC(C)C,0,development,402
CMPD_00325,CC(=O)CC(c1ccc(Cl)cc1)c1c(O)c2ccccc2oc1=O,O=c1oc2ccccc2cc1Cc1ccccc1,1,locked_test,402
CMPD_00326,CC(=O)CC(c1ccccc1)c1c(O)c2ccccc2oc1=O,O=c1oc2ccccc2cc1Cc1ccccc1,1,locked_test,402
CMPD_00327,CC(=O)CCC=C(C)C,ACYCLIC::CC(=O)CCC=C(C)C,0,development,402
CMPD_00328,CC(=O)CCc1ccccc1,c1ccccc1,0,development,402
CMPD_00329,CC(=O)CCCC(C)CCCC(C)CCCC(C)C,ACYCLIC::CC(=O)CCCC(C)CCCC(C)CCCC(C)C,0,development,402
CMPD_00330,CC(=O)CCCCCl,ACYCLIC::CC(=O)CCCCCl,0,development,402
CMPD_00331,CC(=O)N(C)C,ACYCLIC::CC(=O)N(C)C,0,development,402
CMPD_00332,CC(=O)N(CCN(C(C)=O)C(C)=O)C(C)=O,ACYCLIC::CC(=O)N(CCN(C(C)=O)C(C)=O)C(C)=O,0,development,402
CMPD_00333,CC(=O)N1CC(=O)N2CCc3ccccc3C2C1,O=C1CNCC2c3ccccc3CCN12,0,development,402
CMPD_00334,CC(=O)n1cc(CC2CCCN2C)c2cc(C=CS(=O)(=O)c3ccccc3)ccc21,O=S(=O)(C=Cc1ccc2[nH]cc(CC3CCCN3)c2c1)c1ccccc1,0,development,402
CMPD_00335,CC(=O)N1CCN(c2ccc(O)cc2)CC1,c1ccc(N2CCNCC2)cc1,0,development,402
CMPD_00336,CC(=O)N1CCOCC1,C1COCCN1,0,development,402
CMPD_00337,CC(=O)Nc1cc(NC(=O)c2ccc(C(=O)Nc3ccc(N=Nc4ccc(N=Nc5ccc(S(=O)(=O)O)cc5)cc4S(=O)(=O)O)c(NC(C)=O)c3)cc2)ccc1N=Nc1ccc(N=Nc2ccc(S(=O)(=O)O)cc2)cc1S(=O)(=O)O,O=C(Nc1ccc(N=Nc2ccc(N=Nc3ccccc3)cc2)cc1)c1ccc(C(=O)Nc2ccc(N=Nc3ccc(N=Nc4ccccc4)cc3)cc2)cc1,0,locked_test,402
CMPD_00338,CC(=O)Nc1cc(S(=O)(=O)O)cc(N)c1O,c1ccccc1,0,development,402
CMPD_00339,CC(=O)Nc1ccc(N=NN(C)C)cc1,c1ccccc1,0,development,402
CMPD_00340,CC(=O)Nc1ccc(Nc2ccc(O)c3c2C(=O)c2ccccc2C3=O)cc1,O=C1c2ccccc2C(=O)c2c(Nc3ccccc3)cccc21,0,development,402
CMPD_00341,CC(=O)Nc1ccc(S(=O)(=O)Cl)cc1,c1ccccc1,0,development,402
CMPD_00342,CC(=O)Nc1ccc2c(O)c(N=Nc3ccc(S(=O)(=O)CCOS(=O)(=O)O)cc3)c(S(=O)(=O)O)cc2c1,c1ccc(N=Nc2ccc3ccccc3c2)cc1,0,development,402
CMPD_00343,CC(=O)O,ACYCLIC::CC(=O)O,0,development,402
CMPD_00344,CC(=O)[O][Sn]([c]1ccccc1)([c]1ccccc1)[c]1ccccc1,c1cc[c]([SnH]([c]2ccccc2)[c]2ccccc2)cc1,1,development,402
CMPD_00345,CC(=O)OB(OC(C)=O)OC(C)=O,ACYCLIC::CC(=O)OB(OC(C)=O)OC(C)=O,0,development,402
CMPD_00346,CC(=O)OC(C)(C)C,ACYCLIC::CC(=O)OC(C)(C)C,0,locked_test,402
CMPD_00347,CC(=O)OC(c1ccccc1)C(Cl)(Cl)Cl,c1ccccc1,0,development,402
CMPD_00348,C=CC(OC(C)=O)OC(C)=O,ACYCLIC::C=CC(OC(C)=O)OC(C)=O,1,development,402
CMPD_00349,CC(=O)OC1(C(C)=O)CCC2C3C=C(Cl)C4=CC(=O)CC(CCl)C4(C)C3CCC21C,O=C1C=C2C=CC3C4CCCC4CCC3C2CC1,0,development,402
CMPD_00350,CC(=O)OC1(C(C)=O)CCC2C3C=CC4=CC(=O)C=CC4(C)C3CCC21C,O=C1C=CC2C(=C1)C=CC1C3CCCC3CCC21,0,development,402
CMPD_00351,CC(=O)OC1(C(C)=O)CCC2C3CCC4=CC(=O)CCC4(C)C3CCC21C,O=C1C=C2CCC3C4CCCC4CCC3C2CC1,0,development,402
CMPD_00352,CC(=O)OC1=CCC2C3CCC(C3)C12,C1=CC2C3CCC(C3)C2C1,0,development,402
CMPD_00353,CC(=O)Oc1c([N+](=O)[O-])cc([N+](=O)[O-])cc1C(C)(C)C,c1ccccc1,0,development,402
CMPD_00354,CC(=O)Oc1c(Br)cc(Cl)cc1C(=S)Nc1ccc(Br)cc1,S=C(Nc1ccccc1)c1ccccc1,0,development,402
CMPD_00355,CC(=O)Oc1c(C(C)(C)C)cc([N+](=O)[O-])c(C)c1[N+](=O)[O-],c1ccccc1,1,development,402
CMPD_00356,CC(=O)Oc1c(C)c(C)c2c(c1C)CCC(C)(CCCC(C)CCCC(C)CCCC(C)C)O2,c1ccc2c(c1)CCCO2,0,development,402
CMPD_00357,CC(=O)OC1C(N2CCCC2)CC2C3CCC4CC(O)C(N5CCOCC5)CC4(C)C3CCC21C,C1CCN(C2CC3CCC4C5CC(N6CCOCC6)CCC5CCC4C3C2)C1,0,locked_test,402
CMPD_00358,CC(=O)OC1CC2CC1C1CC=CC21,C1=CC2C3CCC(C3)C2C1,0,development,402
CMPD_00359,CC(=O)Oc1ccc(C(C)(C)CC(C)(C)C)cc1C1C(=O)Oc2ccc(C(C)(C)CC(C)(C)C)cc21,O=C1Oc2ccccc2C1c1ccccc1,0,locked_test,402
CMPD_00360,CC(=O)OC1CCC2C3CCC4CC(=O)CCC4(C)C3CCC12C,O=C1CCC2C(CCC3C4CCCC4CCC23)C1,0,locked_test,402
CMPD_00361,CC(=O)OC1CCCCC1C,C1CCCCC1,0,locked_test,402
CMPD_00362,CC(=O)Oc1ccccc1C(=O)O,c1ccccc1,0,development,402
CMPD_00363,CC(=O)OCC(=O)C1C(C)CC2C3CC=C4CC(O)CCC4(C)C3CCC21C,C1=C2CCCCC2C2CCC3CCCC3C2C1,0,development,402
CMPD_00364,CC(=O)OCC(C)C,ACYCLIC::CC(=O)OCC(C)C,0,development,402
CMPD_00365,CC(=O)OCC(C)OC(C)=O,ACYCLIC::CC(=O)OCC(C)OC(C)=O,0,development,402
CMPD_00366,CC(=O)OCC12CC(OC(=O)CC(C)C)C(C)=CC1OC1C(O)C(OC(C)=O)C2(C)C12CO2,C1=CC2OC3CCC(C2CC1)C31CO1,1,development,402
CMPD_00367,CC(=O)OCCC(C)CCC=C(C)C,ACYCLIC::CC(=O)OCCC(C)CCC=C(C)C,0,locked_test,402
CMPD_00368,CC(=O)OCCN(CCOC(C)=O)c1ccc(N=Nc2sc([N+](=O)[O-])cc2[N+](=O)[O-])cc1,c1ccc(N=Nc2cccs2)cc1,0,locked_test,402
CMPD_00369,CC(=O)OCCOC(C)C,ACYCLIC::CC(=O)OCCOC(C)C,0,development,402
CMPD_00370,CC(=O)S,ACYCLIC::CC(=O)S,0,development,402
CMPD_00371,CC(C#N)(CCC(=O)O)N=NC(C)(C#N)CCC(=O)O,ACYCLIC::CC(C#N)(CCC(=O)O)N=NC(C)(C#N)CCC(=O)O,0,development,402
CMPD_00372,CC(C#N)c1cccc(C(=O)O)c1,c1ccccc1,0,development,402
CMPD_00373,CC(C#N)CCC#N,ACYCLIC::CC(C#N)CCC#N,1,development,402
CMPD_00374,CC(C#N)N(CC#N)CC#N,ACYCLIC::CC(C#N)N(CC#N)CC#N,0,development,402
CMPD_00375,CC(C(C)(C)C)C(C)(C)C(C)(C)SSSC(C)(C)C(C)(C)C(C)C(C)(C)C,ACYCLIC::CC(C(C)(C)C)C(C)(C)C(C)(C)SSSC(C)(C)C(C)(C)C(C)C(C)(C)C,0,development,402
CMPD_00376,CC(C(C)(C)C)C(C)(C)SSSC(C)(C)C(C)C(C)(C)C,ACYCLIC::CC(C(C)(C)C)C(C)(C)SSSC(C)(C)C(C)C(C)(C)C,0,locked_test,402
CMPD_00377,CC(C)(Br)C(=O)Br,ACYCLIC::CC(C)(Br)C(=O)Br,0,development,402
CMPD_00378,CC(C)(C#N)C(C)(C)C#N,ACYCLIC::CC(C)(C#N)C(C)(C)C#N,1,locked_test,402
CMPD_00379,CC(C)(C#N)N=NC(C)(C)C#N,ACYCLIC::CC(C)(C#N)N=NC(C)(C)C#N,0,development,402
CMPD_00380,CC(C)(C(=O)O)c1ccc(C#CCCN2CCC(C(O)(c3ccccc3)c3ccccc3)CC2)cc1,C(#Cc1ccccc1)CCN1CCC(C(c2ccccc2)c2ccccc2)CC1,0,locked_test,402
CMPD_00381,CC(C)(C(=O)O)c1ccc(C(=O)CCCN2CCC(C(O)(c3ccccc3)c3ccccc3)CC2)cc1,O=C(CCCN1CCC(C(c2ccccc2)c2ccccc2)CC1)c1ccccc1,0,development,402
CMPD_00382,CC(C)(C)C(=O)C(Cl)Cl,ACYCLIC::CC(C)(C)C(=O)C(Cl)Cl,0,development,402
CMPD_00383,CC(C)(C)C(=O)C(Oc1ccc(Cl)cc1)n1ccnc1,c1ccc(OCn2ccnc2)cc1,0,development,402
CMPD_00384,CC(C)(C)C(=O)C(Oc1ccc(Cl)cc1)n1cncn1,c1ccc(OCn2cncn2)cc1,0,locked_test,402
CMPD_00385,CC(C)(C)C(=O)CCc1ccc(Cl)cc1,c1ccccc1,0,development,402
CMPD_00386,CC(C)(C)C(=O)CCl,ACYCLIC::CC(C)(C)C(=O)CCl,1,development,402
CMPD_00387,CC(C)(C)C(=O)Cl,ACYCLIC::CC(C)(C)C(=O)Cl,0,development,402
CMPD_00388,CC(C)(C)C(=O)OC1CCC2(C)C(=CC(O)C3C2CCC2(C)C(=O)C4CC4C32)C1,O=C1C2CC2C2C1CCC1C3CCCCC3=CCC12,0,development,402
CMPD_00389,CC(C)(C)C(O)C(=Cc1ccc(Cl)cc1)n1cncn1,C(=Cn1cncn1)c1ccccc1,0,development,402
CMPD_00390,CC(C)(C)C(O)C(Oc1ccc(-c2ccccc2)cc1)n1cncn1,c1ccc(-c2ccc(OCn3cncn3)cc2)cc1,0,development,402
CMPD_00391,CC(C)(C)C(O)C(Oc1ccc(Cl)cc1)n1cncn1,c1ccc(OCn2cncn2)cc1,0,locked_test,402
CMPD_00392,CC(C)(C)C1(CCc2ccc(Cl)cc2)CO1,c1ccc(CCC2CO2)cc1,0,development,402
CMPD_00393,CC(C)(C)C1=CC(=Cc2ccccc2)C=C(C(C)(C)C)C1=O,O=C1C=CC(=Cc2ccccc2)C=C1,0,development,402
CMPD_00394,CC(C)(C)c1cc([N+](=O)[O-])cc([N+](=O)[O-])c1O,c1ccccc1,1,development,402
CMPD_00395,CC(C)(C)c1cc(C(C)(C)C)c(O)c(C(C)(C)C)c1,c1ccccc1,0,development,402
CMPD_00396,CC(C)(C)c1cc(-c2cc(C(C)(C)C)cc(C(C)(C)C)c2O)c(O)c(C(C)(C)C)c1,c1ccc(-c2ccccc2)cc1,0,locked_test,402
CMPD_00397,CC(C)(C)c1cc(-c2cc(C(C)(C)C)cc(C(C)(C)C)c2Op2oc3ccccc3c3ccccc3o2)c(Op2oc3ccccc3c3ccccc3o2)c(C(C)(C)C)c1,c1ccc(-c2ccccc2Op2oc3ccccc3c3ccccc3o2)c(Op2oc3ccccc3c3ccccc3o2)c1,0,locked_test,402
CMPD_00398,CC(C)(C)c1cc(Cc2cc(C(C)(C)C)c(O)c(C(C)(C)C)c2)cc(C(C)(C)C)c1O,c1ccc(Cc2ccccc2)cc1,0,locked_test,402
CMPD_00399,CC(C)(C)c1cc(CCC(=O)NCCCCCCNC(=O)CCc2cc(C(C)(C)C)c(O)c(C(C)(C)C)c2)cc(C(C)(C)C)c1O,O=C(CCc1ccccc1)NCCCCCCNC(=O)CCc1ccccc1,0,development,402
CMPD_00400,CC(C)(C)c1cc(CCC(=O)O)ccc1O,c1ccccc1,0,development,402
CMPD_00401,CC(C)(C)c1cc(CCC(=O)OCC(COC(=O)CCc2cc(C(C)(C)C)c(O)c(C(C)(C)C)c2)(COC(=O)CCc2cc(C(C)(C)C)c(O)c(C(C)(C)C)c2)COC(=O)CCc2cc(C(C)(C)C)c(O)c(C(C)(C)C)c2)cc(C(C)(C)C)c1O,O=C(CCc1ccccc1)OCC(COC(=O)CCc1ccccc1)(COC(=O)CCc1ccccc1)COC(=O)CCc1ccccc1,0,locked_test,402
CMPD_00402,CC(C)(C)c1cc(CCC(=O)OCCCCCCOC(=O)CCc2cc(C(C)(C)C)c(O)c(C(C)(C)C)c2)cc(C(C)(C)C)c1O,O=C(CCc1ccccc1)OCCCCCCOC(=O)CCc1ccccc1,0,development,402
CMPD_00403,CC(C)(C)c1cc(CCC(=O)OCCSCCOC(=O)CCc2cc(C(C)(C)C)c(O)c(C(C)(C)C)c2)cc(C(C)(C)C)c1O,O=C(CCc1ccccc1)OCCSCCOC(=O)CCc1ccccc1,0,development,402
CMPD_00404,CC(C)(C)c1cc(Cn2c(=O)n(Cc3cc(C(C)(C)C)c(O)c(C(C)(C)C)c3)c(=O)n(Cc3cc(C(C)(C)C)c(O)c(C(C)(C)C)c3)c2=O)cc(C(C)(C)C)c1O,O=c1n(Cc2ccccc2)c(=O)n(Cc2ccccc2)c(=O)n1Cc1ccccc1,0,development,402
CMPD_00405,CC(C)(C)c1cc2c(c(C(C)(C)C)c1)OP(=O)(O)Oc1c(cc(C(C)(C)C)cc1C(C)(C)C)C2,O=[PH]1Oc2ccccc2Cc2ccccc2O1,0,development,402
CMPD_00406,CC(C)(C)c1ccc(C=O)cc1,c1ccccc1,0,development,402
CMPD_00407,CC(C)(C)c1ccc(CCC=O)cc1,c1ccccc1,0,development,402
CMPD_00408,CC(C)(C)c1ccc(CSc2cnn(C(C)(C)C)c(=O)c2Cl)cc1,O=c1cc(SCc2ccccc2)cn[nH]1,0,development,402
CMPD_00409,CC(C)(C)c1ccc(O)c(O)c1,c1ccccc1,1,development,402
CMPD_00410,CC(C)(C)C1CCC(OC(=O)Cl)CC1,C1CCCCC1,0,locked_test,402
CMPD_00411,CC(C)(C)c1ccc(OCC2CO2)cc1,c1ccc(OCC2CO2)cc1,0,development,402
CMPD_00412,CC(C)(C)c1ccc(OP(Oc2ccc(C(C)(C)C)cc2C(C)(C)C)Oc2ccc(C(C)(C)C)cc2C(C)(C)C)c(C(C)(C)C)c1,c1ccc(OP(Oc2ccccc2)Oc2ccccc2)cc1,0,locked_test,402
CMPD_00413,CC(C)(C)c1ccc(OP2OCC3(CO2)COP(Oc2ccc(C(C)(C)C)cc2C(C)(C)C)OC3)c(C(C)(C)C)c1,c1ccc(OP2OCC3(CO2)COP(Oc2ccccc2)OC3)cc1,0,development,402
CMPD_00414,CC(C)(C)c1cccc(C(C)(C)C)c1O,c1ccccc1,1,development,402
CMPD_00415,CC(C)(C)c1ccccc1O,c1ccccc1,1,development,402
CMPD_00416,CC(C)(C)CC(C)(C)c1cc(Cc2cc(C(C)(C)CC(C)(C)C)cc(-n3nc4ccccc4n3)c2O)c(O)c(-n2nc3ccccc3n2)c1,c1cc(Cc2cccc(-n3nc4ccccc4n3)c2)cc(-n2nc3ccccc3n2)c1,0,development,402
CMPD_00417,CC(C)(C)CC(C)(C)c1cc(-n2nc3ccccc3n2)c(O)c(C(C)(C)c2ccccc2)c1,c1ccc(Cc2cccc(-n3nc4ccccc4n3)c2)cc1,0,development,402
CMPD_00418,CC(C)(C)CC(C)(C)c1ccc(Nc2ccc(C(C)(C)CC(C)(C)C)cc2)cc1,c1ccc(Nc2ccccc2)cc1,0,development,402
CMPD_00419,CC(C)(C)CC(C)(C)c1ccc(O)c(-n2nc3ccccc3n2)c1,c1ccc(-n2nc3ccccc3n2)cc1,0,development,402
CMPD_00420,CC(C)(C)CC(C)(C)c1ccc(O)cc1,c1ccccc1,0,development,402
CMPD_00421,CC(C)(C)CC(C)(C)CC(=O)O,ACYCLIC::CC(C)(C)CC(C)(C)CC(=O)O,0,locked_test,402
CMPD_00422,CC(C)(C)CC(C)(C)N(c1ccccc1)c1cccc2ccccc12,c1ccc(Nc2cccc3ccccc23)cc1,0,locked_test,402
CMPD_00423,CC(C)(C)CCCCCC(=O)O,ACYCLIC::CC(C)(C)CCCCCC(=O)O,0,development,402
CMPD_00424,CC(C)(C)CCCCCC(=O)OOC(C)(C)C,ACYCLIC::CC(C)(C)CCCCCC(=O)OOC(C)(C)C,0,development,402
CMPD_00425,CC(C)(C)CCCCCCCCCN,ACYCLIC::CC(C)(C)CCCCCCCCCN,1,development,402
CMPD_00426,CC(C)(C)CSSCC(C)(C)C,ACYCLIC::CC(C)(C)CSSCC(C)(C)C,0,development,402
CMPD_00427,CC(C)(C)N(CC(=O)c1ccc(O)c(CO)c1)Cc1ccccc1,O=C(CNCc1ccccc1)c1ccccc1,0,locked_test,402
CMPD_00428,CC(C)(C)N(Sc1nc2ccccc2s1)Sc1nc2ccccc2s1,c1ccc2sc(SNSc3nc4ccccc4s3)nc2c1,0,development,402
CMPD_00429,CC(C)(C)NC(=O)C1CC2CCCCC2CN1,C1CCC2CNCCC2C1,0,development,402
CMPD_00430,CC(C)(C)NCc1ccccc1,c1ccccc1,0,development,402
CMPD_00431,CC(C)(C)NSc1nc2ccccc2s1,c1ccc2scnc2c1,0,development,402
CMPD_00432,CC(C)(C)O,ACYCLIC::CC(C)(C)O,0,development,402
CMPD_00433,CC(C)(C)OC(=O)C(C)(C)ON=C(C(=O)Sc1nc2ccccc2s1)c1csc(N)n1,N=C(C(=O)Sc1nc2ccccc2s1)c1cscn1,0,locked_test,402
CMPD_00434,CC(C)(C)OC(=O)CBr,ACYCLIC::CC(C)(C)OC(=O)CBr,0,development,402
CMPD_00435,CC(C)(C)OC(=O)CCl,ACYCLIC::CC(C)(C)OC(=O)CCl,1,development,402
CMPD_00436,CC(C)(C)OC(=O)NC(Cc1ccccc1)C(O)CN(Cc1ccc(-c2ccccn2)cc1)NC(=O)OC(C)(C)C,c1ccc(CCCCNCc2ccc(-c3ccccn3)cc2)cc1,0,locked_test,402
CMPD_00437,CC(C)(C)OO,ACYCLIC::CC(C)(C)OO,1,locked_test,402
CMPD_00438,CC(C)(C)OOC(=O)c1ccccc1,c1ccccc1,0,development,402
CMPD_00439,CC(C)(C)OOC(C)(C)C,ACYCLIC::CC(C)(C)OOC(C)(C)C,0,development,402
CMPD_00440,CC(C)(C)OOC(C)(C)C#CC(C)(C)OOC(C)(C)C,ACYCLIC::CC(C)(C)OOC(C)(C)C#CC(C)(C)OOC(C)(C)C,0,development,402
CMPD_00441,CC(C)(C)OOC(C)(C)c1ccc(C(C)(C)OOC(C)(C)C)cc1,c1ccccc1,0,development,402
CMPD_00442,CC(C)(C)OOC(C)(C)c1ccccc1,c1ccccc1,0,development,402
CMPD_00443,CC(C)(C)S,ACYCLIC::CC(C)(C)S,0,development,402
CMPD_00444,CC(C)([CH2][Sn]([CH2]C(C)(C)c1ccccc1)([CH2]C(C)(C)c1ccccc1)[O][Sn]([CH2]C(C)(C)c1ccccc1)([CH2]C(C)(C)c1ccccc1)[CH2]C(C)(C)c1ccccc1)c1ccccc1,c1ccc(C[CH2][Sn]([CH2]Cc2ccccc2)([CH2]Cc2ccccc2)[O][Sn]([CH2]Cc2ccccc2)([CH2]Cc2ccccc2)[CH2]Cc2ccccc2)cc1,1,development,402
CMPD_00445,CC(C)(c1cc(Br)c(O)c(Br)c1)c1cc(Br)c(O)c(Br)c1,c1ccc(Cc2ccccc2)cc1,0,locked_test,402
CMPD_00446,CC(C)(c1cc(Br)c(OCC(Br)CBr)c(Br)c1)c1cc(Br)c(OCC(Br)CBr)c(Br)c1,c1ccc(Cc2ccccc2)cc1,0,locked_test,402
CMPD_00447,CC(C)(C1CCC(O)CC1)C1CCC(O)CC1,C1CCC(CC2CCCCC2)CC1,0,development,402
CMPD_00448,CC(C)(c1ccc(Oc2ccc3c(c2)C(=O)OC3=O)cc1)c1ccc(Oc2ccc3c(c2)C(=O)OC3=O)cc1,O=C1OC(=O)c2cc(Oc3ccc(Cc4ccc(Oc5ccc6c(c5)C(=O)OC6=O)cc4)cc3)ccc21,0,development,402
CMPD_00449,CC(C)(c1ccc(OCC2CO2)cc1)c1ccc(OCC2CO2)cc1,c1cc(OCC2CO2)ccc1Cc1ccc(OCC2CO2)cc1,0,development,402
CMPD_00450,CC(C)(c1ccc(OCCO)cc1)c1ccc(OCCO)cc1,c1ccc(Cc2ccccc2)cc1,0,locked_test,402
CMPD_00451,CC(C)(c1ccc(OP(=O)(Oc2ccccc2)Oc2ccccc2)cc1)c1ccc(OP(=O)(Oc2ccccc2)Oc2ccccc2)cc1,O=P(Oc1ccccc1)(Oc1ccccc1)Oc1ccc(Cc2ccc(OP(=O)(Oc3ccccc3)Oc3ccccc3)cc2)cc1,0,development,402
CMPD_00452,CC(C)(c1ccccc1)C(C)(C)c1ccccc1,c1ccc(CCc2ccccc2)cc1,0,development,402
CMPD_00453,CC(C)(c1ccccc1)c1cc(-n2nc3ccccc3n2)c(O)c(C(C)(C)c2ccccc2)c1,c1ccc(Cc2cc(Cc3ccccc3)cc(-n3nc4ccccc4n3)c2)cc1,0,locked_test,402
CMPD_00454,CC(C)(c1ccccc1)c1ccc(O)cc1,c1ccc(Cc2ccccc2)cc1,0,locked_test,402
CMPD_00455,CC(C)(c1ccccc1)S(=O)(=O)O,c1ccccc1,0,development,402
CMPD_00456,CC(C)(C1CCCO1)C1CCCO1,C1COC(CC2CCCO2)C1,0,development,402
CMPD_00457,CC(C)(CN)C(N)=O,ACYCLIC::CC(C)(CN)C(N)=O,0,development,402
CMPD_00458,CC(C)(CO)C(O)C(=O)NCCCO,ACYCLIC::CC(C)(CO)C(O)C(=O)NCCCO,0,locked_test,402
CMPD_00459,CC(C)(CO)Cc1ccccc1,c1ccccc1,0,development,402
CMPD_00460,CC(C)(COC(=O)c1ccccc1)COC(=O)c1ccccc1,O=C(OCCCOC(=O)c1ccccc1)c1ccccc1,0,development,402
CMPD_00461,CC(C)(COCCCO)COCCCO,ACYCLIC::CC(C)(COCCCO)COCCCO,0,development,402
CMPD_00462,CC(C)(N)CO,ACYCLIC::CC(C)(N)CO,0,development,402
CMPD_00463,CC(C)(N=C=O)c1cccc(C(C)(C)N=C=O)c1,c1ccccc1,0,development,402
CMPD_00464,CC(C)(N=NC(C)(C)C(=N)N)C(=N)N,ACYCLIC::CC(C)(N=NC(C)(C)C(=N)N)C(=N)N,0,development,402
CMPD_00465,CC(C)(NC(=O)C(Br)C(C)(C)C)c1ccccc1,c1ccccc1,0,development,402
CMPD_00466,CC(C)(O)C#N,ACYCLIC::CC(C)(O)C#N,1,locked_test,402
CMPD_00467,CC(C)(O)C(=O)c1ccc(OCCO)cc1,c1ccccc1,0,development,402
CMPD_00468,CC(C)(O)C(=O)c1ccccc1,c1ccccc1,0,development,402
CMPD_00469,CC(C)(O)c1cccc(C(C)(C)O)c1,c1ccccc1,0,development,402
CMPD_00470,CC(C)(O)c1ccccc1,c1ccccc1,1,development,402
CMPD_00471,CC(C)(O)c1ccccc1CCC(O)c1cccc(C=Cc2ccc3ccc(Cl)cc3n2)c1,C(=Cc1ccc2ccccc2n1)c1cccc(CCCc2ccccc2)c1,0,development,402
CMPD_00472,CC(C)(OO)c1ccccc1,c1ccccc1,1,development,402
CMPD_00473,CC(C)(OOC(C)(C)c1ccccc1)c1ccccc1,c1ccc(COOCc2ccccc2)cc1,0,locked_test,402
CMPD_00474,CC(C)(SC(=O)N1CCCCC1)c1ccccc1,O=C(SCc1ccccc1)N1CCCCC1,0,development,402
CMPD_00475,CC(C)[N+](=O)[O-],ACYCLIC::CC(C)[N+](=O)[O-],0,development,402
CMPD_00476,CC(C)=CC=O,ACYCLIC::CC(C)=CC=O,0,development,402
CMPD_00477,CC(C)=CC1C(C(=O)OC(C#N)c2cccc(Oc3ccccc3)c2)C1(C)C,O=C(OCc1cccc(Oc2ccccc2)c1)C1CC1,0,locked_test,402
CMPD_00478,CC(C)=CC1C(C(=O)OCc2cccc(Oc3ccccc3)c2)C1(C)C,O=C(OCc1cccc(Oc2ccccc2)c1)C1CC1,0,locked_test,402
CMPD_00479,CC(C)=CC1C(C(=O)OCN2C(=O)C3=C(CCCC3)C2=O)C1(C)C,O=C(OCN1C(=O)C2=C(CCCC2)C1=O)C1CC1,0,development,402
CMPD_00480,CC(C)=CCCC(C)=CCO,ACYCLIC::CC(C)=CCCC(C)=CCO,0,development,402
CMPD_00481,CC(C)=CCCC(C)=CCOC(=O)Cc1ccccc1,c1ccccc1,0,development,402
CMPD_00482,CC(C)=CCCC(C)CCOC=O,ACYCLIC::CC(C)=CCCC(C)CCOC=O,0,locked_test,402
CMPD_00483,CC(C)=CCCc1ccc2c(c1)C(=O)c1ccccc1C2=O,O=C1c2ccccc2C(=O)c2ccccc21,0,development,402
CMPD_00484,CC(C)=CCO,ACYCLIC::CC(C)=CCO,0,locked_test,402
CMPD_00485,CC(C)=NN=C(C)C,ACYCLIC::CC(C)=NN=C(C)C,1,development,402
CMPD_00486,CC(C)=NO,ACYCLIC::CC(C)=NO,0,locked_test,402
CMPD_00487,CC(C)=NOCCOC(=O)C(C)Oc1ccc(Oc2cnc3cc(Cl)ccc3n2)cc1,c1ccc(Oc2cnc3ccccc3n2)cc1,0,development,402
CMPD_00488,CC(C)=O,ACYCLIC::CC(C)=O,0,development,402
CMPD_00489,CC(C)C(=O)C(C)C,ACYCLIC::CC(C)C(=O)C(C)C,0,development,402
CMPD_00490,CC(C)C(=O)Cl,ACYCLIC::CC(C)C(=O)Cl,0,locked_test,402
CMPD_00491,CC(C)C(=O)O,ACYCLIC::CC(C)C(=O)O,1,development,402
CMPD_00492,CC(C)C(=O)OCC(C)(C)C(OC(=O)C(C)C)C(C)C,ACYCLIC::CC(C)C(=O)OCC(C)(C)C(OC(=O)C(C)C)C(C)C,0,development,402
CMPD_00493,CC(C)C(=O)OCCOc1ccccc1,c1ccccc1,0,development,402
CMPD_00494,CC(C)C(Br)C(=O)O,ACYCLIC::CC(C)C(Br)C(=O)O,1,development,402
CMPD_00495,CC(C)C(C(=O)OC(C#N)c1cccc(Oc2ccccc2)c1)c1ccc(Cl)cc1,O=C(Cc1ccccc1)OCc1cccc(Oc2ccccc2)c1,0,development,402
CMPD_00496,CC(C)C(C)(N)C#N,ACYCLIC::CC(C)C(C)(N)C#N,1,locked_test,402
CMPD_00497,CC(C)C(NC(N)=O)NC(N)=O,ACYCLIC::CC(C)C(NC(N)=O)NC(N)=O,0,development,402
CMPD_00498,CC(C)C(Nc1ccc(C(F)(F)F)cc1Cl)C(=O)OC(C#N)c1cccc(Oc2ccccc2)c1,O=C(CNc1ccccc1)OCc1cccc(Oc2ccccc2)c1,0,development,402
CMPD_00499,CC(C)C(O)(c1ccc(OC(F)(F)F)cc1)c1cncnc1,c1ccc(Cc2cncnc2)cc1,0,development,402
CMPD_00500,CC(C)C=NCC1(C)CC(N=CC(C)C)CC(C)(C)C1,C1CCCCC1,0,locked_test,402
CMPD_00501,CC(C)C=NCC1CCCC(CN=CC(C)C)C1,C1CCCCC1,0,locked_test,402
CMPD_00502,CC(C)C=O,ACYCLIC::CC(C)C=O,0,locked_test,402
CMPD_00503,CC(C)C1(C)NC(c2nc3ccccc3cc2C(=O)O)=NC1=O,O=C1CNC(c2ccc3ccccc3n2)=N1,0,development,402
CMPD_00504,CC(C)C1=CC2=CCC3C(C)(C(=O)O)CCCC3(C)C2CC1,C1=CC2=CCC3CCCCC3C2CC1,0,development,402
CMPD_00505,CC(C)C1=CC2=CCC3C(C)(C(=O)OCC(CO)(CO)CO)CCCC3(C)C2CC1,C1=CC2=CCC3CCCCC3C2CC1,0,development,402
CMPD_00506,CC(C)C1=CC2=CCC3C(C)(C(=O)OCC(O)CO)CCCC3(C)C2CC1,C1=CC2=CCC3CCCCC3C2CC1,0,development,402
CMPD_00507,CC(C)C1=CC2=CCC3C(C)(CCCC34C(=O)OCC35CC4(C3)C5)C2CC1,O=C1OCC23CC(C2)(C3)C12CCCC1C3CCC=CC3=CCC12,0,locked_test,402
CMPD_00508,CC(C)C12CCC(C)(O1)C(O)C2,C1CC2CCC1O2,0,development,402
CMPD_00509,CC(C)c1c(C(=O)Nc2ccccc2)c(-c2ccccc2)c(-c2ccc(F)cc2)n1CCC1CC(CC(=O)OC(C)(C)C)OC(C)(C)O1,O=C(Nc1ccccc1)c1cn(CCC2CCOCO2)c(-c2ccccc2)c1-c1ccccc1,0,locked_test,402
CMPD_00510,CC(C)c1cc(Oc2ccccc2)cc(C(C)C)c1NC(=S)NC(C)(C)C,c1ccc(Oc2ccccc2)cc1,0,development,402
CMPD_00511,CC(C)c1ccc(C#N)cc1,c1ccccc1,0,development,402
CMPD_00512,CC(C)c1ccc(C(C)CC=O)cc1,c1ccccc1,0,development,402
CMPD_00513,CC(C)c1ccc(N)cc1,c1ccccc1,1,development,402
CMPD_00514,CC(C)c1ccc(NC(=O)N(C)C)cc1,c1ccccc1,0,development,402
CMPD_00515,CC(C)c1ccc(S(=O)(=O)O)cc1,c1ccccc1,0,development,402
CMPD_00516,CC(C)c1ccc2c(c1)OCC(=O)CO2,O=C1COc2ccccc2OC1,0,locked_test,402
CMPD_00517,CC(C)C1CCC2C(CCC3C(C)(CO)CCCC23C)C1,C1CCC2C(C1)CCC1CCCCC12,0,locked_test,402
CMPD_00518,CC(C)c1cccc(C(C)C)c1N=C=Nc1c(C(C)C)cccc1C(C)C,C(=Nc1ccccc1)=Nc1ccccc1,0,development,402
CMPD_00519,CC(C)c1ccccc1,c1ccccc1,0,development,402
CMPD_00520,CC(C)c1ccccc1C(C)C,c1ccccc1,0,development,402
CMPD_00521,CC(C)C1OCCN1CCOC(=O)NCCCCCCNC(=O)OCCN1CCOC1C(C)C,O=C(NCCCCCCNC(=O)OCCN1CCOC1)OCCN1CCOC1,0,locked_test,402
CMPD_00522,CC(C)CC(=O)CC(C)C,ACYCLIC::CC(C)CC(=O)CC(C)C,0,locked_test,402
CMPD_00523,CC(C)CC(=O)O,ACYCLIC::CC(C)CC(=O)O,0,development,402
CMPD_00524,CC(C)CC(C)(C)C,ACYCLIC::CC(C)CC(C)(C)C,0,development,402
CMPD_00525,CC(C)CC(C)(C)CC(C)(C)CC(C)(C)CC(C)(C)C,ACYCLIC::CC(C)CC(C)(C)CC(C)(C)CC(C)(C)CC(C)(C)C,0,development,402
CMPD_00526,CC(C)CC(C)(O)C#CC(C)(O)CC(C)C,ACYCLIC::CC(C)CC(C)(O)C#CC(C)(O)CC(C)C,0,development,402
CMPD_00527,CC(C)CC(C)Nc1ccc(Nc2ccccc2)cc1,c1ccc(Nc2ccccc2)cc1,0,development,402
CMPD_00528,CC(C)CC(C)OP(=S)(S)OC(C)C,ACYCLIC::CC(C)CC(C)OP(=S)(S)OC(C)C,0,development,402
CMPD_00529,CC(C)CC(C)OP(=S)(S)OC(C)CC(C)C,ACYCLIC::CC(C)CC(C)OP(=S)(S)OC(C)CC(C)C,0,development,402
CMPD_00530,CC(C)CC1CC(C)(O)CCO1,C1CCOCC1,0,development,402
CMPD_00531,CC(C)CC1CC(C)CCO1,C1CCOCC1,0,development,402
CMPD_00532,CC(C)CCC(C)(O)C#CC(C)(O)CCC(C)C,ACYCLIC::CC(C)CCC(C)(O)C#CC(C)(O)CCC(C)C,0,development,402
CMPD_00533,CC(C)CCC(C)Nc1ccc(NC(C)CCC(C)C)cc1,c1ccccc1,0,development,402
CMPD_00534,C=C1CC[C@H](O)C/C1=C/C=C1\CCC[C@]2(C)[C@@H]([C@H](C)CCCC(C)C)CC[C@@H]12,C=C1CCCCC1=CC=C1CCCC2CCCC12,1,development,402
CMPD_00535,CC(C)CCCC(C)C1CCC2C3CC=C4CC(O)CCC4(C)C3CCC12C,C1=C2CCCCC2C2CCC3CCCC3C2C1,0,development,402
CMPD_00536,CC(C)CCCCC(=O)O,ACYCLIC::CC(C)CCCCC(=O)O,0,development,402
CMPD_00537,CC(C)CCCCCC(=O)NCCCCCC(=O)O,ACYCLIC::CC(C)CCCCCC(=O)NCCCCCC(=O)O,0,development,402
CMPD_00538,CC(C)CCCCCC(=O)OCC(COC(=O)CCCCCC(C)C)(COC(=O)CCCCCC(C)C)COC(=O)CCCCCC(C)C,ACYCLIC::CC(C)CCCCCC(=O)OCC(COC(=O)CCCCCC(C)C)(COC(=O)CCCCCC(C)C)COC(=O)CCCCCC(C)C,0,development,402
CMPD_00539,CC(C)CCCCCCCCCCCCCC=CC1CC(=O)OC1=O,O=C1CCC(=O)O1,0,locked_test,402
CMPD_00540,CC(C)CCCCCCCCCCCCCCC(=O)O,ACYCLIC::CC(C)CCCCCCCCCCCCCCC(=O)O,0,development,402
CMPD_00541,CC(C)CCCCCCCCCCCCCCC(=O)OC(C)C,ACYCLIC::CC(C)CCCCCCCCCCCCCCC(=O)OC(C)C,0,development,402
CMPD_00542,CC(C)CCCCCCCCCCCCCCC(=O)OC(CO)CO,ACYCLIC::CC(C)CCCCCCCCCCCCCCC(=O)OC(CO)CO,0,development,402
CMPD_00543,CC(C)CCCCCCCCCCCCCCC(=O)OCC(COC(=O)CCCCCCCCCCCCCCC(C)C)(COC(=O)CCCCCCCCCCCCCCC(C)C)COC(=O)CCCCCCCCCCCCCCC(C)C,ACYCLIC::CC(C)CCCCCCCCCCCCCCC(=O)OCC(COC(=O)CCCCCCCCCCCCCCC(C)C)(COC(=O)CCCCCCCCCCCCCCC(C)C)COC(=O)CCCCCCCCCCCCCCC(C)C,0,development,402
CMPD_00544,CC(C)CCCCCCCCCCCCCCC(=O)OCC(COC(=O)CCCCCCCCCCCCCCC(C)C)OC(=O)CCCCCCCCCCCCCCC(C)C,ACYCLIC::CC(C)CCCCCCCCCCCCCCC(=O)OCC(COC(=O)CCCCCCCCCCCCCCC(C)C)OC(=O)CCCCCCCCCCCCCCC(C)C,0,development,402
CMPD_00545,CC(C)CCCCCCCCCCCCCCCOC(=O)C(C)(C)C,ACYCLIC::CC(C)CCCCCCCCCCCCCCCOC(=O)C(C)(C)C,0,development,402
CMPD_00546,CC(C)CCCCCCCCCCCCCCCOC(=O)CCCCCCCCCCCCCCC(C)C,ACYCLIC::CC(C)CCCCCCCCCCCCCCCOC(=O)CCCCCCCCCCCCCCC(C)C,0,development,402
CMPD_00547,CC(C)CCCCCCCCCCO,ACYCLIC::CC(C)CCCCCCCCCCO,0,locked_test,402
CMPD_00548,CC(C)CCCCCCCCCCOC(=O)c1ccc(C(=O)OCCCCCCCCCCC(C)C)c(C(=O)OCCCCCCCCCCC(C)C)c1,c1ccccc1,0,development,402
CMPD_00549,CC(C)CCCCCCCCCCOC(=O)c1ccccc1C(=O)OCCCCCCCCCCC(C)C,c1ccccc1,0,development,402
CMPD_00550,CC(C)CCCCCCCCCCOC(=O)CC(C(=O)OCCCCCCCCCCC(C)C)S(=O)(=O)O,ACYCLIC::CC(C)CCCCCCCCCCOC(=O)CC(C(=O)OCCCCCCCCCCC(C)C)S(=O)(=O)O,0,development,402
CMPD_00551,CC(C)CCCCCCCCCCOC(=O)CCCCC(=O)OCCCCCCCCCCC(C)C,ACYCLIC::CC(C)CCCCCCCCCCOC(=O)CCCCC(=O)OCCCCCCCCCCC(C)C,0,development,402
CMPD_00552,CC(C)CCCCCCCO,ACYCLIC::CC(C)CCCCCCCO,0,development,402
CMPD_00553,CC(C)CCCCCCCOC(=O)c1ccccc1C(=O)OCCCCCCCC(C)C,c1ccccc1,0,development,402
CMPD_00554,CC(C)CCCCCCCOC(=O)CCCCC(=O)OCCCCCCCC(C)C,ACYCLIC::CC(C)CCCCCCCOC(=O)CCCCC(=O)OCCCCCCCC(C)C,0,development,402
CMPD_00555,CC(C)CCCCCCCOC(=O)CCCCCCCC(=O)OCCCCCCCC(C)C,ACYCLIC::CC(C)CCCCCCCOC(=O)CCCCCCCC(=O)OCCCCCCCC(C)C,0,development,402
CMPD_00556,CC(C)CCCCCCCOC(=O)CCCCCCCCC(=O)OCCCCCCCC(C)C,ACYCLIC::CC(C)CCCCCCCOC(=O)CCCCCCCCC(=O)OCCCCCCCC(C)C,0,locked_test,402
CMPD_00557,CC(C)CCCCCCCOP(=O)(Oc1ccccc1)Oc1ccccc1,O=[PH](Oc1ccccc1)Oc1ccccc1,0,development,402
CMPD_00558,CC(C)CCCCCCCOP(Oc1ccccc1)Oc1ccccc1,c1ccc(OPOc2ccccc2)cc1,0,development,402
CMPD_00559,CC(C)CCCCCCCOP(OCCCCCCCC(C)C)Oc1ccccc1,c1ccccc1,0,development,402
CMPD_00560,CC(C)CCCCCCCOP(OCCCCCCCC(C)C)OCCCCCCCC(C)C,ACYCLIC::CC(C)CCCCCCCOP(OCCCCCCCC(C)C)OCCCCCCCC(C)C,0,development,402
CMPD_00561,CC(C)CCCCCCO,ACYCLIC::CC(C)CCCCCCO,0,development,402
CMPD_00562,CC(C)CCCCCCOC(=O)c1ccc(C(=O)OCCCCCCC(C)C)cc1,c1ccccc1,0,development,402
CMPD_00563,CC(C)CCCCCCOC(=O)c1ccccc1C(=O)OCCCCCCC(C)C,c1ccccc1,0,development,402
CMPD_00564,CC(C)CCCCCN(CCCCCC(C)C)CCCCCC(C)C,ACYCLIC::CC(C)CCCCCN(CCCCCC(C)C)CCCCCC(C)C,0,locked_test,402
CMPD_00565,CC(C)CCCCCO,ACYCLIC::CC(C)CCCCCO,0,development,402
CMPD_00566,CC(C)CCCCCOC(=O)CS,ACYCLIC::CC(C)CCCCCOC(=O)CS,0,development,402
CMPD_00567,CC(C)CCCCCOP(=S)(S)OCCCCCC(C)C,ACYCLIC::CC(C)CCCCCOP(=S)(S)OCCCCCC(C)C,0,development,402
CMPD_00568,CC(C)CCN,ACYCLIC::CC(C)CCN,0,locked_test,402
CMPD_00569,CC(C)CCO,ACYCLIC::CC(C)CCO,0,locked_test,402
CMPD_00570,CC(C)CCOC(=O)CC(C)C,ACYCLIC::CC(C)CCOC(=O)CC(C)C,0,development,402
CMPD_00571,CC(C)Cl,ACYCLIC::CC(C)Cl,0,development,402
CMPD_00572,CC(C)CN(C=O)CC(C)C,ACYCLIC::CC(C)CN(C=O)CC(C)C,0,development,402
CMPD_00573,CC(C)CNCC(C)C,ACYCLIC::CC(C)CNCC(C)C,1,development,402
CMPD_00574,CC(C)CO,ACYCLIC::CC(C)CO,0,locked_test,402
CMPD_00575,CC(C)COC(=O)C(C)Oc1ccc(Oc2ccc(Cl)cc2)cc1,c1ccc(Oc2ccccc2)cc1,0,development,402
CMPD_00576,CC(C)COC(=O)C1CCCCC1C(=O)OCC(C)C,C1CCCCC1,0,locked_test,402
CMPD_00577,CC(C)COC(=O)CC(C(=O)OCC(C)C)S(=O)(=O)O,ACYCLIC::CC(C)COC(=O)CC(C(=O)OCC(C)C)S(=O)(=O)O,0,development,402
CMPD_00578,CC(C)COP(=O)(OCC(C)C)OCC(C)C,ACYCLIC::CC(C)COP(=O)(OCC(C)C)OCC(C)C,0,development,402
CMPD_00579,CC(C)COP(=S)(OCC(C)C)SCC(C)C(=O)O,ACYCLIC::CC(C)COP(=S)(OCC(C)C)SCC(C)C(=O)O,0,development,402
CMPD_00580,CC(C)CP(=S)(S)CC(C)C,ACYCLIC::CC(C)CP(=S)(S)CC(C)C,0,locked_test,402
CMPD_00581,CC(C)N(C(=O)COc1nnc(C(F)(F)F)s1)c1ccc(F)cc1,O=C(COc1nncs1)Nc1ccccc1,0,development,402
CMPD_00582,CC(C)N(C(=O)SCC(Cl)=CCl)C(C)C,ACYCLIC::CC(C)N(C(=O)SCC(Cl)=CCl)C(C)C,0,development,402
CMPD_00583,CC(C)N(C)C,ACYCLIC::CC(C)N(C)C,0,locked_test,402
CMPD_00584,CC(C)N(Cc1ccccc1)C(=O)C(C)(C)C,c1ccccc1,0,development,402
CMPD_00585,C=CC(=O)NC(C)C,ACYCLIC::C=CC(=O)NC(C)C,1,development,402
CMPD_00586,CC(C)NC(=O)N1CC(=O)N(c2cc(Cl)cc(Cl)c2)C1=O,O=C1CNC(=O)N1c1ccccc1,0,locked_test,402
CMPD_00587,CC(C)NC(C)C,ACYCLIC::CC(C)NC(C)C,0,development,402
CMPD_00588,CC(C)Nc1ccc(Nc2ccccc2)cc1,c1ccc(Nc2ccccc2)cc1,0,development,402
CMPD_00589,CC(C)Nc1nc(Cl)nc(NC(C)C)n1,c1ncncn1,0,development,402
CMPD_00590,CC(C)NO,ACYCLIC::CC(C)NO,0,development,402
CMPD_00591,CC(C)OC(=O)C(C(=O)OC(C)C)=C1SCCS1,C=C1SCCS1,0,development,402
CMPD_00592,CC(C)OC(=O)C(C)(C)Br,ACYCLIC::CC(C)OC(=O)C(C)(C)Br,0,development,402
CMPD_00593,CC(C)OC(=O)C(O)(c1ccc(Br)cc1)c1ccc(Br)cc1,c1ccc(Cc2ccccc2)cc1,0,locked_test,402
CMPD_00594,CC(C)OC(=O)C(O)(c1ccc(Cl)cc1)c1ccc(Cl)cc1,c1ccc(Cc2ccccc2)cc1,1,locked_test,402
CMPD_00595,CC(C)OC(=O)c1cc(C(=O)OC(C)C)cc([N+](=O)[O-])c1,c1ccccc1,0,development,402
CMPD_00596,CC(C)OC(=O)c1cncc(C(=O)OC(C)C)c1,c1ccncc1,0,locked_test,402
CMPD_00597,CC(C)OC(=O)CCCCC(=O)OC(C)C,ACYCLIC::CC(C)OC(=O)CCCCC(=O)OC(C)C,0,locked_test,402
CMPD_00598,CC(C)OC(=O)NC(C(=O)NC(C)c1nc2ccc(F)cc2s1)C(C)C,c1ccc2scnc2c1,0,development,402
CMPD_00599,CC(C)OC(=O)Nc1cccc(Cl)c1,c1ccccc1,0,development,402
CMPD_00600,CC(C)OC(=O)Nc1ccccc1,c1ccccc1,0,development,402
CMPD_00601,CC(C)OC(=O)NP(N)(N)=O,ACYCLIC::CC(C)OC(=O)NP(N)(N)=O,0,development,402
CMPD_00602,CC(C)Oc1cc(-n2nc(C(C)(C)C)oc2=O)c(Cl)cc1Cl,O=c1ocnn1-c1ccccc1,0,locked_test,402
CMPD_00603,CC(C)Oc1cccc(NC(=O)c2ccccc2C(F)(F)F)c1,O=C(Nc1ccccc1)c1ccccc1,0,development,402
CMPD_00604,CC(C)OCCO,ACYCLIC::CC(C)OCCO,1,locked_test,402
CMPD_00605,CC(C)OP(=O)(CP(=O)(OC(C)C)OC(C)C)OC(C)C,ACYCLIC::CC(C)OP(=O)(CP(=O)(OC(C)C)OC(C)C)OC(C)C,1,locked_test,402
CMPD_00606,CC(C)OP(=O)(OC(C)C)SCc1ccccc1,c1ccccc1,0,development,402
CMPD_00607,CC(C)OP(=S)(OC(C)C)SCCNS(=O)(=O)c1ccccc1,c1ccccc1,0,development,402
CMPD_00608,CC(C)OP(C)(=O)F,ACYCLIC::CC(C)OP(C)(=O)F,1,locked_test,402
CMPD_00609,CC(C)OP(OC(C)C)OC(C)C,ACYCLIC::CC(C)OP(OC(C)C)OC(C)C,0,locked_test,402
CMPD_00610,CC(C)OS(=O)(=O)OC(C)C,ACYCLIC::CC(C)OS(=O)(=O)OC(C)C,1,development,402
CMPD_00611,CC(C)SP(=O)(O)SC(C)C,ACYCLIC::CC(C)SP(=O)(O)SC(C)C,0,locked_test,402
CMPD_00612,CC(C=O)(CO)CO,ACYCLIC::CC(C=O)(CO)CO,0,development,402
CMPD_00613,CC(C=O)Cc1ccc(C(C)(C)C)cc1,c1ccccc1,0,development,402
CMPD_00614,CC(C=O)Cc1ccc(C(C)C)cc1,c1ccccc1,0,development,402
CMPD_00615,CC(C=O)Cc1ccc2c(c1)OCO2,c1ccc2c(c1)OCO2,0,locked_test,402
CMPD_00616,CC(C1CC1)C(O)(Cn1cncn1)c1ccc(Cl)cc1,c1ccc(C(CC2CC2)Cn2cncn2)cc1,0,development,402
CMPD_00617,CC(c1ccc(O)cc1)(c1ccc(O)cc1)c1ccc(O)cc1,c1ccc(C(c2ccccc2)c2ccccc2)cc1,0,development,402
CMPD_00618,CC(c1ccc(OC#N)cc1)c1ccc(OC#N)cc1,c1ccc(Cc2ccccc2)cc1,0,locked_test,402
CMPD_00619,CC(c1ccccc1)c1cc(C(=O)O)c(O)c(C(C)c2ccccc2)c1,c1ccc(Cc2cccc(Cc3ccccc3)c2)cc1,0,development,402
CMPD_00620,CC(c1ccccc1)c1ccc(O)cc1O,c1ccc(Cc2ccccc2)cc1,0,locked_test,402
CMPD_00621,CC(c1ccccc1)c1ccccc1,c1ccc(Cc2ccccc2)cc1,0,locked_test,402
CMPD_00622,CC(CC(=O)O)CC(C)(C)C,ACYCLIC::CC(CC(=O)O)CC(C)(C)C,0,development,402
CMPD_00623,CC(CC(=O)OCC(COCC(COC(=O)CC(C)CC(C)(C)C)(COC(=O)CC(C)CC(C)(C)C)COC(=O)CC(C)CC(C)(C)C)(COC(=O)CC(C)CC(C)(C)C)COC(=O)CC(C)CC(C)(C)C)CC(C)(C)C,ACYCLIC::CC(CC(=O)OCC(COCC(COC(=O)CC(C)CC(C)(C)C)(COC(=O)CC(C)CC(C)(C)C)COC(=O)CC(C)CC(C)(C)C)(COC(=O)CC(C)CC(C)(C)C)COC(=O)CC(C)CC(C)(C)C)CC(C)(C)C,0,locked_test,402
CMPD_00624,CC(CC(=O)OCCN1C(C)(C)CC(OC(=O)CC(C)CC(C)(C)C)CC1(C)C)CC(C)(C)C,C1CCNCC1,0,locked_test,402
CMPD_00625,CC(CC(=O)OOC(=O)CC(C)CC(C)(C)C)CC(C)(C)C,ACYCLIC::CC(CC(=O)OOC(=O)CC(C)CC(C)(C)C)CC(C)(C)C,0,development,402
CMPD_00626,CC(CC(=O)OOC(C)(C)C)CC(C)(C)C,ACYCLIC::CC(CC(=O)OOC(C)(C)C)CC(C)(C)C,0,development,402
CMPD_00627,CC(CC(C)(C)C)CC(C)(C)C,ACYCLIC::CC(CC(C)(C)C)CC(C)(C)C,0,development,402
CMPD_00628,CC(CC(C)(C)C)CP(=O)(O)CC(C)CC(C)(C)C,ACYCLIC::CC(CC(C)(C)C)CP(=O)(O)CC(C)CC(C)(C)C,0,development,402
CMPD_00629,CC(CC(C)C)=NCCNCCN=C(C)CC(C)C,ACYCLIC::CC(CC(C)C)=NCCNCCN=C(C)CC(C)C,0,development,402
CMPD_00630,CC(Cc1ccc(C(C)(C)C)cc1)CN1CC(C)OC(C)C1,c1ccc(CCCN2CCOCC2)cc1,0,locked_test,402
CMPD_00631,CC(Cc1ccc(O)cc1)NCC(=O)c1cc(O)cc(O)c1,O=C(CNCCc1ccccc1)c1ccccc1,0,development,402
CMPD_00632,CC(Cc1cccc(CC(C)c2ccc(O)cc2)c1)c1ccc(O)cc1,c1ccc(CCc2cccc(CCc3ccccc3)c2)cc1,0,development,402
CMPD_00633,CC(CCl)[N+](=O)[O-],ACYCLIC::CC(CCl)[N+](=O)[O-],1,development,402
CMPD_00634,CC(CCl)OC(C)CCl,ACYCLIC::CC(CCl)OC(C)CCl,0,development,402
CMPD_00635,CC(CCl)OP(=O)(OC(C)CCl)OC(C)CCl,ACYCLIC::CC(CCl)OP(=O)(OC(C)CCl)OC(C)CCl,0,development,402
CMPD_00636,CC(CCN=C=O)CC(C)(C)CN=C=O,ACYCLIC::CC(CCN=C=O)CC(C)(C)CN=C=O,0,locked_test,402
CMPD_00637,CC(CCO)CCc1ccccc1,c1ccccc1,0,development,402
CMPD_00638,CC(Cl)(Cl)C(=O)O,ACYCLIC::CC(Cl)(Cl)C(=O)O,0,development,402
CMPD_00639,CC(Cl)CO,ACYCLIC::CC(Cl)CO,1,development,402
CMPD_00640,CC(CN)CCCN,ACYCLIC::CC(CN)CCCN,1,development,402
CMPD_00641,CC(CN=Cc1ccccc1O)N=Cc1ccccc1O,C(=NCCN=Cc1ccccc1)c1ccccc1,0,development,402
CMPD_00642,CC(CNC(=S)S)NC(=S)S,ACYCLIC::CC(CNC(=S)S)NC(=S)S,0,development,402
CMPD_00643,CC(CO)(CO)C(=O)O,ACYCLIC::CC(CO)(CO)C(=O)O,0,development,402
CMPD_00644,CC(CO)(CO)CO,ACYCLIC::CC(CO)(CO)CO,0,development,402
CMPD_00645,CC(CO)CC(C)c1ccccc1,c1ccccc1,0,development,402
CMPD_00646,CC(CO)CCCC1CCCCC1,C1CCCCC1,0,locked_test,402
CMPD_00647,CC(CO)COC1CC2CCC1(C)C2(C)C,C1CC2CCC1C2,0,development,402
CMPD_00648,CC(COC(=O)c1ccccc1)OC(=O)c1ccccc1,O=C(OCCOC(=O)c1ccccc1)c1ccccc1,0,development,402
CMPD_00649,CC(COc1ccc(Oc2ccccc2)cc1)Oc1ccccn1,c1ccc(Oc2ccc(OCCOc3ccccn3)cc2)cc1,0,development,402
CMPD_00650,CC(COCCCO)OP(OCCOCCO)OCCOC(C)(C)C(C)(C)O,ACYCLIC::CC(COCCCO)OP(OCCOCCO)OCCOC(C)(C)C(C)(C)O,0,development,402
CMPD_00651,CC(COP(Oc1ccccc1)Oc1ccccc1)OCC(C)OP(OCC(C)OCC(C)OP(OCC(C)OCC(C)OP(OCC(C)OP(OCC(C)OCC(C)OP(OCC(C)OCC(C)OP(OCC(C)OCC(C)OP(Oc1ccccc1)Oc1ccccc1)Oc1ccccc1)Oc1ccccc1)Oc1ccccc1)Oc1ccccc1)Oc1ccccc1)Oc1ccccc1,c1ccc(OP(OCCOCCOP(OCCOCCOP(Oc2ccccc2)Oc2ccccc2)Oc2ccccc2)OCCOCCOP(OCCOP(OCCOCCOP(OCCOCCOP(OCCOCCOP(Oc2ccccc2)Oc2ccccc2)Oc2ccccc2)Oc2ccccc2)Oc2ccccc2)Oc2ccccc2)cc1,0,development,402
CMPD_00652,CC(F)(Cl)Cl,ACYCLIC::CC(F)(Cl)Cl,0,development,402
CMPD_00653,CC(N)=NP(=S)(Oc1ccc(Cl)cc1)Oc1ccc(Cl)cc1,S=[PH](Oc1ccccc1)Oc1ccccc1,1,development,402
CMPD_00654,CC(N)c1ccccc1,c1ccccc1,1,development,402
CMPD_00655,CC(N)CN,ACYCLIC::CC(N)CN,1,development,402
CMPD_00656,CC(NC(=O)C(C)NC(=O)C(N)CCP(C)(=O)O)C(=O)O,ACYCLIC::CC(NC(=O)C(C)NC(=O)C(N)CCP(C)(=O)O)C(=O)O,0,development,402
CMPD_00657,CC(O)(c1ccc(Cl)cc1)c1ccc(Cl)cc1,c1ccc(Cc2ccccc2)cc1,0,locked_test,402
CMPD_00658,CC(O)(P(=O)(O)O)P(=O)(O)O,ACYCLIC::CC(O)(P(=O)(O)O)P(=O)(O)O,0,development,402
CMPD_00659,CC(O)C#CC(C)O,ACYCLIC::CC(O)C#CC(C)O,0,development,402
CMPD_00660,CC(O)C#N,ACYCLIC::CC(O)C#N,1,locked_test,402
CMPD_00661,CC(O)C(=O)N(C)C,ACYCLIC::CC(O)C(=O)N(C)C,0,development,402
CMPD_00662,CC(O)C(=O)O,ACYCLIC::CC(O)C(=O)O,0,development,402
CMPD_00663,CC(O)c1c(Cl)ccc(F)c1Cl,c1ccccc1,1,development,402
CMPD_00664,CC(O)c1ccccc1,c1ccccc1,0,development,402
CMPD_00665,CC(O)CC(C)(C)O,ACYCLIC::CC(O)CC(C)(C)O,0,locked_test,402
CMPD_00666,CC(O)CC(C)(C)OOC(=O)CCCCCC(C)(C)C,ACYCLIC::CC(O)CC(C)(C)OOC(=O)CCCCCC(C)(C)C,0,development,402
CMPD_00667,CC(O)CCl,ACYCLIC::CC(O)CCl,1,development,402
CMPD_00668,CC(O)CN,ACYCLIC::CC(O)CN,1,locked_test,402
CMPD_00669,CC(O)CN(C)C,ACYCLIC::CC(O)CN(C)C,1,development,402
CMPD_00670,CC(O)CN(CC(C)O)c1nc(Nc2ccc(C=Cc3ccc(Nc4nc(Nc5cc(S(=O)(=O)O)ccc5S(=O)(=O)O)nc(N(CC(C)O)CC(C)O)n4)cc3S(=O)(=O)O)c(S(=O)(=O)O)c2)nc(Nc2cc(S(=O)(=O)O)ccc2S(=O)(=O)O)n1,C(=Cc1ccc(Nc2ncnc(Nc3ccccc3)n2)cc1)c1ccc(Nc2ncnc(Nc3ccccc3)n2)cc1,0,development,402
CMPD_00671,CC(O)CN(CC(C)O)CC(C)O,ACYCLIC::CC(O)CN(CC(C)O)CC(C)O,0,locked_test,402
CMPD_00672,CC(O)CN(CCN(CC(C)O)CC(C)O)CC(C)O,ACYCLIC::CC(O)CN(CCN(CC(C)O)CC(C)O)CC(C)O,0,development,402
CMPD_00673,CC(O)CN(CCO)CCO,ACYCLIC::CC(O)CN(CCO)CCO,0,locked_test,402
CMPD_00674,CC(O)CO,ACYCLIC::CC(O)CO,0,development,402
CMPD_00675,C=CC(=O)OCC(C)O,ACYCLIC::C=CC(=O)OCC(C)O,1,locked_test,402
CMPD_00676,CC(O)COC(=O)OC1CC(C)CCC1C(C)C,C1CCCCC1,0,locked_test,402
CMPD_00677,CC(O)COC(C)CO,ACYCLIC::CC(O)COC(C)CO,0,development,402
CMPD_00678,CC(O)COc1ccc(C(C)(C)c2ccc(OCC(C)O)cc2)cc1,c1ccc(Cc2ccccc2)cc1,0,locked_test,402
CMPD_00679,CC(O)COc1ccccc1,c1ccccc1,0,development,402
CMPD_00680,CC(O)CSCCCCCCCCC(C)(C)C,ACYCLIC::CC(O)CSCCCCCCCCC(C)(C)C,0,locked_test,402
CMPD_00681,CC(Oc1ccc(Oc2ccc(Cl)cc2Cl)cc1)C(=O)O,c1ccc(Oc2ccccc2)cc1,0,development,402
CMPD_00682,CC(Oc1ccc(Oc2nc3ccc(Cl)cc3o2)cc1)C(=O)O,c1ccc(Oc2nc3ccccc3o2)cc1,0,development,402
CMPD_00683,CC(Oc1ccc(Oc2ncc(C(F)(F)F)cc2Cl)cc1)C(=O)O,c1ccc(Oc2ccccn2)cc1,0,development,402
CMPD_00684,CC(Oc1ccc(Oc2ncc(Cl)cc2Cl)cc1)C(=O)N1CCCO1,O=C(COc1ccc(Oc2ccccn2)cc1)N1CCCO1,0,development,402
CMPD_00685,CC(Oc1ccc2ccccc2c1)C(=O)Nc1ccccc1,O=C(COc1ccc2ccccc2c1)Nc1ccccc1,0,development,402
CMPD_00686,C[CH2][Hg][Cl],ACYCLIC::C[CH2][Hg][Cl],1,locked_test,402
CMPD_00687,CC[N+](CC)(CC)CC,ACYCLIC::CC[N+](CC)(CC)CC,1,development,402
CMPD_00688,CC[P+](c1ccccc1)(c1ccccc1)c1ccccc1,c1ccc([PH+](c2ccccc2)c2ccccc2)cc1,0,locked_test,402
CMPD_00689,CC=CC(=O)C1C(C)=CCCC1(C)C,C1=CCCCC1,0,development,402
CMPD_00690,CC=CC(=O)O,ACYCLIC::CC=CC(=O)O,0,development,402
CMPD_00691,CC=CC(=O)OC(CC)C(C)C,ACYCLIC::CC=CC(=O)OC(CC)C(C)C,0,development,402
CMPD_00692,CC=CC(=O)Oc1c(C(C)CCCCCC)cc([N+](=O)[O-])cc1[N+](=O)[O-],c1ccccc1,0,development,402
CMPD_00693,CC=CC=CC(=O)O,ACYCLIC::CC=CC=CC(=O)O,0,development,402
CMPD_00694,CC=CC=CC(=O)OCCC[Si](OC)(OC)OC,ACYCLIC::CC=CC=CC(=O)OCCC[Si](OC)(OC)OC,0,development,402
CMPD_00695,CC=Cc1ccc(OC)cc1,c1ccccc1,0,development,402
CMPD_00696,CC=CCC,ACYCLIC::CC=CCC,1,development,402
CMPD_00697,CC=CCC#N,ACYCLIC::CC=CCC#N,1,development,402
CMPD_00698,CC=CCCC=CCCC=CCCC=CCCCCC=CCCC=CC,ACYCLIC::CC=CCCC=CCCC=CCCC=CCCCCC=CCCC=CC,0,development,402
CMPD_00699,CC=CCCCCCC,ACYCLIC::CC=CCCCCCC,0,locked_test,402
CMPD_00700,CC=CCCCCCCC,ACYCLIC::CC=CCCCCCCC,0,development,402
CMPD_00701,CC=CCCCCCCCCCC,ACYCLIC::CC=CCCCCCCCCCC,0,development,402
CMPD_00702,CC=CCCCCCCCCCCC,ACYCLIC::CC=CCCCCCCCCCCC,0,locked_test,402
CMPD_00703,CC=CCl,ACYCLIC::CC=CCl,0,locked_test,402
CMPD_00704,CC=CCOCN(C(=O)CCl)c1c(CC)cccc1CC,c1ccccc1,0,development,402
CMPD_00705,CC=O,ACYCLIC::CC=O,1,development,402
CMPD_00706,CC1(C(=O)Nc2ccc(O)c(Cl)c2Cl)CCCCC1,O=C(Nc1ccccc1)C1CCCCC1,0,development,402
CMPD_00707,CC1(C)C(=O)N(CCO)C(=O)N1CCO,O=C1CNC(=O)N1,0,development,402
CMPD_00708,CC1(C)C(=O)N(CO)C(=O)N1CO,O=C1CNC(=O)N1,0,development,402
CMPD_00709,CC1(C)C(C(=O)OC(C#N)c2cccc(Oc3ccccc3)c2)C1(C)C,O=C(OCc1cccc(Oc2ccccc2)c1)C1CC1,1,locked_test,402
CMPD_00710,CC1(C)C(C=C(Br)Br)C1C(=O)OC(C#N)c1cccc(Oc2ccccc2)c1,O=C(OCc1cccc(Oc2ccccc2)c1)C1CC1,1,locked_test,402
CMPD_00711,CC1(C)C(C=C(Cl)C(F)(F)F)C1C(=O)O,C1CC1,0,locked_test,402
CMPD_00712,CC1(C)C(C=C(Cl)C(F)(F)F)C1C(=O)OC(C#N)c1cccc(Oc2ccccc2)c1,O=C(OCc1cccc(Oc2ccccc2)c1)C1CC1,1,locked_test,402
CMPD_00713,CC1(C)C(C=C(Cl)Cl)C1C(=O)OC(C#N)c1ccc(F)c(Oc2ccccc2)c1,O=C(OCc1cccc(Oc2ccccc2)c1)C1CC1,0,locked_test,402
CMPD_00714,CC1(C)C(C=C(Cl)Cl)C1C(=O)OCc1cccc(Oc2ccccc2)c1,O=C(OCc1cccc(Oc2ccccc2)c1)C1CC1,1,locked_test,402
CMPD_00715,CC1(C)C(C=C2CCSC2=O)C1C(=O)OCc1coc(Cc2ccccc2)c1,O=C1SCCC1=CC1CC1C(=O)OCc1coc(Cc2ccccc2)c1,0,development,402
CMPD_00716,CC1(C)C(C=CC(=O)OC(C(F)(F)F)C(F)(F)F)C1C(=O)OC(C#N)c1cccc(Oc2ccccc2)c1,O=C(OCc1cccc(Oc2ccccc2)c1)C1CC1,0,locked_test,402
CMPD_00717,CC1(C)C(O)C(C)(C)C1O,C1CCC1,0,locked_test,402
CMPD_00718,CC1(C)CC(=O)CC(C)(C)N1,O=C1CCNCC1,0,development,402
CMPD_00719,CC1(C)CC(N=C=O)CC(C)(CN=C=O)C1,C1CCCCC1,0,locked_test,402
CMPD_00720,CC1(C)CC(NC(=O)c2cccc(C(=O)NC3CC(C)(C)NC(C)(C)C3)c2)CC(C)(C)N1,O=C(NC1CCNCC1)c1cccc(C(=O)NC2CCNCC2)c1,0,development,402
CMPD_00721,CC1(C)CC(O)CC(C)(C)N1,C1CCNCC1,0,locked_test,402
CMPD_00722,CC1(C)CC(O)CC(C)(C)N1CCO,C1CCNCC1,0,locked_test,402
CMPD_00723,CC1(C)CC(O)CC(C)(C)N1O,C1CCNCC1,0,locked_test,402
CMPD_00724,CC1(C)CC2(CC(C)(C)c3ccc(O)cc32)c2cc(O)ccc21,c1ccc2c(c1)CCC21CCc2ccccc21,0,development,402
CMPD_00725,CC1(C)CCC(=Cc2ccc(Cl)cc2)C1(O)Cn1cncn1,C(=C1CCCC1Cn1cncn1)c1ccccc1,0,development,402
CMPD_00726,CC1(C)CCC(Cc2ccc(Cl)cc2)C1(O)Cn1cncn1,c1ccc(CC2CCCC2Cn2cncn2)cc1,0,development,402
CMPD_00727,CC1(C)CCCC2(C)C1CCC1(C)OCCC12,C1CCC2C(C1)CCC1OCCC12,0,development,402
CMPD_00728,CC1(C)CNCC(C)(C)C1OC(=O)CCCCCCCCC(=O)OC1C(C)(C)CNCC1(C)C,O=C(CCCCCCCCC(=O)OC1CCNCC1)OC1CCNCC1,0,development,402
CMPD_00729,CC1(C)CO1,C1CO1,0,development,402
CMPD_00730,CC1(C)COC(=O)C2CC=CCC2C(=O)OC1,O=C1OCCCOC(=O)C2CC=CCC12,0,development,402
CMPD_00731,CC1(C)COC2(CCC3=C(CCC4C3CCC3(C)C4CCC3(O)C#N)C2)OC1,C1COC2(CCC3=C(CCC4C3CCC3CCCC34)C2)OC1,0,locked_test,402
CMPD_00732,CC1(C)CON(Cc2ccccc2Cl)C1=O,O=C1CCON1Cc1ccccc1,0,locked_test,402
CMPD_00733,CC1(C)OCC(CO)O1,C1COCO1,0,development,402
CMPD_00734,CC1(C)SC2C(NC(=O)C(N)c3ccc(O)cc3)C(=O)N2C1C(=O)O,O=C(Cc1ccccc1)NC1C(=O)N2CCSC12,0,development,402
CMPD_00735,CC1(c2ccc(Oc3ccccc3)cc2)OC(=O)N(Nc2ccccc2)C1=O,O=C1OC(c2ccc(Oc3ccccc3)cc2)C(=O)N1Nc1ccccc1,0,development,402
CMPD_00736,CC1(C2CCC3C4=CC=C5CC6(CCC5(C)C4CCC32C)OCCO6)OCCO1,C1=C2CC3(CCC2C2CCC4C(CCC4C4OCCO4)C2=C1)OCCO3,0,locked_test,402
CMPD_00737,CC1(COC(=O)C2CC2)C(OC(=O)C2CC2)CCC2(C)C1CC(O)C1(C)Oc3cc(-c4cccnc4)oc(=O)c3C(O)C21,O=C(OCC1C(OC(=O)C2CC2)CCC2C3Cc4c(cc(-c5cccnc5)oc4=O)OC3CCC12)C1CC1,0,development,402
CMPD_00738,CC1=C(C#N)C(=O)N(C)C(=O)/C1=N\Nc1cccc(OS(=O)(=O)c2ccccc2)c1,O=C1C=CC(=NNc2cccc(OS(=O)(=O)c3ccccc3)c2)C(=O)N1,0,development,402
CMPD_00739,CC1=C(C(=O)Nc2ccccc2)SCCO1,O=C(Nc1ccccc1)C1=COCCS1,1,development,402
CMPD_00740,CC1=C(NC(=O)O)C(=NC(=O)CN)C=CC1(NC(=O)O)c1cccc(C2=CC=CC(=NC(=O)CN)C2C)c1,N=C1C=CC(c2cccc(C3=CC=CC(=N)C3)c2)C=C1,0,development,402
CMPD_00741,CC1=CC(=O)CC(C)(C)C1,O=C1C=CCCC1,1,development,402
CMPD_00742,CC1=CC(=O)N(Cc2cccc(CN3C(=O)C=C(C)C3=O)c2)C1=O,O=C1C=CC(=O)N1Cc1cccc(CN2C(=O)C=CC2=O)c1,0,development,402
CMPD_00743,CC1=CC(=O)NS(=O)(=O)O1,O=C1C=COS(=O)(=O)N1,0,development,402
CMPD_00744,CC1=CC(=O)OC(C)(C)O1,O=C1C=COCO1,0,development,402
CMPD_00745,CC1=CC(C)(C)CC(=O)C1,O=C1CC=CCC1,1,development,402
CMPD_00746,CC1=CC(C)(C)Nc2ccccc21,C1=Cc2ccccc2NC1,0,development,402
CMPD_00747,CC1=CCC(C(C)(C)O)CC1,C1=CCCCC1,0,development,402
CMPD_00748,CC1=CCC(C(C)CC2CCCC2=O)CC1,O=C1CCCC1CCC1CC=CCC1,0,development,402
CMPD_00749,CC1=CCC(C=CC(C)C(C)O)C1(C)C,C1=CCCC1,0,locked_test,402
CMPD_00750,CC1=CCC2CC1C2(C)C,C1=CC2CC(C1)C2,0,development,402
CMPD_00751,CC1=Nc2ccc3ccccc3c2C1(C)C,C1=Nc2ccc3ccccc3c2C1,0,development,402
CMPD_00752,CC1=NN(c2ccc(S(=O)(=O)CCOS(=O)(=O)O)cc2)C(=O)C1/N=N/c1ccc2c(S(=O)(=O)O)cccc2c1S(=O)(=O)O,O=C1C(N=Nc2ccc3ccccc3c2)C=NN1c1ccccc1,0,development,402
CMPD_00753,CC1=NN(c2cccc(S(=O)(=O)O)c2)C(=N)C1,N=C1CC=NN1c1ccccc1,0,development,402
CMPD_00754,CC1=NN(c2cccc(S(=O)(=O)O)c2)C(=O)C1/N=N/c1cc(Cl)c(C)cc1S(=O)(=O)O,O=C1C(N=Nc2ccccc2)C=NN1c1ccccc1,0,locked_test,402
CMPD_00755,CC1=NN(c2cccc(S(=O)(=O)O)c2)C(=O)C1/N=N/c1cc(Cl)c(Cl)cc1S(=O)(=O)O,O=C1C(N=Nc2ccccc2)C=NN1c1ccccc1,0,locked_test,402
CMPD_00756,CC1=NN(c2ccccc2)C(=O)/C1=N/Nc1ccc(-c2ccc(N/N=C3/C(=O)N(c4ccccc4)N=C3C)c(Cl)c2)cc1Cl,O=C1C(=NNc2ccc(-c3ccc(NN=C4C=NN(c5ccccc5)C4=O)cc3)cc2)C=NN1c1ccccc1,0,locked_test,402
CMPD_00757,CC1=NNC(=O)N(N=Cc2cccnc2)C1,O=C1NN=CCN1N=Cc1cccnc1,0,locked_test,402
CMPD_00758,CC12C=CC(=O)C=C1CCC1C2CCC2(C)C(=O)CCC12,O=C1C=CC2C(=C1)CCC1C2CCC2C(=O)CCC21,0,development,402
CMPD_00759,CC12C=CC(=O)C=C1CCC1C2CCC2(C)C(O)CCC12,O=C1C=CC2C(=C1)CCC1C3CCCC3CCC21,0,development,402
CMPD_00760,CC12C=CC(C1)C1C(=O)OC(=O)C12,O=C1OC(=O)C2C3C=CC(C3)C12,0,development,402
CMPD_00761,CC12CC(N3CCOCC3)C(O)CC1CCC1C2CCC2(C)C(O)C(N3CCCC3)CC12,C1CCN(C2CC3CCC4C5CC(N6CCOCC6)CCC5CCC4C3C2)C1,0,locked_test,402
CMPD_00762,CC12CCC(=O)C=C1CCC1C2CCC2(C)C(O)CCC12,O=C1C=C2CCC3C4CCCC4CCC3C2CC1,0,development,402
CMPD_00763,CC12CCC(=O)C=C1CCC1C2CCC2(C)C1CCC2(O)C#CCO,O=C1C=C2CCC3C4CCCC4CCC3C2CC1,0,development,402
CMPD_00764,CC12CCC(=O)C=C1CCC1C2CCC2(C)C1CCC2(O)CCCO,O=C1C=C2CCC3C4CCCC4CCC3C2CC1,0,development,402
CMPD_00765,CC12CCC(O)CC1(O)C1CC1C1C2CCC2(C)C1C1CC1C2(O)CCCO,C1CCC2C(C1)C1CC1C1C2CCC2CC3CC3C21,0,locked_test,402
CMPD_00766,CC12CCC3=C4CCC(=O)C=C4CCC3C1CCC2O,O=C1C=C2CCC3C(=C2CC1)CCC1CCCC13,0,development,402
CMPD_00767,CC12CCC3C(C4CC4C4(O)CC(O)CCC34C)C1C1CC1C2(O)C#CCO,C1CCC2C(C1)C1CC1C1C2CCC2CC3CC3C21,0,locked_test,402
CMPD_00768,CC12CCC3C(CCC4=CC(=O)CCC43C)C1CCC2=O,O=C1C=C2CCC3C4CCC(=O)C4CCC3C2CC1,0,development,402
CMPD_00769,CC12CCC3C(CCC4CC(=O)CCC43C)C1CCC2O,O=C1CCC2C(CCC3C4CCCC4CCC23)C1,0,locked_test,402
CMPD_00770,CC12CCC3C(CCC4CC5OC5CC43C)C1CC(N1CCCC1)C2=O,O=C1C2CCC3C4CC5OC5CC4CCC3C2CC1N1CCCC1,0,development,402
CMPD_00771,CC12CCC3C4=C(CCC3C1CCC2=O)CC(=O)CC4,O=C1CCC2=C(CCC3C2CCC2C(=O)CCC23)C1,0,development,402
CMPD_00772,CC12CCC3C4=C(CCC3C1CCC2O)CC(=O)CC4,O=C1CCC2=C(CCC3C2CCC2CCCC23)C1,0,development,402
CMPD_00773,CC12CCC3C4CCC(=O)C=C4CCC3C1CCC2=O,O=C1C=C2CCC3C4CCC(=O)C4CCC3C2CC1,0,development,402
CMPD_00774,CC12CCC3c4ccc(O)cc4CCC3C1CCC2=O,O=C1CCC2C1CCC1c3ccccc3CCC12,0,locked_test,402
CMPD_00775,CC12CCCC=C1C(=O)OC2=O,O=C1OC(=O)C2CCCC=C12,0,development,402
CMPD_00776,CC1C(C)(C)C2=C(c3ncncc3CC2)C1(C)C,c1ncc2c(n1)C1=C(CCC1)CC2,0,development,402
CMPD_00777,Cc1c(C)c2c(c(C)c1O)CCC(C)(CCCC(C)CCCC(C)CCCC(C)C)O2,c1ccc2c(c1)CCCO2,0,development,402
CMPD_00778,CC1C(c2ccc(Cl)cc2)SC(=O)N1C(=O)NC1CCCCC1,O=C(NC1CCCCC1)N1CC(c2ccccc2)SC1=O,0,development,402
CMPD_00779,Cc1c(Cc2cc(C(C)(C)C)c(O)c(C(C)(C)C)c2)c(C)c(Cc2cc(C(C)(C)C)c(O)c(C(C)(C)C)c2)c(C)c1Cc1cc(C(C)(C)C)c(O)c(C(C)(C)C)c1,c1ccc(Cc2cc(Cc3ccccc3)cc(Cc3ccccc3)c2)cc1,0,development,402
CMPD_00780,Cc1c(Cl)cc(-c2ccc(=O)[nH]n2)cc1Cl,O=c1ccc(-c2ccccc2)n[nH]1,0,development,402
CMPD_00781,Cc1c(Cl)ccc(OC(C)C(=O)Nc2ccccc2)c1Cl,O=C(COc1ccccc1)Nc1ccccc1,0,development,402
CMPD_00782,Cc1c(Cl)cccc1[N+](=O)[O-],c1ccccc1,0,development,402
CMPD_00783,Cc1c(F)c(F)c(COC(=O)C2C(C=C(Cl)C(F)(F)F)C2(C)C)c(F)c1F,O=C(OCc1ccccc1)C1CC1,1,development,402
CMPD_00784,Cc1c(Nc2cc(S(=O)(=O)O)c(N)c3c2C(=O)c2ccccc2C3=O)cc(S(=O)(=O)O)cc1Nc1nc(F)nc(F)c1Cl,O=C1c2ccccc2C(=O)c2c(Nc3cccc(Nc4ccncn4)c3)cccc21,0,development,402
CMPD_00785,Cc1c(O)cc([N+](=O)[O-])cc1[N+](=O)[O-],c1ccccc1,1,development,402
CMPD_00786,Cc1c(O)cc2c(c1C)OC(C)(CCCC(C)CCCC(C)CCCC(C)C)CC2,c1ccc2c(c1)CCCO2,0,development,402
CMPD_00787,CC1C2CC(CC2C2CCC(O)CC2)C1(C)C,C1CCC(C2CC3CCC2C3)CC1,0,development,402
CMPD_00788,CC1C2CC(CC2C2CCCC(O)C2)C1(C)C,C1CCC(C2CC3CCC2C3)CC1,0,development,402
CMPD_00789,Cc1cc([N+](=O)[O-])cc([N+](=O)[O-])c1O,c1ccccc1,1,development,402
CMPD_00790,Cc1cc(=O)[nH]o1,O=c1cco[nH]1,0,development,402
CMPD_00791,CC1CC(=O)C=C2CCC3C4CCC(O)C4(C)CCC3C21C,O=C1C=C2CCC3C4CCCC4CCC3C2CC1,0,development,402
CMPD_00792,CC1CC(=O)CC(C)(C)C1,O=C1CCCCC1,0,development,402
CMPD_00793,Cc1cc(C(C)(C)C)c(O)c(C(C)(C)C)c1,c1ccccc1,0,development,402
CMPD_00794,Cc1cc(C(C)(C)C)c(O)c(C)c1Cn1c(=O)n(Cc2c(C)cc(C(C)(C)C)c(O)c2C)c(=O)n(Cc2c(C)cc(C(C)(C)C)c(O)c2C)c1=O,O=c1n(Cc2ccccc2)c(=O)n(Cc2ccccc2)c(=O)n1Cc1ccccc1,0,development,402
CMPD_00795,Cc1cc(C(C)(C)C)c(OP2OCC3(CO2)COP(Oc2c(C(C)(C)C)cc(C)cc2C(C)(C)C)OC3)c(C(C)(C)C)c1,c1ccc(OP2OCC3(CO2)COP(Oc2ccccc2)OC3)cc1,0,development,402
CMPD_00796,Cc1cc(C(C)(C)c2cc(C)c(O)c(C)c2)cc(C)c1O,c1ccc(Cc2ccccc2)cc1,0,locked_test,402
CMPD_00797,CC1CC(C)(C)CC(OOC(C)(C)C)(OOC(C)(C)C)C1,C1CCCCC1,0,locked_test,402
CMPD_00798,Cc1cc(C)[nH]n1,c1cn[nH]c1,0,locked_test,402
CMPD_00799,Cc1cc(C)c(Nc2ccc(Nc3c(C)cc(C)cc3C)c3c2C(=O)c2ccccc2C3=O)c(C)c1,O=C1c2ccccc2C(=O)c2c(Nc3ccccc3)ccc(Nc3ccccc3)c21,0,development,402
CMPD_00800,Cc1cc(C)c(O)c(C(C)(C)C)c1,c1ccccc1,0,development,402
CMPD_00801,Cc1cc(C)c(O)c(C(c2cc(C)cc(C)c2O)C(C)C)c1,c1ccc(Cc2ccccc2)cc1,0,locked_test,402
CMPD_00802,Cc1cc(C)c(O)c(C)c1,c1ccccc1,0,development,402
CMPD_00803,Cc1cc(C)c(S(=O)(=O)NC2CCCCC2)c(C)c1Nc1ccc(Nc2c(C)cc(C)c(S(=O)(=O)NC3CCCCC3)c2C)c2c1C(=O)c1ccccc1C2=O,O=C1c2ccccc2C(=O)c2c(Nc3cccc(S(=O)(=O)NC4CCCCC4)c3)ccc(Nc3cccc(S(=O)(=O)NC4CCCCC4)c3)c21,0,development,402
CMPD_00804,Cc1cc(C)cc(C(=O)Cl)c1,c1ccccc1,0,development,402
CMPD_00805,Cc1cc(C)cc(O)c1,c1ccccc1,0,development,402
CMPD_00806,Cc1cc(C)cc(OP(=O)(Oc2cc(C)cc(C)c2)Oc2cc(C)cc(C)c2)c1,O=P(Oc1ccccc1)(Oc1ccccc1)Oc1ccccc1,0,development,402
CMPD_00807,Cc1cc(C)nc(NC(=O)NS(=O)(=O)c2ccccc2C(=O)OC2COC2)n1,O=C(Nc1ncccn1)NS(=O)(=O)c1ccccc1C(=O)OC1COC1,0,development,402
CMPD_00808,Cc1cc(C)nc(Nc2ccccc2)n1,c1ccc(Nc2ncccn2)cc1,0,development,402
CMPD_00809,Cc1cc(C2(c3ccc(O)c(C)c3)CCCCC2)ccc1O,c1ccc(C2(c3ccccc3)CCCCC2)cc1,0,development,402
CMPD_00810,Cc1cc(C2CC2)nc(Nc2ccccc2)n1,c1ccc(Nc2nccc(C3CC3)n2)cc1,0,development,402
CMPD_00811,Cc1cc(-c2ccc(N=C=O)c(C)c2)ccc1N=C=O,c1ccc(-c2ccccc2)cc1,0,locked_test,402
CMPD_00812,Cc1cc(Cc2cc(C)c(O)c(C)c2)cc(C)c1O,c1ccc(Cc2ccccc2)cc1,0,locked_test,402
CMPD_00813,Cc1cc(Cc2cc(C)cc(C(C)(C)C)c2O)c(O)c(C(C)(C)C)c1,c1ccc(Cc2ccccc2)cc1,0,locked_test,402
CMPD_00814,Cc1cc(Cc2cc(C)cc(C3(C)CCCCC3)c2O)c(O)c(C2(C)CCCCC2)c1,c1cc(Cc2cccc(C3CCCCC3)c2)cc(C2CCCCC2)c1,0,development,402
CMPD_00815,Cc1cc(CCC(=O)OCCOCCOCCOC(=O)CCc2cc(C)c(O)c(C(C)(C)C)c2)cc(C(C)(C)C)c1O,O=C(CCc1ccccc1)OCCOCCOCCOC(=O)CCc1ccccc1,0,development,402
CMPD_00816,Cc1cc(Cl)ccc1N,c1ccccc1,1,development,402
CMPD_00817,Cc1cc(Cl)ccc1N=CN(C)C,c1ccccc1,1,development,402
CMPD_00818,Cc1cc(Cl)ccc1NC(=S)N(C)C,c1ccccc1,0,development,402
CMPD_00819,Cc1cc(Cl)ccc1O,c1ccccc1,0,development,402
CMPD_00820,Cc1cc(Cl)ccc1OC(C)C(=O)O,c1ccccc1,0,development,402
CMPD_00821,Cc1cc(Cl)ccc1OCC(=O)O,c1ccccc1,0,development,402
CMPD_00822,Cc1cc(N)ccc1N,c1ccccc1,1,development,402
CMPD_00823,Cc1cc(N=Nc2c(O)c(C(=O)O)cc3ccccc23)c(S(=O)(=O)O)cc1Cl,c1ccc(N=Nc2cccc3ccccc23)cc1,0,locked_test,402
CMPD_00824,Cc1cc(N=Nc2ccc(Nc3nc(N)nc(Cl)n3)c3c(S(=O)(=O)O)cccc23)c(C)cc1N=Nc1cc(S(=O)(=O)O)ccc1S(=O)(=O)O,c1ccc(N=Nc2ccc(N=Nc3ccc(Nc4ncncn4)c4ccccc34)cc2)cc1,0,development,402
CMPD_00825,Cc1cc(-n2nc3ccc(Cl)cc3n2)c(O)c(C(C)(C)C)c1,c1ccc(-n2nc3ccccc3n2)cc1,0,development,402
CMPD_00826,CC1CC(NC(N)=O)NC(=O)N1,O=C1NCCCN1,0,development,402
CMPD_00827,Cc1cc(Nc2cc(S(=O)(=O)O)c(N)c3c2C(=O)c2ccccc2C3=O)cc(S(=O)(=O)NCCO)c1C,O=C1c2ccccc2C(=O)c2c(Nc3ccccc3)cccc21,0,development,402
CMPD_00828,Cc1cc(O)c(C(C)(C)C)cc1C(C)CC(c1cc(C(C)(C)C)c(O)cc1C)c1cc(C(C)(C)C)c(O)cc1C,c1ccc(CCC(c2ccccc2)c2ccccc2)cc1,0,development,402
CMPD_00829,Cc1cc(O)c(C(C)(C)C)cc1Sc1cc(C(C)(C)C)c(O)cc1C,c1ccc(Sc2ccccc2)cc1,0,development,402
CMPD_00830,Cc1cc(O)ccc1Cl,c1ccccc1,0,development,402
CMPD_00831,Cc1cc(OC(=O)N(C)C)n(C(C)C)n1,c1cn[nH]c1,1,locked_test,402
CMPD_00832,Cc1cc(OC(=O)N(C)C)nn1C(=O)N(C)C,c1cn[nH]c1,1,locked_test,402
CMPD_00833,Cc1cc(Oc2cc(C)cc(S(=O)(=O)O)c2)cc(S(=O)(=O)O)c1,c1ccc(Oc2ccccc2)cc1,0,development,402
CMPD_00834,Cc1cc(S(=O)(=O)O)c(N=Nc2c(O)c(C(=O)O)cc3ccccc23)cc1Cl,c1ccc(N=Nc2cccc3ccccc23)cc1,0,locked_test,402
CMPD_00835,Cc1cc(S(=O)(=O)O)ccc1NN=c1c(=O)ccc(=NNc2ccccc2C(=O)O)c1=O,O=c1ccc(=NNc2ccccc2)c(=O)c1=NNc1ccccc1,0,development,402
CMPD_00836,Cc1cc2[nH]c(=O)[nH]c2cc1N,O=c1[nH]c2ccccc2[nH]1,0,development,402
CMPD_00837,Cc1ccc([N+](=O)[O-])cc1,c1ccccc1,0,development,402
CMPD_00838,Cc1ccc([N+](=O)[O-])cc1[N+](=O)[O-],c1ccccc1,0,development,402
CMPD_00839,Cc1ccc([N+](=O)[O-])cc1S(=O)(=O)O,c1ccccc1,0,development,402
CMPD_00840,Cc1ccc(C(=O)COc2c(C(=O)c3ccc(Cl)c(C)c3Cl)c(C)nn2C)cc1,O=C(COc1[nH]ncc1C(=O)c1ccccc1)c1ccccc1,0,development,402
CMPD_00841,Cc1ccc(C(=O)O)c(O)c1,c1ccccc1,0,development,402
CMPD_00842,Cc1ccc(C(=O)OOC(=O)c2ccc(C)cc2)cc1,O=C(OOC(=O)c1ccccc1)c1ccccc1,0,development,402
CMPD_00843,CC1CCC(C(C)C)C(OC(=O)C(C)O)C1,C1CCCCC1,0,locked_test,402
CMPD_00844,CC1CCC(C(C)C)CC1,C1CCCCC1,0,locked_test,402
CMPD_00845,Cc1ccc(C(C)(C)C)c(O)c1,c1ccccc1,1,development,402
CMPD_00846,Cc1ccc(C=O)cc1,c1ccccc1,0,development,402
CMPD_00847,Cc1ccc(C2OC3COC(c4ccc(C)c(C)c4)OC3C(C(O)CO)O2)cc1C,c1ccc(C2OCC3OC(c4ccccc4)OCC3O2)cc1,0,development,402
CMPD_00848,Cc1ccc(C2OC3COC(c4ccc(C)cc4)OC3C(C(O)CO)O2)cc1,c1ccc(C2OCC3OC(c4ccccc4)OCC3O2)cc1,0,development,402
CMPD_00849,Cc1ccc(Cl)cc1,c1ccccc1,0,development,402
CMPD_00850,Cc1ccc(N(CC(C)O)CC(C)O)cc1,c1ccccc1,0,development,402
CMPD_00851,Cc1ccc(N)cc1N,c1ccccc1,1,development,402
CMPD_00852,Cc1ccc(N/N=C2/C(=O)C=Cc3ccccc32)c(C)c1,O=C1C=Cc2ccccc2C1=NNc1ccccc1,0,development,402
CMPD_00853,Cc1ccc(N/N=C2\C(=O)C=Cc3ccccc32)c([N+](=O)[O-])c1,O=C1C=Cc2ccccc2C1=NNc1ccccc1,0,development,402
CMPD_00854,Cc1ccc(N=C=O)cc1N=C=O,c1ccccc1,0,development,402
CMPD_00855,Cc1ccc(N=c2sccn2C)c(C)c1,c1ccc(N=c2[nH]ccs2)cc1,0,development,402
CMPD_00856,Cc1ccc(N=CN(C)C=Nc2ccc(C)cc2C)c(C)c1,C(=Nc1ccccc1)NC=Nc1ccccc1,1,development,402
CMPD_00857,Cc1ccc(N=Nc2c(O)c(C(=O)O)cc3ccccc23)c(S(=O)(=O)O)c1,c1ccc(N=Nc2cccc3ccccc23)cc1,0,locked_test,402
CMPD_00858,Cc1ccc(-n2[nH]c(C)c(/N=N/c3ccc(-c4ccc(/N=N/c5c(C)[nH]n(-c6ccc(C)cc6)c5=O)c(Cl)c4)cc3Cl)c2=O)cc1,O=c1c(N=Nc2ccc(-c3ccc(N=Nc4c[nH]n(-c5ccccc5)c4=O)cc3)cc2)c[nH]n1-c1ccccc1,0,development,402
CMPD_00859,Cc1ccc(N2C(=O)NC(=O)C(=CC=Cc3ccccc3[N+](=O)[O-])C2=O)cc1,O=C1NC(=O)N(c2ccccc2)C(=O)C1=CC=Cc1ccccc1,0,development,402
CMPD_00860,Cc1ccc(NC(=O)N(C)C)cc1Cl,c1ccccc1,0,development,402
CMPD_00861,Cc1ccc(NC(=O)N(C)C)cc1NC(=O)N(C)C,c1ccccc1,0,development,402
CMPD_00862,Cc1ccc(NC(=O)NC(C)(C)c2ccccc2)cc1,O=C(NCc1ccccc1)Nc1ccccc1,0,development,402
CMPD_00863,Cc1ccc(NC(=O)Nc2ccc(C)c(NC(=O)Nc3ccc(C)cc3)c2)cc1,O=C(Nc1ccccc1)Nc1cccc(NC(=O)Nc2ccccc2)c1,0,development,402
CMPD_00864,Cc1ccc(Nc2nc(Nc3ccc(C)cc3)c(N=Nc3ccccc3C(F)(F)F)c(C)c2C#N)cc1,c1ccc(N=Nc2ccc(Nc3ccccc3)nc2Nc2ccccc2)cc1,0,development,402
CMPD_00865,Cc1ccc(NCCO)c([N+](=O)[O-])c1,c1ccccc1,0,development,402
CMPD_00866,Cc1ccc(NCCO)cc1O,c1ccccc1,0,development,402
CMPD_00867,Cc1ccc(O)c(C)c1,c1ccccc1,1,development,402
CMPD_00868,Cc1ccc(O)cc1,c1ccccc1,1,development,402
CMPD_00869,Cc1ccc(S(=O)(=O)CNC=O)cc1,c1ccccc1,0,development,402
CMPD_00870,Cc1ccc(S(=O)(=O)N=C=O)cc1,c1ccccc1,0,development,402
CMPD_00871,Cc1ccc(S(=O)(=O)NC(=O)Nc2cccc(OS(=O)(=O)c3ccc(C)cc3)c2)cc1,O=C(Nc1cccc(OS(=O)(=O)c2ccccc2)c1)NS(=O)(=O)c1ccccc1,0,development,402
CMPD_00872,Cc1ccc(S(=O)(=O)NC(=O)Nc2ccccc2)cc1,O=C(Nc1ccccc1)NS(=O)(=O)c1ccccc1,0,development,402
CMPD_00873,Cc1ccc(S(=O)(=O)NCCCCCC(=O)O)cc1,c1ccccc1,0,development,402
CMPD_00874,Cc1ccc(S(=O)(=O)O)cc1N,c1ccccc1,0,development,402
CMPD_00875,Cc1ccc(S(=O)(=O)Oc2c(C(=O)c3ccc(Cl)cc3Cl)c(C)nn2C)cc1,O=C(c1ccccc1)c1cn[nH]c1OS(=O)(=O)c1ccccc1,0,development,402
CMPD_00876,Cc1ccc(S(C)(=O)=O)cc1[N+](=O)[O-],c1ccccc1,0,development,402
CMPD_00877,Cc1ccc(Sc2ccc(C(=O)c3ccccc3)cc2)cc1,O=C(c1ccccc1)c1ccc(Sc2ccccc2)cc1,0,development,402
CMPD_00878,Cc1ccc2[nH]c3cc4c(=O)c5cc(C)ccc5[nH]c4cc3c(=O)c2c1,O=c1c2ccccc2[nH]c2cc3c(=O)c4ccccc4[nH]c3cc12,0,development,402
CMPD_00879,CC1CCC2=C(C1)C(=O)OC2=O,O=C1OC(=O)C2=C1CCCC2,0,development,402
CMPD_00880,Cc1ccc2c(c1)C(=O)c1ccccc1C2=O,O=C1c2ccccc2C(=O)c2ccccc21,0,development,402
CMPD_00881,Cc1ccc2nc3sc(=O)sc3nc2c1,O=c1sc2nc3ccccc3nc2s1,1,development,402
CMPD_00882,Cc1ccc2oc(C=Cc3nc4cc(C)ccc4o3)nc2c1,C(=Cc1nc2ccccc2o1)c1nc2ccccc2o1,0,development,402
CMPD_00883,Cc1cccc(C)c1OP(=O)(Oc1cccc(OP(=O)(Oc2c(C)cccc2C)Oc2c(C)cccc2C)c1)Oc1c(C)cccc1C,O=P(Oc1ccccc1)(Oc1ccccc1)Oc1cccc(OP(=O)(Oc2ccccc2)Oc2ccccc2)c1,0,locked_test,402
CMPD_00884,Cc1cccc(Cc2ccccc2)c1Cc1ccccc1,c1ccc(Cc2ccccc2Cc2ccccc2)cc1,0,locked_test,402
CMPD_00885,Cc1cccc(O)c1,c1ccccc1,1,development,402
CMPD_00886,Cc1cccc(O)c1C,c1ccccc1,1,development,402
CMPD_00887,Cc1cccc2[nH]c(=S)[nH]c12,S=c1[nH]c2ccccc2[nH]1,0,development,402
CMPD_00888,Cc1cccc2n[nH]nc12,c1ccc2n[nH]nc2c1,0,development,402
CMPD_00889,Cc1cccc2sc3nncn3c12,c1ccc2c(c1)sc1nncn12,0,locked_test,402
CMPD_00890,Cc1ccccc1,c1ccccc1,0,development,402
CMPD_00891,Cc1ccccc1C(=O)Nc1cccc(OC(C)C)c1,O=C(Nc1ccccc1)c1ccccc1,0,development,402
CMPD_00892,Cc1ccccc1Cc1ccccc1,c1ccc(Cc2ccccc2)cc1,0,locked_test,402
CMPD_00893,Cc1ccccc1COC1CC2(C(C)C)CCC1(C)O2,c1ccc(COC2CC3CCC2O3)cc1,0,development,402
CMPD_00894,Cc1ccccc1NC(=N)Nc1ccccc1C,N=C(Nc1ccccc1)Nc1ccccc1,0,development,402
CMPD_00895,Cc1ccccc1NC(=O)c1cc2ccccc2c(N=Nc2cc(Cl)c(Cl)cc2Cl)c1O,O=C(Nc1ccccc1)c1cc(N=Nc2ccccc2)c2ccccc2c1,0,development,402
CMPD_00896,Cc1ccccc1NC(=O)CC(=O)/C=N/Nc1ccc(S(=O)(=O)O)cc1[N+](=O)[O-],O=C(C=NNc1ccccc1)CC(=O)Nc1ccccc1,0,development,402
CMPD_00897,CC1CCCCC1NC(=O)Nc1ccccc1,O=C(Nc1ccccc1)NC1CCCCC1,0,development,402
CMPD_00898,Cc1ccccc1Nc1ccc(Nc2ccccc2C)c2c1C(=O)c1ccccc1C2=O,O=C1c2ccccc2C(=O)c2c(Nc3ccccc3)ccc(Nc3ccccc3)c21,0,development,402
CMPD_00899,Cc1ccccc1O,c1ccccc1,1,development,402
CMPD_00900,Cc1ccccc1OCC1CO1,c1ccc(OCC2CO2)cc1,0,development,402
CMPD_00901,Cc1ccccn1,c1ccncc1,1,locked_test,402
CMPD_00902,Cc1cccnc1,c1ccncc1,1,locked_test,402
CMPD_00903,CC1CCCO1,C1CCOC1,0,locked_test,402
CMPD_00904,Cc1ccn2nc(S(=O)(=O)Nc3c(F)cccc3F)nc2n1,O=S(=O)(Nc1ccccc1)c1nc2ncccn2n1,0,development,402
CMPD_00905,Cc1ccncc1,c1ccncc1,1,locked_test,402
CMPD_00906,CC1CCOC1,C1CCOC1,0,locked_test,402
CMPD_00907,Cc1cn(C2CC(O)C(CO)O2)c(=O)[nH]c1=O,O=c1ccn(C2CCCO2)c(=O)[nH]1,0,development,402
CMPD_00908,Cc1cn[nH]c1,c1cn[nH]c1,1,locked_test,402
CMPD_00909,CC1CN1P(=O)(N1CC1C)N1CC1C,O=P(N1CC1)(N1CC1)N1CC1,1,locked_test,402
CMPD_00910,Cc1cn2c(nc1=O)OC1C(O)C(CO)OC12,O=c1ccn2c(n1)OC1CCOC12,0,locked_test,402
CMPD_00911,Cc1cnc2c(C(=O)O)c(Cl)ccc2c1,c1ccc2ncccc2c1,0,development,402
CMPD_00912,CC1CNCC(C)O1,C1COCCN1,1,development,402
CMPD_00913,CC1COC(=O)O1,O=C1OCCO1,0,development,402
CMPD_00914,CC1COc2ccccc2N1C(=O)C(Cl)Cl,c1ccc2c(c1)NCCO2,0,development,402
CMPD_00915,CC1COCc2cc3c(cc21)C(C)(C)C(C)C3(C)C,c1c2c(cc3c1CCOC3)CCC2,0,development,402
CMPD_00916,Cc1nc(N(C)C)nc(OC(=O)N(C)C)c1C,c1cncnc1,0,development,402
CMPD_00917,Cc1ncc[nH]1,c1c[nH]cn1,0,development,402
CMPD_00918,Cc1ncoc1C#N,c1cocn1,0,locked_test,402
CMPD_00919,Cc1nn(C)c(Oc2ccccc2)c1C=NOCc1ccc(C(=O)OC(C)(C)C)cc1,C(=NOCc1ccccc1)c1cn[nH]c1Oc1ccccc1,0,development,402
CMPD_00920,Cc1nn(C)c(OCC(=O)c2ccccc2)c1C(=O)c1ccc(Cl)cc1Cl,O=C(COc1[nH]ncc1C(=O)c1ccccc1)c1ccccc1,0,development,402
CMPD_00921,Cc1nnc(-c2ccccc2)c(=O)n1N,O=c1[nH]cnnc1-c1ccccc1,0,development,402
CMPD_00922,CC1OC(=O)C(C)OC1=O,O=C1COC(=O)CO1,0,development,402
CMPD_00923,CC1OC(C)OC(C)OC(C)O1,C1OCOCOCO1,0,development,402
CMPD_00924,CC1OC(OC2C(O)C(O)C(O)C(O)C2O)C(N)CC1NC(=N)C(=O)O,C1CCC(OC2CCCCO2)CC1,0,development,402
CMPD_00925,CC1OC(OC2C(Oc3cc(O)c4c(c3)OC(c3ccc(O)cc3)CC4=O)OC(CO)C(O)C2O)C(O)C(O)C1O,O=C1CC(c2ccccc2)Oc2cc(OC3OCCCC3OC3CCCCO3)ccc21,0,development,402
CMPD_00926,CCC(C)=NO,ACYCLIC::CCC(C)=NO,1,development,402
CMPD_00927,CCC(=NOCC=CCl)C1C(=O)CC(C2CCOCC2)CC1=O,O=C1CC(=O)CC(C2CCOCC2)C1,0,development,402
CMPD_00928,CCC(=O)Nc1ccc(Cl)c(Cl)c1,c1ccccc1,0,development,402
CMPD_00929,CCC(=O)OC1C=CC2C3CCC(C3)C12,C1=CC2C3CCC(C3)C2C1,0,development,402
CMPD_00930,CCC(=O)OCC(=O)C1(OC(=O)CC)C(C)CC2C3C(Cl)CC4=CC(=O)C=CC4(C)C3C(O)CC21C,O=C1C=CC2C(=C1)CCC1C3CCCC3CCC21,1,development,402
CMPD_00931,CCC(=O)OCC(=O)OC(C)C1CCCC(C)(C)C1,C1CCCCC1,0,locked_test,402
CMPD_00932,CCC(=O)OCC(C)(C)OC(C)C1CCCC(C)(C)C1,C1CCCCC1,0,locked_test,402
CMPD_00933,CCC(=O)OCC=Cc1ccccc1,c1ccccc1,0,development,402
CMPD_00934,CCC(=O)OCc1ccccc1,c1ccccc1,0,development,402
CMPD_00935,CCC(=O)OCCc1ccccc1,c1ccccc1,0,development,402
CMPD_00936,CCC(C)(C#N)N=NC(C)(C#N)CC,ACYCLIC::CCC(C)(C#N)N=NC(C)(C#N)CC,0,locked_test,402
CMPD_00937,CCC(C)(C)C(=O)O,ACYCLIC::CCC(C)(C)C(=O)O,0,locked_test,402
CMPD_00938,CCC(C)(C)C(=O)OC1=C(c2ccc(Cl)cc2Cl)C(=O)OC12CCCCC2,O=C1OC2(C=C1c1ccccc1)CCCCC2,0,development,402
CMPD_00939,CCC(C)(C)c1cc(O)c(C(C)(C)CC)cc1O,c1ccccc1,0,development,402
CMPD_00940,CCC(C)(C)c1ccccc1O,c1ccccc1,1,development,402
CMPD_00941,CCC(C)(C)O,ACYCLIC::CCC(C)(C)O,1,development,402
CMPD_00942,CCC(C)(C)OC,ACYCLIC::CCC(C)(C)OC,0,development,402
CMPD_00943,CCC(C)(C)OO,ACYCLIC::CCC(C)(C)OO,1,locked_test,402
CMPD_00944,CCC(C)(C)OOC(C)(C)CC,ACYCLIC::CCC(C)(C)OOC(C)(C)CC,0,locked_test,402
CMPD_00945,CCC(C)(C)OOC1(OC)CCCCC1,C1CCCCC1,0,locked_test,402
CMPD_00946,CCC(C)(C)OOC1(OOC(C)(C)CC)CCCCC1,C1CCCCC1,0,locked_test,402
CMPD_00947,CCC(C)(CCC(C)C)C(=O)O,ACYCLIC::CCC(C)(CCC(C)C)C(=O)O,0,locked_test,402
CMPD_00948,CCC(C)(CCC(C)C)C(=O)OCC1CO1,C1CO1,0,development,402
CMPD_00949,CCC(C)(NC(=O)c1cc(Cl)c(C)c(Cl)c1)C(=O)CCl,c1ccccc1,0,development,402
CMPD_00950,CCC(C)(OOC(C)(C)C)OOC(C)(C)C,ACYCLIC::CCC(C)(OOC(C)(C)C)OOC(C)(C)C,0,development,402
CMPD_00951,CCC(C)=CCCC(C)=CC#N,ACYCLIC::CCC(C)=CCCC(C)=CC#N,0,development,402
CMPD_00952,CCC(C)=NO[Si](C)(ON=C(C)CC)ON=C(C)CC,ACYCLIC::CCC(C)=NO[Si](C)(ON=C(C)CC)ON=C(C)CC,0,development,402
CMPD_00953,CCC(C)=NO[Si](ON=C(C)CC)(ON=C(C)CC)c1ccccc1,c1ccccc1,0,development,402
CMPD_00954,CCC(C)=NO[Si](ON=C(C)CC)(ON=C(C)CC)ON=C(C)CC,ACYCLIC::CCC(C)=NO[Si](ON=C(C)CC)(ON=C(C)CC)ON=C(C)CC,0,locked_test,402
CMPD_00955,CCC(C)C(C)C(C)CCc1ccc(O)cc1,c1ccccc1,0,development,402
CMPD_00956,CCC(C)c1cc([N+](=O)[O-])cc([N+](=O)[O-])c1O,c1ccccc1,1,development,402
CMPD_00957,CCC(C)c1cc([N+](=O)[O-])cc([N+](=O)[O-])c1OC(=O)C=C(C)C,c1ccccc1,1,development,402
CMPD_00958,CCC(C)c1cc(N=Nc2ccc([N+](=O)[O-])cc2)cc(C(C)CC)c1O,c1ccc(N=Nc2ccccc2)cc1,0,development,402
CMPD_00959,CCC(C)c1cc(S(=O)(=O)O)cc(-n2nc3ccccc3n2)c1O,c1ccc(-n2nc3ccccc3n2)cc1,0,development,402
CMPD_00960,CCC(C)c1ccccc1OC(=O)NC,c1ccccc1,0,development,402
CMPD_00961,CCC(C)C1OC2(C=CC1C)CC1CC(CC=C(C)C(OC3CC(OC)C(OC4CC(OC)C(O)C(C)O4)C(C)O3)C(C)C=CC=C3COC4C(O)C(C)=CC(C(=O)O1)C34O)O2,O=C1OC2CC(CC=CC(OC3CCC(OC4CCCCO4)CO3)CC=CC=C3COC4CC=CC1C34)OC1(C=CCCO1)C2,1,development,402
CMPD_00962,CCC(C)CCCC(C)(C)O,ACYCLIC::CCC(C)CCCC(C)(C)O,0,locked_test,402
CMPD_00963,CCC(C)CCCC(C)CCCC(C)C,ACYCLIC::CCC(C)CCCC(C)CCCC(C)C,0,locked_test,402
CMPD_00964,CCC(C)CCCOC(=O)CCc1cc(-n2nc3ccccc3n2)c(O)c(C(C)(C)C)c1,c1ccc(-n2nc3ccccc3n2)cc1,0,development,402
CMPD_00965,CCC(C)Cl,ACYCLIC::CCC(C)Cl,0,development,402
CMPD_00966,CCC(C)CO,ACYCLIC::CCC(C)CO,0,development,402
CMPD_00967,CCC(C)N(C(=O)SCc1ccccc1)C(C)CC,c1ccccc1,0,development,402
CMPD_00968,CCC(C)n1c(=O)[nH]c(C)c(Br)c1=O,O=c1cc[nH]c(=O)[nH]1,0,development,402
CMPD_00969,CCC(C)NC1CCC(CC2CCC(NC(C)CC)CC2)CC1,C1CCC(CC2CCCCC2)CC1,1,development,402
CMPD_00970,CCC(C)Nc1ccc(NC(C)CC)cc1,c1ccccc1,1,development,402
CMPD_00971,CCC(C)O,ACYCLIC::CCC(C)O,0,locked_test,402
CMPD_00972,CCC(C)OP(=S)(S)OC(C)CC(C)C,ACYCLIC::CCC(C)OP(=S)(S)OC(C)CC(C)C,0,development,402
CMPD_00973,CCC(c1ccccc1)C(C)C,c1ccccc1,0,development,402
CMPD_00974,CCC(CC)Nc1c([N+](=O)[O-])cc(C)c(C)c1[N+](=O)[O-],c1ccccc1,0,development,402
CMPD_00975,CCC(Cc1ccc(C)cc1)(C(=O)c1ccc(N2CCOCC2)cc1)N(C)C,O=C(CCc1ccccc1)c1ccc(N2CCOCC2)cc1,0,development,402
CMPD_00976,CCC(Cc1ccccc1)(C(=O)c1ccc(N2CCOCC2)cc1)N(C)C,O=C(CCc1ccccc1)c1ccc(N2CCOCC2)cc1,0,development,402
CMPD_00977,CCC(CO)(CO)CO,ACYCLIC::CCC(CO)(CO)CO,0,development,402
CMPD_00978,CCC(COC(=O)CC(C)CC(C)(C)C)(COC(=O)CC(C)CC(C)(C)C)COC(=O)CC(C)CC(C)(C)C,ACYCLIC::CCC(COC(=O)CC(C)CC(C)(C)C)(COC(=O)CC(C)CC(C)(C)C)COC(=O)CC(C)CC(C)(C)C,0,development,402
CMPD_00979,CCC(COC(=O)CCCCCCCCCCCCCCC(C)C)(COC(=O)CCCCCCCCCCCCCCC(C)C)COC(=O)CCCCCCCCCCCCCCC(C)C,ACYCLIC::CCC(COC(=O)CCCCCCCCCCCCCCC(C)C)(COC(=O)CCCCCCCCCCCCCCC(C)C)COC(=O)CCCCCCCCCCCCCCC(C)C,0,development,402
CMPD_00980,CCC(F)(F)C(F)(F)C(F)(F)C(F)(F)C(F)(F)C(F)(F)F,ACYCLIC::CCC(F)(F)C(F)(F)C(F)(F)C(F)(F)C(F)(F)C(F)(F)F,0,development,402
CMPD_00981,CCC(N)(CO)CO,ACYCLIC::CCC(N)(CO)CO,0,development,402
CMPD_00982,CCC(O)=C1C(=O)CC(C(=O)O)CC1=O,C=C1C(=O)CCCC1=O,0,development,402
CMPD_00983,CCC(O)c1ccccc1,c1ccccc1,0,development,402
CMPD_00984,CCC(O)COC1CCCCC1C(C)(C)C,C1CCCCC1,0,locked_test,402
CMPD_00985,CCC(O)OC(O)CC,ACYCLIC::CCC(O)OC(O)CC,0,locked_test,402
CMPD_00986,CCC(O)OCC(C)OC(O)CC,ACYCLIC::CCC(O)OCC(C)OC(O)CC,0,development,402
CMPD_00987,CCC(Oc1ccc(F)c(C(F)(F)F)c1)C(=O)NCc1ccccc1,O=C(COc1ccccc1)NCc1ccccc1,0,locked_test,402
CMPD_00988,CCC(OCCCOC)OC(C)=O,ACYCLIC::CCC(OCCCOC)OC(C)=O,0,development,402
CMPD_00989,CCC[N+](=O)[O-],ACYCLIC::CCC[N+](=O)[O-],0,development,402
CMPD_00990,CCC=CC#N,ACYCLIC::CCC=CC#N,1,development,402
CMPD_00991,CCC=CCCCC,ACYCLIC::CCC=CCCCC,0,locked_test,402
CMPD_00992,CCC=CCCOC(=O)c1ccccc1O,c1ccccc1,0,development,402
CMPD_00993,CCC=O,ACYCLIC::CCC=O,0,locked_test,402
CMPD_00994,CCC1(C)CC(=O)C(C)C(C)(CC)N1OC(C)c1ccccc1,O=C1CCN(OCc2ccccc2)CC1,0,development,402
CMPD_00995,CCC1(C)OOC(C)(CC)OOC(C)(CC)OO1,C1OOCOOCOO1,0,development,402
CMPD_00996,CCC1(CC=C2CCCc3cc(OC)ccc32)C(=O)CCC1=O,O=C1CCC(=O)C1CC=C1CCCc2ccccc21,0,development,402
CMPD_00997,CCC1(CC=C2CCCc3cc(OC)ccc32)C(=O)CCC1O,O=C1CCCC1CC=C1CCCc2ccccc21,0,development,402
CMPD_00998,CCC1(O)CCCC1CCC(C)C,C1CCCC1,0,development,402
CMPD_00999,CCC12CCC3=C(CCc4cc(OC)ccc43)C1CCC2=O,O=C1CCC2C3=C(CCC12)c1ccccc1CC3,0,development,402
CMPD_01000,CCC12CCC3C4=C(CCC3C1CCC2=O)CC(OC)=CC4,O=C1CCC2C1CCC1C3=C(CC=CC3)CCC12,0,development,402
CMPD_01001,CCC12CCC3C4=C(CCC3C1CCC2O)CC(OC)=CC4,C1=CCC2=C(C1)CCC1C2CCC2CCCC21,0,locked_test,402
CMPD_01002,CCC12CCC3c4ccc(OC)cc4CCC3C1CCC2O,c1ccc2c(c1)CCC1C2CCC2CCCC21,0,locked_test,402
CMPD_01003,CCC12COCN1COC2,C1OCN2COCC12,0,development,402
CMPD_01004,CCC12COP(=O)(OC1)OC2,O=P12OCC(CO1)CO2,1,development,402
CMPD_01005,CCC12COP(OC1)OC2,C1OP2OCC1CO2,1,development,402
CMPD_01006,CCc1c(C)cc(N)c(CC)c1N,c1ccccc1,0,development,402
CMPD_01007,CCc1cc(C)cc(CC)c1Nc1ccc(Nc2c(CC)cc(C)cc2CC)c2c1C(=O)c1ccccc1C2=O,O=C1c2ccccc2C(=O)c2c(Nc3ccccc3)ccc(Nc3ccccc3)c21,0,development,402
CMPD_01008,CCc1cc(Cc2cc(CC)c(N)c(CC)c2)cc(CC)c1N,c1ccc(Cc2ccccc2)cc1,0,locked_test,402
CMPD_01009,CCc1cc2c(cc1C(C)=O)C(C)(C)CCC2(C)C,c1ccc2c(c1)CCCC2,1,development,402
CMPD_01010,CCC1CC2CC1CC2OC,C1CC2CCC1C2,0,development,402
CMPD_01011,CCc1ccc(C)nc1,c1ccncc1,1,locked_test,402
CMPD_01012,CCC1CCC(CCC(=O)O)C1,C1CCCC1,0,development,402
CMPD_01013,CCc1ccc(O)cc1,c1ccccc1,0,development,402
CMPD_01014,CCc1ccc2c(c1)C(=O)c1ccccc1C2=O,O=C1c2ccccc2C(=O)c2ccccc21,0,development,402
CMPD_01015,CCc1cccc(C)c1N(C(=O)CCl)C(C)COC,c1ccccc1,0,development,402
CMPD_01016,CCc1cccc(C)c1Nc1ccc(Nc2c(C)cccc2CC)c2c1C(=O)c1ccccc1C2=O,O=C1c2ccccc2C(=O)c2c(Nc3ccccc3)ccc(Nc3ccccc3)c21,0,development,402
CMPD_01017,CCc1ccccc1CC,c1ccccc1,0,development,402
CMPD_01018,CCc1cn(C2CC(OC(=O)c3ccc(Cl)cc3)C(COC(=O)c3ccc(Cl)cc3)O2)c(=O)[nH]c1=O,O=C(OCC1OC(n2ccc(=O)[nH]c2=O)CC1OC(=O)c1ccccc1)c1ccccc1,0,development,402
CMPD_01019,CCC1CO1,C1CO1,1,development,402
CMPD_01020,CCC1COC(Cn2cncn2)(c2ccc(Cl)cc2Cl)O1,c1ccc(C2(Cn3cncn3)OCCO2)cc1,0,locked_test,402
CMPD_01021,CCc1nn(C)c(C(=O)NCc2ccc(C(C)(C)C)cc2)c1Cl,O=C(NCc1ccccc1)c1ccn[nH]1,0,locked_test,402
CMPD_01022,CCCBr,ACYCLIC::CCCBr,0,development,402
CMPD_01023,CCCC(=NOCC(C)Oc1ccc(Cl)cc1)C1C(=O)CC(C2CCCSC2)CC1=O,O=C1CC(C2CCCSC2)CC(=O)C1C=NOCCOc1ccccc1,0,development,402
CMPD_01024,CCCC(=NOCC)C1C(=O)CC(C2CCCSC2)CC1=O,O=C1CC(=O)CC(C2CCCSC2)C1,0,locked_test,402
CMPD_01025,CCCC(=NOCC)C1C(=O)CC(CC(C)SCC)CC1=O,O=C1CCCC(=O)C1,0,development,402
CMPD_01026,CCCC(=O)Cl,ACYCLIC::CCCC(=O)Cl,0,development,402
CMPD_01027,CCCC(=O)CNC(=O)Oc1cc(C)cc(C(C)C)c1,c1ccccc1,0,development,402
CMPD_01028,CCCC(=O)N(CSP(=S)(OC)OC)c1ccccc1Cl,c1ccccc1,0,development,402
CMPD_01029,CCCC(=O)Nc1ncnc2c1ncn2C1OC2COP(=O)(O)OC2C1OC(=O)CCC,O=[PH]1OCC2OC(n3cnc4cncnc43)CC2O1,0,development,402
CMPD_01030,CCCC(=O)OC(C(Cl)(Cl)Cl)P(=O)(OC)OC,ACYCLIC::CCCC(=O)OC(C(Cl)(Cl)Cl)P(=O)(OC)OC,0,locked_test,402
CMPD_01031,CCCC(=O)OCC,ACYCLIC::CCCC(=O)OCC,0,development,402
CMPD_01032,CCCC(=O)OCC=Cc1ccccc1,c1ccccc1,0,development,402
CMPD_01033,CCCC(=O)OCCC(C)C,ACYCLIC::CCCC(=O)OCCC(C)C,0,development,402
CMPD_01034,CCCC(C)=NO[Si](C)(ON=C(C)CCC)ON=C(C)CCC,ACYCLIC::CCCC(C)=NO[Si](C)(ON=C(C)CCC)ON=C(C)CCC,0,development,402
CMPD_01035,CCCC(C)C(=O)OCC,ACYCLIC::CCCC(C)C(=O)OCC,0,development,402
CMPD_01036,CCCC(C)C(CCC)C(C)Cc1ccc(OP(=S)(S)Oc2ccc(CC(C)C(CCC)C(C)CCC)cc2)cc1,S=[PH](Oc1ccccc1)Oc1ccccc1,0,development,402
CMPD_01037,CCCC(C)c1cccc(OC(=O)NC)c1,c1ccccc1,1,development,402
CMPD_01038,CCCC(c1cc(C(C)(C)C)c(O)cc1C)c1cc(C(C)(C)C)c(O)cc1C,c1ccc(Cc2ccccc2)cc1,0,locked_test,402
CMPD_01039,CCCC(CC)COC(=O)CCc1cc(C(C)(C)C)c(O)c(C(C)(C)C)c1,c1ccccc1,0,development,402
CMPD_01040,CCCC(Cn1cncn1)c1ccc(Cl)cc1Cl,c1ccc(CCn2cncn2)cc1,0,locked_test,402
CMPD_01041,CCCC(O)CO,ACYCLIC::CCCC(O)CO,0,development,402
CMPD_01042,CCCC[N+](CCCC)(CCCC)CCCC,ACYCLIC::CCCC[N+](CCCC)(CCCC)CCCC,0,development,402
CMPD_01043,CCCC[P+](CCCC)(CCCC)CCCC,ACYCLIC::CCCC[P+](CCCC)(CCCC)CCCC,1,development,402
CMPD_01044,CCC[CH2][Sn](=[O])[CH2]CCC,ACYCLIC::CCC[CH2][Sn](=[O])[CH2]CCC,0,locked_test,402
CMPD_01045,CCC[CH2][Sn](=[O])[OH],ACYCLIC::CCC[CH2][Sn](=[O])[OH],0,development,402
CMPD_01046,CCC[CH2][Sn]([CH2]CCC)([CH2]CCC)[O][Sn]([CH2]CCC)([CH2]CCC)[CH2]CCC,ACYCLIC::CCC[CH2][Sn]([CH2]CCC)([CH2]CCC)[O][Sn]([CH2]CCC)([CH2]CCC)[CH2]CCC,1,locked_test,402
CMPD_01047,CCC[CH2][Sn]([CH2]CCC)([CH2]CCC)[O]C(=O)c1ccccc1,c1ccccc1,1,development,402
CMPD_01048,CCC[CH2][Sn]([CH2]CCC)([O]C(=O)C(F)(F)F)[O]C(=O)C(F)(F)F,ACYCLIC::CCC[CH2][Sn]([CH2]CCC)([O]C(=O)C(F)(F)F)[O]C(=O)C(F)(F)F,1,locked_test,402
CMPD_01049,CCC[CH2][Sn]1([CH2]CCC)[O]CC[S]1,C1C[S][Sn][O]1,0,development,402
CMPD_01050,CCCC1CC(=O)C=C(C)C1,O=C1C=CCCC1,0,development,402
CMPD_01051,CCCc1cc(CCC)c(CCC)c(CCC)c1,c1ccccc1,0,development,402
CMPD_01052,CCCc1ccc(-c2ccc(-c3ccc(CC)cc3)cc2F)cc1,c1ccc(-c2ccc(-c3ccccc3)cc2)cc1,0,development,402
CMPD_01053,CCCc1ccc(O)c(OC)c1,c1ccccc1,0,development,402
CMPD_01054,CCCC1COC(Cn2cncn2)(c2ccc(Cl)cc2Cl)O1,c1ccc(C2(Cn3cncn3)OCCO2)cc1,0,locked_test,402
CMPD_01055,CCCc1nn(C)c(C(N)=O)c1NC(=O)c1cc(S(=O)(=O)N2CCN(C)CC2)ccc1OCC,O=C(Nc1cn[nH]c1)c1cccc(S(=O)(=O)N2CCNCC2)c1,0,locked_test,402
CMPD_01056,CCCCBr,ACYCLIC::CCCCBr,0,development,402
CMPD_01057,CCCCC,ACYCLIC::CCCCC,0,development,402
CMPD_01058,CCCCC(=O)OCC(CO)(CO)CO,ACYCLIC::CCCCC(=O)OCC(CO)(CO)CO,0,development,402
CMPD_01059,CCCCC(=O)OCC(CO)(CO)COCC(CO)(CO)CO,ACYCLIC::CCCCC(=O)OCC(CO)(CO)COCC(CO)(CO)CO,0,development,402
CMPD_01060,CCCCC(=O)OCC(COC(=O)CCCC)(COC(=O)CCCC)COC(=O)CCCC,ACYCLIC::CCCCC(=O)OCC(COC(=O)CCCC)(COC(=O)CCCC)COC(=O)CCCC,0,development,402
CMPD_01061,CCCCC(Br)C(=O)OC,ACYCLIC::CCCCC(Br)C(=O)OC,0,development,402
CMPD_01062,CCCCC(C#N)c1ccccc1,c1ccccc1,0,development,402
CMPD_01063,CCCCC(C)CC(O)C=CC1C(O)CC2CC(CCOCC(=O)OC)CC21,C1CC2CCCC2C1,1,development,402
CMPD_01064,CCCCC(C=O)CC,ACYCLIC::CCCCC(C=O)CC,0,locked_test,402
CMPD_01065,CCCCC(CC)(CO)CO,ACYCLIC::CCCCC(CC)(CO)CO,0,development,402
CMPD_01066,CCCCC(CC)C(=O)Cl,ACYCLIC::CCCCC(CC)C(=O)Cl,0,development,402
CMPD_01067,CCCCC(CC)C(=O)OCC(COC(=O)C(CC)CCCC)OC(=O)C(CC)CCCC,ACYCLIC::CCCCC(CC)C(=O)OCC(COC(=O)C(CC)CCCC)OC(=O)C(CC)CCCC,0,development,402
CMPD_01068,CCCCC(CC)C(=O)OCC(COC(=O)C=Cc1ccc(OC)cc1)OC(=O)C=Cc1ccc(OC)cc1,O=C(C=Cc1ccccc1)OCCOC(=O)C=Cc1ccccc1,1,development,402
CMPD_01069,CCCCC(CC)C(=O)OCC(COCC(COC(=O)CCCCCC(C)C)(COC(=O)C(CC)CCCC)COC(=O)C(CC)CCCC)(COC(=O)CCCCCC(C)C)COC(=O)CCCCCC(C)C,ACYCLIC::CCCCC(CC)C(=O)OCC(COCC(COC(=O)CCCCCC(C)C)(COC(=O)C(CC)CCCC)COC(=O)C(CC)CCCC)(COC(=O)CCCCCC(C)C)COC(=O)CCCCCC(C)C,0,development,402
CMPD_01070,CCCCC(CC)C(=O)OCCOCCOCCOC(=O)C(CC)CCCC,ACYCLIC::CCCCC(CC)C(=O)OCCOCCOCCOC(=O)C(CC)CCCC,0,development,402
CMPD_01071,CCCCC(CC)CCCCCc1ccc(S(=O)(=O)O)cc1,c1ccccc1,0,development,402
CMPD_01072,CCCCC(CC)CN(CC(CC)CCCC)Cn1cncn1,c1nc[nH]n1,0,development,402
CMPD_01073,CCCCC(CC)CN(CCC(=O)O)CCC(=O)O,ACYCLIC::CCCCC(CC)CN(CCC(=O)O)CCC(=O)O,0,development,402
CMPD_01074,CCCCC(CC)CN1C(=O)C2C3C=CC(C3)C2C1=O,O=C1NC(=O)C2C3C=CC(C3)C12,1,locked_test,402
CMPD_01075,CCCCC(CC)CNC1(N=Nc2ccc(N=Nc3ccccc3C)cc2C)C=CCc2ccccc21,C1=CC(N=Nc2ccc(N=Nc3ccccc3)cc2)c2ccccc2C1,0,development,402
CMPD_01076,CCCCC(CC)CNc1ccc(NCC(CC)CCCC)c2c1C(=O)c1c(O)ccc(O)c1C2=O,O=C1c2ccccc2C(=O)c2ccccc21,0,development,402
CMPD_01077,CCCCC(CC)CNS(=O)(=O)c1ccc(N/N=C2/C(=O)N(CCCC)C(=O)C(C#N)=C2C)cc1,O=C1C=CC(=NNc2ccccc2)C(=O)N1,0,development,402
CMPD_01078,CCCCC(CC)CO,ACYCLIC::CCCCC(CC)CO,0,locked_test,402
CMPD_01079,CCCCC(CC)COB(OCC(CC)CCCC)OCC(CC)CCCC,ACYCLIC::CCCCC(CC)COB(OCC(CC)CCCC)OCC(CC)CCCC,0,development,402
CMPD_01080,CCCCC(CC)COC(=O)C(C#N)=C(c1ccccc1)c1ccccc1,C=C(c1ccccc1)c1ccccc1,0,development,402
CMPD_01081,CCCCC(CC)COC(=O)C1CCC(C(=O)OCC(CC)CCCC)CC1,C1CCCCC1,0,locked_test,402
CMPD_01082,CCCCC(CC)COC(=O)c1ccc(Nc2nc(Nc3ccc(C(=O)OCC(CC)CCCC)cc3)nc(Nc3ccc(C(=O)OCC(CC)CCCC)cc3)n2)cc1,c1ccc(Nc2nc(Nc3ccccc3)nc(Nc3ccccc3)n2)cc1,0,locked_test,402
CMPD_01083,CCCCC(CC)COC(=O)c1ccccc1,c1ccccc1,0,development,402
CMPD_01084,CCCCC(CC)COC(=O)c1ccccc1O,c1ccccc1,0,development,402
CMPD_01085,CCCCC(CC)COC(=O)CC(C(=O)OCC(CC)CCCC)S(=O)(=O)O,ACYCLIC::CCCCC(CC)COC(=O)CC(C(=O)OCC(CC)CCCC)S(=O)(=O)O,0,development,402
CMPD_01086,CCCCC(CC)COC(=O)CC(CC(=O)OCC(CC)CCCC)(OC(C)=O)C(=O)OCC(CC)CCCC,ACYCLIC::CCCCC(CC)COC(=O)CC(CC(=O)OCC(CC)CCCC)(OC(C)=O)C(=O)OCC(CC)CCCC,0,development,402
CMPD_01087,CCCCC(CC)COC(=O)CCCCCCCCC(=O)OCC(CC)CCCC,ACYCLIC::CCCCC(CC)COC(=O)CCCCCCCCC(=O)OCC(CC)CCCC,0,development,402
CMPD_01088,CCCCC(CC)COC(=O)CS,ACYCLIC::CCCCC(CC)COC(=O)CS,0,development,402
CMPD_01089,CCCCC(CC)COC(=O)OCC(CC)CCCC,ACYCLIC::CCCCC(CC)COC(=O)OCC(CC)CCCC,0,development,402
CMPD_01090,CCCCC(CC)COC(=O)OOC(=O)OCC(CC)CCCC,ACYCLIC::CCCCC(CC)COC(=O)OOC(=O)OCC(CC)CCCC,0,development,402
CMPD_01091,CCCCC(CC)COC(=O)OOC(C)(C)C,ACYCLIC::CCCCC(CC)COC(=O)OOC(C)(C)C,0,locked_test,402
CMPD_01092,CCCCC(CC)COCC1CO1,C1CO1,0,development,402
CMPD_01093,CCCCC(CC)COCCCN,ACYCLIC::CCCCC(CC)COCCCN,1,development,402
CMPD_01094,CCCCC(CC)COCCCNC(=O)Nc1cccc2c(NC(=O)NCCCOCC(CC)CCCC)cccc12,c1ccc2ccccc2c1,0,development,402
CMPD_01095,CCCCC(CC)COCOCC(CC)CCCC,ACYCLIC::CCCCC(CC)COCOCC(CC)CCCC,0,development,402
CMPD_01096,CCCCC(CC)COP(=O)(O)OCC(CC)CCCC,ACYCLIC::CCCCC(CC)COP(=O)(O)OCC(CC)CCCC,1,development,402
CMPD_01097,CCCCC(CC)COP(=S)(S)OCC(C)C,ACYCLIC::CCCCC(CC)COP(=S)(S)OCC(C)C,0,development,402
CMPD_01098,CCCCC(CC)COP(=S)(S)OCC(CC)CCCC,ACYCLIC::CCCCC(CC)COP(=S)(S)OCC(CC)CCCC,0,development,402
CMPD_01099,CCCCC(CC)COP(Oc1ccccc1)Oc1ccccc1,c1ccc(OPOc2ccccc2)cc1,0,development,402
CMPD_01100,CCCCC(CC)COS(=O)(=O)O,ACYCLIC::CCCCC(CC)COS(=O)(=O)O,0,development,402
CMPD_01101,CCCCC(Cc1cc(C(C)(C)C)c(O)c(C(C)(C)C)c1)(C(=O)OC1CC(C)(C)N(C)C(C)(C)C1)C(=O)OC1CC(C)(C)N(C)C(C)(C)C1,O=C(OC1CCNCC1)C(Cc1ccccc1)C(=O)OC1CCNCC1,0,locked_test,402
CMPD_01102,CCCCC(O)(Cn1cncn1)c1ccc(Cl)cc1Cl,c1ccc(CCn2cncn2)cc1,0,locked_test,402
CMPD_01103,CCCCC(O)CO,ACYCLIC::CCCCC(O)CO,0,development,402
CMPD_01104,CCCCC=CCCC=CCCCCCC,ACYCLIC::CCCCC=CCCC=CCCCCCC,0,development,402
CMPD_01105,CCCCc1c(C)nc(NCC)nc1OS(=O)(=O)N(C)C,c1cncnc1,1,development,402
CMPD_01106,CCCCc1ccc(Nc2ccc(Nc3ccc(CCCC)cc3)c3c2C(=O)c2c(Nc4ccc(CCCC)cc4)ccc(Nc4ccc(CCCC)cc4)c2C3=O)cc1,O=C1c2c(Nc3ccccc3)ccc(Nc3ccccc3)c2C(=O)c2c(Nc3ccccc3)ccc(Nc3ccccc3)c21,0,development,402
CMPD_01107,CCCCc1ccc2n[nH]nc2c1,c1ccc2n[nH]nc2c1,0,development,402
CMPD_01108,CCCCc1nc(Cl)c(CO)n1Cc1ccc(-c2ccccc2-c2nn[nH]n2)cc1,c1ccc(-c2nn[nH]n2)c(-c2ccc(Cn3ccnc3)cc2)c1,0,development,402
CMPD_01109,CCCCc1oc2ccc([N+](=O)[O-])cc2c1C(=O)c1ccc(O)cc1,O=C(c1ccccc1)c1coc2ccccc12,0,development,402
CMPD_01110,CCCCCBr,ACYCLIC::CCCCCBr,0,development,402
CMPD_01111,CCCCCC(=O)OCC,ACYCLIC::CCCCCC(=O)OCC,0,development,402
CMPD_01112,CCCCCC(C)=O,ACYCLIC::CCCCCC(C)=O,0,development,402
CMPD_01113,CCCCCC(C)OC(=O)COc1ccc(Cl)c2cccnc12,c1ccc2ncccc2c1,0,development,402
CMPD_01114,CCCCCC(C=O)=Cc1ccccc1,c1ccccc1,0,development,402
CMPD_01115,CCCCCC(CCC)CCCO,ACYCLIC::CCCCCC(CCC)CCCO,0,locked_test,402
CMPD_01116,CCCCCC(CCC)COC(=O)c1ccccc1C(=O)OCC(CCC)CCCCC,c1ccccc1,0,development,402
CMPD_01117,CCCCCC(CCC)COC(=O)OCC(CCC)CCCCC,ACYCLIC::CCCCCC(CCC)COC(=O)OCC(CCC)CCCCC,0,development,402
CMPD_01118,CCCCCC(CO)Cc1ccccc1,c1ccccc1,0,development,402
CMPD_01119,CCCCCC(CO)CCC,ACYCLIC::CCCCCC(CO)CCC,0,development,402
CMPD_01120,CCCCC[CH2][Sn]([CH2]CCCCC)([CH2]CCCCC)[CH2]C(=O)O,ACYCLIC::CCCCC[CH2][Sn]([CH2]CCCCC)([CH2]CCCCC)[CH2]C(=O)O,1,development,402
CMPD_01121,CCCCCC=CCC=CCCCCCCCC(=O)OCC,ACYCLIC::CCCCCC=CCC=CCCCCCCCC(=O)OCC,0,development,402
CMPD_01122,CCCCCC1=C(OC(C)=O)CCC1CC(=O)OC,C1=CCCC1,0,locked_test,402
CMPD_01123,CCCCCC1C(=O)CCC1CC(=O)OC,O=C1CCCC1,0,development,402
CMPD_01124,CCCCCC1COCCC1OC(C)=O,C1CCOCC1,0,development,402
CMPD_01125,CCCCCCC(=O)OC(=O)CCCCCC,ACYCLIC::CCCCCCC(=O)OC(=O)CCCCCC,0,development,402
CMPD_01126,CCCCCCC(=O)OCC(CC)(COC(=O)CCCCCC)COC(=O)CCCCCC,ACYCLIC::CCCCCCC(=O)OCC(CC)(COC(=O)CCCCCC)COC(=O)CCCCCC,0,locked_test,402
CMPD_01127,CCCCCCC(=O)OCC(COC(=O)CCCCCC)(COC(=O)CCCCCC)COC(=O)CCCCCC,ACYCLIC::CCCCCCC(=O)OCC(COC(=O)CCCCCC)(COC(=O)CCCCCC)COC(=O)CCCCCC,0,development,402
CMPD_01128,CCCCCCC(=O)OCC(COC(=O)CCCCCC)OC(=O)CCCCCC,ACYCLIC::CCCCCCC(=O)OCC(COC(=O)CCCCCC)OC(=O)CCCCCC,0,development,402
CMPD_01129,CCCCCCC(C)(C)S,ACYCLIC::CCCCCCC(C)(C)S,0,development,402
CMPD_01130,CCCCCCC(C)=O,ACYCLIC::CCCCCCC(C)=O,0,development,402
CMPD_01131,CCCCCCC(C)OC(=O)COc1nc(F)c(Cl)c(N)c1Cl,c1ccncc1,0,locked_test,402
CMPD_01132,CCCCCCC(CCCC)C(=O)O,ACYCLIC::CCCCCCC(CCCC)C(=O)O,0,development,402
CMPD_01133,CCCCCCC(CCCC)COS(=O)(=O)O,ACYCLIC::CCCCCCC(CCCC)COS(=O)(=O)O,0,development,402
CMPD_01134,CCCCCCC(CCCCCCCCCC(=O)O)C(=O)OCC(O)CO,ACYCLIC::CCCCCCC(CCCCCCCCCC(=O)O)C(=O)OCC(O)CO,0,development,402
CMPD_01135,CCCCCCC(O)CCCCCCCCCCC(=O)O,ACYCLIC::CCCCCCC(O)CCCCCCCCCCC(=O)O,0,development,402
CMPD_01136,CCCCCCC(O)CCCCCCCCCCC(=O)OC,ACYCLIC::CCCCCCC(O)CCCCCCCCCCC(=O)OC,0,development,402
CMPD_01137,CCCCCCC(O)CCCCCCCCCCC(=O)OCC(COC(=O)CCCCCCCCCCC(O)CCCCCC)OC(=O)CCCCCCCCCCC(O)CCCCCC,ACYCLIC::CCCCCCC(O)CCCCCCCCCCC(=O)OCC(COC(=O)CCCCCCCCCCC(O)CCCCCC)OC(=O)CCCCCCCCCCC(O)CCCCCC,0,locked_test,402
CMPD_01138,CCCCCCC(O)CCCCCCCCCCC(=O)OCC(O)CO,ACYCLIC::CCCCCCC(O)CCCCCCCCCCC(=O)OCC(O)CO,0,development,402
CMPD_01139,CCCCCCC(O)CCCCCCCCCCCO,ACYCLIC::CCCCCCC(O)CCCCCCCCCCCO,0,development,402
CMPD_01140,CCCCCCc1c(Oc2ccccc2)cccc1S(=O)(=O)O,c1ccc(Oc2ccccc2)cc1,0,development,402
CMPD_01141,CCCCCCC1CCC(=O)O1,O=C1CCCO1,0,development,402
CMPD_01142,CCCCCCC1CCCC1=O,O=C1CCCC1,0,development,402
CMPD_01143,CCCCCCCC(=O)N(C)C,ACYCLIC::CCCCCCCC(=O)N(C)C,0,locked_test,402
CMPD_01144,CCCCCCCC(=O)NCC(=O)O,ACYCLIC::CCCCCCCC(=O)NCC(=O)O,0,development,402
CMPD_01145,CCCCCCCC(=O)Oc1c(Br)cc(C#N)cc1Br,c1ccccc1,0,development,402
CMPD_01146,CCCCCCCC(=O)Oc1c(I)cc(C#N)cc1I,c1ccccc1,1,development,402
CMPD_01147,CCCCCCCC(=O)SCCC[Si](OCC)(OCC)OCC,ACYCLIC::CCCCCCCC(=O)SCCC[Si](OCC)(OCC)OCC,0,development,402
CMPD_01148,CCCCCCCC(C)=O,ACYCLIC::CCCCCCCC(C)=O,0,locked_test,402
CMPD_01149,CCCCCCCC(O)=CC(=O)c1ccccc1,c1ccccc1,0,development,402
CMPD_01150,CCCCCCCC[Si](C)(O[Si](C)(C)C)O[Si](C)(C)C,ACYCLIC::CCCCCCCC[Si](C)(O[Si](C)(C)C)O[Si](C)(C)C,0,development,402
CMPD_01151,CCCCCCCC[Si](OCC)(OCC)OCC,ACYCLIC::CCCCCCCC[Si](OCC)(OCC)OCC,0,development,402
CMPD_01152,CCCCCCC[CH2][Sn](=[O])[CH2]CCCCCCC,ACYCLIC::CCCCCCC[CH2][Sn](=[O])[CH2]CCCCCCC,0,development,402
CMPD_01153,CCCCCCC[CH2][Sn]([CH2]CCCCCCC)([S]CC(=O)OCCCCCC(C)C)[S]CC(=O)OCCCCCC(C)C,ACYCLIC::CCCCCCC[CH2][Sn]([CH2]CCCCCCC)([S]CC(=O)OCCCCCC(C)C)[S]CC(=O)OCCCCCC(C)C,0,development,402
CMPD_01154,CCCCCCCC1CCC(=O)O1,O=C1CCCO1,0,development,402
CMPD_01155,CCCCCCCc1ccc(O)cc1,c1ccccc1,0,development,402
CMPD_01156,CCCCCCCCC(=O)O,ACYCLIC::CCCCCCCCC(=O)O,0,development,402
CMPD_01157,CCCCCCCCC(=O)OCC(CC)(COC(=O)CCCCCCCC)COC(=O)CCCCCCCC,ACYCLIC::CCCCCCCCC(=O)OCC(CC)(COC(=O)CCCCCCCC)COC(=O)CCCCCCCC,0,development,402
CMPD_01158,CCCCCCCCC(=O)OCC(CC)CCCC,ACYCLIC::CCCCCCCCC(=O)OCC(CC)CCCC,0,locked_test,402
CMPD_01159,CCCCCCCCC(C)C(C)CCCCCCCC,ACYCLIC::CCCCCCCCC(C)C(C)CCCCCCCC,0,development,402
CMPD_01160,CCCCCCCCC(CCCCCC)C(=O)OCC(=O)Nc1ccc(-c2nc3c(Cl)c(C(C)(C)C)[nH]n3n2)cc1,c1ccc(-c2nc3cc[nH]n3n2)cc1,0,development,402
CMPD_01161,CCCCCCCCC(CCCCCC)COc1ccccc1C(N)=O,c1ccccc1,0,development,402
CMPD_01162,CCCCCCCCC(O)CO,ACYCLIC::CCCCCCCCC(O)CO,0,development,402
CMPD_01163,CCCCCCCCC=CCCCCCCCC(=O)N(C)CC(=O)O,ACYCLIC::CCCCCCCCC=CCCCCCCCC(=O)N(C)CC(=O)O,0,development,402
CMPD_01164,CCCCCCCCC=CCCCCCCCC(=O)N(CCO)CCO,ACYCLIC::CCCCCCCCC=CCCCCCCCC(=O)N(CCO)CCO,0,development,402
CMPD_01165,CCCCCCCCC=CCCCCCCCC(=O)NC(=N)N(NC(=O)CCCCCCCCCCCCCCCCC)C(=O)CCCCCCCCCCCCCCC,ACYCLIC::CCCCCCCCC=CCCCCCCCC(=O)NC(=N)N(NC(=O)CCCCCCCCCCCCCCCCC)C(=O)CCCCCCCCCCCCCCC,0,development,402
CMPD_01166,CCCCCCCCC=CCCCCCCCC(=O)NCC(C)O,ACYCLIC::CCCCCCCCC=CCCCCCCCC(=O)NCC(C)O,0,development,402
CMPD_01167,CCCCCCCCC=CCCCCCCCC(=O)NCCCN(C)C,ACYCLIC::CCCCCCCCC=CCCCCCCCC(=O)NCCCN(C)C,0,development,402
CMPD_01168,CCCCCCCCC=CCCCCCCCC(=O)O,ACYCLIC::CCCCCCCCC=CCCCCCCCC(=O)O,0,development,402
CMPD_01169,CCCCCCCCC=CCCCCCCCC(=O)OC(C)C,ACYCLIC::CCCCCCCCC=CCCCCCCCC(=O)OC(C)C,0,development,402
CMPD_01170,CCCCCCCCC=CCCCCCCCC(=O)OCC(C)(C)COC(=O)CCCCCCCC=CCCCCCCCC,ACYCLIC::CCCCCCCCC=CCCCCCCCC(=O)OCC(C)(C)COC(=O)CCCCCCCC=CCCCCCCCC,0,development,402
CMPD_01171,CCCCCCCCC=CCCCCCCCC(=O)OCC(CC)(CO)COC(=O)CCCCCCCC=CCCCCCCCC,ACYCLIC::CCCCCCCCC=CCCCCCCCC(=O)OCC(CC)(CO)COC(=O)CCCCCCCC=CCCCCCCCC,0,development,402
CMPD_01172,CCCCCCCCC=CCCCCCCCC(=O)OCC(CO)(CO)COC(=O)CCCCCCCC=CCCCCCCCC,ACYCLIC::CCCCCCCCC=CCCCCCCCC(=O)OCC(CO)(CO)COC(=O)CCCCCCCC=CCCCCCCCC,0,locked_test,402
CMPD_01173,CCCCCCCCC=CCCCCCCCC(=O)OCC(COC(=O)CCCCCCCC=CCCCCCCCC)(COC(=O)CCCCCCCC=CCCCCCCCC)COC(=O)CCCCCCCC=CCCCCCCCC,ACYCLIC::CCCCCCCCC=CCCCCCCCC(=O)OCC(COC(=O)CCCCCCCC=CCCCCCCCC)(COC(=O)CCCCCCCC=CCCCCCCCC)COC(=O)CCCCCCCC=CCCCCCCCC,0,locked_test,402
CMPD_01174,CCCCCCCCC=CCCCCCCCC(=O)OCC(COC(=O)CCCCCCCC=CCCCCCCCC)OC(=O)CCCCCCCC=CCCCCCCCC,ACYCLIC::CCCCCCCCC=CCCCCCCCC(=O)OCC(COC(=O)CCCCCCCC=CCCCCCCCC)OC(=O)CCCCCCCC=CCCCCCCCC,0,development,402
CMPD_01175,CCCCCCCCC=CCCCCCCCC(=O)OCCCCCCCC(C)C,ACYCLIC::CCCCCCCCC=CCCCCCCCC(=O)OCCCCCCCC(C)C,0,locked_test,402
CMPD_01176,CCCCCCCCC=CCCCCCCCC(=O)OCCCCCCCCCC,ACYCLIC::CCCCCCCCC=CCCCCCCCC(=O)OCCCCCCCCCC,0,development,402
CMPD_01177,CCCCCCCCC=CCCCCCCCC(=O)OCCCCCCCCCCCC,ACYCLIC::CCCCCCCCC=CCCCCCCCC(=O)OCCCCCCCCCCCC,0,development,402
CMPD_01178,CCCCCCCCC=CCCCCCCCC(=O)OCCCCCCCCCCCCCC,ACYCLIC::CCCCCCCCC=CCCCCCCCC(=O)OCCCCCCCCCCCCCC,0,development,402
CMPD_01179,CCCCCCCCC=CCCCCCCCCCCCC(=O)NCCCCCCCCCCCCCCCCCC,ACYCLIC::CCCCCCCCC=CCCCCCCCCCCCC(=O)NCCCCCCCCCCCCCCCCCC,0,development,402
CMPD_01180,CCCCCCCCC=CCCCCCCCCCCCC(=O)OCCCCCCCCC=CCCCCCCCC,ACYCLIC::CCCCCCCCC=CCCCCCCCCCCCC(=O)OCCCCCCCCC=CCCCCCCCC,0,development,402
CMPD_01181,CCCCCCCCC=CCCCCCCCCCCCC(N)=O,ACYCLIC::CCCCCCCCC=CCCCCCCCCCCCC(N)=O,0,development,402
CMPD_01182,CCCCCCCCC=CCCCCCCCCNC(=O)CC(C(=O)O)S(=O)(=O)O,ACYCLIC::CCCCCCCCC=CCCCCCCCCNC(=O)CC(C(=O)O)S(=O)(=O)O,0,development,402
CMPD_01183,CCCCCCCCC=CCCCCCCCCNC(=O)CCCCCCCCCCCCCCC,ACYCLIC::CCCCCCCCC=CCCCCCCCCNC(=O)CCCCCCCCCCCCCCC,0,development,402
CMPD_01184,CCCCCCCCC=CCCCCCCCCO,ACYCLIC::CCCCCCCCC=CCCCCCCCCO,0,development,402
CMPD_01185,CCCCCCCCC=CCCCCCCCCO[P+](=O)OCCCCCCCCC=CCCCCCCCC,ACYCLIC::CCCCCCCCC=CCCCCCCCCO[P+](=O)OCCCCCCCCC=CCCCCCCCC,0,development,402
CMPD_01186,CCCCCCCCC=CCCCCCCCCOC(=O)CCCCCCC=CCCCCCCCCC,ACYCLIC::CCCCCCCCC=CCCCCCCCCOC(=O)CCCCCCC=CCCCCCCCCC,0,development,402
CMPD_01187,CCCCCCCCCC,ACYCLIC::CCCCCCCCCC,0,development,402
CMPD_01188,CCCCCCCCCC(=O)N(C)C,ACYCLIC::CCCCCCCCCC(=O)N(C)C,0,development,402
CMPD_01189,CCCCCCCCCC(=O)O,ACYCLIC::CCCCCCCCCC(=O)O,0,locked_test,402
CMPD_01190,CCCCCCCCCC(=O)Oc1ccc(C(=O)O)cc1,c1ccccc1,0,development,402
CMPD_01191,CCCCCCCCCC(=O)OOC(=O)CCCCCCCCC,ACYCLIC::CCCCCCCCCC(=O)OOC(=O)CCCCCCCCC,0,development,402
CMPD_01192,CCCCCCCCCC(C)(C)SSc1n[nH]c(=S)s1,S=c1[nH]ncs1,0,development,402
CMPD_01193,CCCCCCCCCC(CC)c1ccc(S(=O)(=O)O)cc1,c1ccccc1,0,development,402
CMPD_01194,CCCCCCCCCC[N+](C)(C)Cc1ccccc1,c1ccccc1,1,development,402
CMPD_01195,CCCCCCCCCC=CCC1CC(=O)OC1=O,O=C1CCC(=O)O1,0,locked_test,402
CMPD_01196,CCCCCCCCCc1cc(C)cc(Cc2cc(C)cc(CCCCCCCCC)c2O)c1O,c1ccc(Cc2ccccc2)cc1,0,locked_test,402
CMPD_01197,CCCCCCCCCc1ccc(OP(Oc2ccc(CCCCCCCCC)cc2)Oc2ccc(CCCCCCCCC)cc2)cc1,c1ccc(OP(Oc2ccccc2)Oc2ccccc2)cc1,0,locked_test,402
CMPD_01198,CCCCCCCCCc1cccc(Nc2cccc(CCCCCCCCC)c2)c1,c1ccc(Nc2ccccc2)cc1,0,development,402
CMPD_01199,CCCCCCCCCCC,ACYCLIC::CCCCCCCCCCC,0,development,402
CMPD_01200,CCCCCCCCCCC(C)C,ACYCLIC::CCCCCCCCCCC(C)C,0,development,402
CMPD_01201,CCCCCCCCCCC(C)CCCCCCCC,ACYCLIC::CCCCCCCCCCC(C)CCCCCCCC,0,development,402
CMPD_01202,CCCCCCCCCCC(CCCCCCCC)COC(=O)CCCCCCCCCCCCCCC(C)C,ACYCLIC::CCCCCCCCCCC(CCCCCCCC)COC(=O)CCCCCCCCCCCCCCC(C)C,0,development,402
CMPD_01203,CCCCCCCCCCC=Cc1c(OC(C)=O)c(O)c2ccccc2c1O,c1ccc2ccccc2c1,0,development,402
CMPD_01204,CCCCCCCCCCC=O,ACYCLIC::CCCCCCCCCCC=O,0,development,402
CMPD_01205,CCCCCCCCCCC1CO1,C1CO1,0,development,402
CMPD_01206,CCCCCCCCCCCC,ACYCLIC::CCCCCCCCCCCC,0,development,402
CMPD_01207,CCCCCCCCCCCC(=O)N(C)CC(=O)O,ACYCLIC::CCCCCCCCCCCC(=O)N(C)CC(=O)O,0,locked_test,402
CMPD_01208,CCCCCCCCCCCC(=O)N(CCCC)CCCC,ACYCLIC::CCCCCCCCCCCC(=O)N(CCCC)CCCC,0,development,402
CMPD_01209,CCCCCCCCCCCC(=O)NC(CCC(=O)O)C(=O)O,ACYCLIC::CCCCCCCCCCCC(=O)NC(CCC(=O)O)C(=O)O,0,development,402
CMPD_01210,CCCCCCCCCCCC(=O)NCC(=O)O,ACYCLIC::CCCCCCCCCCCC(=O)NCC(=O)O,0,locked_test,402
CMPD_01211,CCCCCCCCCCCC(=O)NCCC[N+](C)(C)CC(=O)O,ACYCLIC::CCCCCCCCCCCC(=O)NCCC[N+](C)(C)CC(=O)O,0,development,402
CMPD_01212,CCCCCCCCCCCC(=O)NCCC[N+](C)(C)CC(O)CS(=O)(=O)O,ACYCLIC::CCCCCCCCCCCC(=O)NCCC[N+](C)(C)CC(O)CS(=O)(=O)O,0,development,402
CMPD_01213,CCCCCCCCCCCC(=O)OC1CC(C)(C)NC(C)(C)C1,C1CCNCC1,0,locked_test,402
CMPD_01214,CCCCCCCCCCCC(=O)OCC(C)(C)C=NCC1(C)CC(N=CC(C)(C)COC(=O)CCCCCCCCCCC)CC(C)(C)C1,C1CCCCC1,0,locked_test,402
CMPD_01215,CCCCCCCCCCCC(=O)OCC(C)(C)C=NCCCCCCN=CC(C)(C)COC(=O)CCCCCCCCCCC,ACYCLIC::CCCCCCCCCCCC(=O)OCC(C)(C)C=NCCCCCCN=CC(C)(C)COC(=O)CCCCCCCCCCC,0,development,402
CMPD_01216,CCCCCCCCCCCC(=O)OCC(CC)CCCC,ACYCLIC::CCCCCCCCCCCC(=O)OCC(CC)CCCC,0,development,402
CMPD_01217,CCCCCCCCCCCC(=O)OCC(COC(=O)CCCCCC)OC(=O)CCCCCCC,ACYCLIC::CCCCCCCCCCCC(=O)OCC(COC(=O)CCCCCC)OC(=O)CCCCCCC,0,development,402
CMPD_01218,CCCCCCCCCCCC(=O)OCC(O)CO,ACYCLIC::CCCCCCCCCCCC(=O)OCC(O)CO,0,development,402
CMPD_01219,CCCCCCCCCCCC(=O)OCCC(C)C,ACYCLIC::CCCCCCCCCCCC(=O)OCCC(C)C,0,development,402
CMPD_01220,CCCCCCCCCCCC(=O)OCCCCCC,ACYCLIC::CCCCCCCCCCCC(=O)OCCCCCC,0,development,402
CMPD_01221,CCCCCCCCCCCC(=O)OCCOCC(OCCO)C1OCC(OCCO)C1OCCO,C1CCOC1,0,locked_test,402
CMPD_01222,CCCCCCCCCCCC(=O)OCSC#N,ACYCLIC::CCCCCCCCCCCC(=O)OCSC#N,0,development,402
CMPD_01223,CCCCCCCCCCCC(=O)OOC(=O)CCCCCCCCCCC,ACYCLIC::CCCCCCCCCCCC(=O)OOC(=O)CCCCCCCCCCC,0,locked_test,402
CMPD_01224,CCCCCCCCCCCC[N+](C)(C)CC(=O)O,ACYCLIC::CCCCCCCCCCCC[N+](C)(C)CC(=O)O,1,development,402
CMPD_01225,CCCCCCCCCCCC=CCC=CCCCCCCCCCCCCCCCCCCCCNCCCCCCCCCCCC=CCC=CCCCCCCCCCCCCCCCCCCCC,ACYCLIC::CCCCCCCCCCCC=CCC=CCCCCCCCCCCCCCCCCCCCCNCCCCCCCCCCCC=CCC=CCCCCCCCCCCCCCCCCCCCC,0,development,402
CMPD_01226,CCCCCCCCCCCC=O,ACYCLIC::CCCCCCCCCCCC=O,0,development,402
CMPD_01227,CCCCCCCCCCCc1ccccc1,c1ccccc1,0,development,402
CMPD_01228,CCCCCCCCCCCCBr,ACYCLIC::CCCCCCCCCCCCBr,0,development,402
CMPD_01229,CCCCCCCCCCCCC,ACYCLIC::CCCCCCCCCCCCC,0,development,402
CMPD_01230,CCCCCCCCCCCCC(=O)OCC(O)CO,ACYCLIC::CCCCCCCCCCCCC(=O)OCC(O)CO,0,development,402
CMPD_01231,CCCCCCCCCCCCC(CCCCCCCCCC)C(=O)O,ACYCLIC::CCCCCCCCCCCCC(CCCCCCCCCC)C(=O)O,0,development,402
CMPD_01232,CCCCCCCCCCCCc1ccc(OP(=S)(S)Oc2ccc(CCCCCCCCCCCC)cc2)cc1,S=[PH](Oc1ccccc1)Oc1ccccc1,0,development,402
CMPD_01233,CCCCCCCCCCCCc1ccccc1S(=O)(=O)O,c1ccccc1,0,development,402
CMPD_01234,CCCCCCCCCCCCC1CO1,C1CO1,0,development,402
CMPD_01235,CCCCCCCCCCCCCC,ACYCLIC::CCCCCCCCCCCCCC,0,development,402
CMPD_01236,CCCCCCCCCCCCCC(=O)OCC(CCCCCCCC)CCCCCCCCCC,ACYCLIC::CCCCCCCCCCCCCC(=O)OCC(CCCCCCCC)CCCCCCCCCC,0,development,402
CMPD_01237,CCCCCCCCCCCCCCC,ACYCLIC::CCCCCCCCCCCCCCC,0,development,402
CMPD_01238,CCCCCCCCCCCCCCC(C)c1cc(C)cc(C)c1O,c1ccccc1,0,development,402
CMPD_01239,CCCCCCCCCCCCCCC=C1OC(=O)C1CCCCCCCCCCCCCC,C=C1CC(=O)O1,0,development,402
CMPD_01240,CCCCCCCCCCCCCCC1CO1,C1CO1,0,development,402
CMPD_01241,CCCCCCCCCCCCCCCC,ACYCLIC::CCCCCCCCCCCCCCCC,0,development,402
CMPD_01242,CCCCCCCCCCCCCCCC(=O)N1C(=O)CCC1C(=O)O,O=C1CCCN1,0,development,402
CMPD_01243,CCCCCCCCCCCCCCCC(=O)OC1CC(C(=O)O)N(C(=O)CCCCCCCCCCCCCCC)C1,C1CCNC1,0,development,402
CMPD_01244,CCCCCCCCCCCCCCCC(=O)OCC(CC)CCCC,ACYCLIC::CCCCCCCCCCCCCCCC(=O)OCC(CC)CCCC,0,development,402
CMPD_01245,CCCCCCCCCCCCCCCC(=O)OCCCCCCCCCCCCCCCC(C)C,ACYCLIC::CCCCCCCCCCCCCCCC(=O)OCCCCCCCCCCCCCCCC(C)C,0,development,402
CMPD_01246,CCCCCCCCCCCCCCCC(=O)OCCCCCCCCCCCCCCCCCC(=O)OCCO,ACYCLIC::CCCCCCCCCCCCCCCC(=O)OCCCCCCCCCCCCCCCCCC(=O)OCCO,0,development,402
CMPD_01247,CCCCCCCCCCCCCCCC(=O)OCCOC(=O)CCCCCCCCCCCCCCC,ACYCLIC::CCCCCCCCCCCCCCCC(=O)OCCOC(=O)CCCCCCCCCCCCCCC,0,development,402
CMPD_01248,CCCCCCCCCCCCCCCC[N+](C)(C)CC(=O)O,ACYCLIC::CCCCCCCCCCCCCCCC[N+](C)(C)CC(=O)O,0,development,402
CMPD_01249,CCCCCCCCCCCCCCCC[Si](OCC)(OCC)OCC,ACYCLIC::CCCCCCCCCCCCCCCC[Si](OCC)(OCC)OCC,0,development,402
CMPD_01250,CCCCCCCCCCCCCCCC=CCC1CC(=O)OC1=O,O=C1CCC(=O)O1,0,locked_test,402
CMPD_01251,CCCCCCCCCCCCCCCCBr,ACYCLIC::CCCCCCCCCCCCCCCCBr,0,development,402
CMPD_01252,CCCCCCCCCCCCCCCCC,ACYCLIC::CCCCCCCCCCCCCCCCC,0,development,402
CMPD_01253,CCCCCCCCCCCCCCCCc1c(Oc2ccccc2S(=O)(=O)O)cccc1S(=O)(=O)O,c1ccc(Oc2ccccc2)cc1,0,development,402
CMPD_01254,CCCCCCCCCCCCCCCCc1cccc(C(=O)O)c1O,c1ccccc1,0,development,402
CMPD_01255,CCCCCCCCCCCCCCCCCC,ACYCLIC::CCCCCCCCCCCCCCCCCC,0,development,402
CMPD_01256,CCCCCCCCCCCCCCCCCC(=O)O,ACYCLIC::CCCCCCCCCCCCCCCCCC(=O)O,0,development,402
CMPD_01257,CCCCCCCCCCCCCCCCCC(=O)[O][Al]=[O],ACYCLIC::CCCCCCCCCCCCCCCCCC(=O)[O][Al]=[O],0,development,402
CMPD_01258,CCCCCCCCCCCCCCCCCC(=O)[O][Pb][O][Pb][O][Pb][O]C(=O)CCCCCCCCCCCCCCCCC,ACYCLIC::CCCCCCCCCCCCCCCCCC(=O)[O][Pb][O][Pb][O][Pb][O]C(=O)CCCCCCCCCCCCCCCCC,0,development,402
CMPD_01259,CCCCCCCCCCCCCCCCCC(=O)OC(CCCCCC)CCCCCCCCCCC(=O)OCCCCCCCCCCCCCC(C)C,ACYCLIC::CCCCCCCCCCCCCCCCCC(=O)OC(CCCCCC)CCCCCCCCCCC(=O)OCCCCCCCCCCCCCC(C)C,0,locked_test,402
CMPD_01260,CCCCCCCCCCCCCCCCCC(=O)OC(CO)COC(=O)CCCCCCCCCCCCCCC,ACYCLIC::CCCCCCCCCCCCCCCCCC(=O)OC(CO)COC(=O)CCCCCCCCCCCCCCC,0,development,402
CMPD_01261,CCCCCCCCCCCCCCCCCC(=O)OCC(COC(=O)CCCCCCCCCCCCCCCCC)OC(=O)CCCCCCCCCCCCCCCCC,ACYCLIC::CCCCCCCCCCCCCCCCCC(=O)OCC(COC(=O)CCCCCCCCCCCCCCCCC)OC(=O)CCCCCCCCCCCCCCCCC,0,development,402
CMPD_01262,CCCCCCCCCCCCCCCCCC(=O)OCC(O)CO,ACYCLIC::CCCCCCCCCCCCCCCCCC(=O)OCC(O)CO,0,locked_test,402
CMPD_01263,CCCCCCCCCCCCCCCCCC(=O)OCCCCCCCC,ACYCLIC::CCCCCCCCCCCCCCCCCC(=O)OCCCCCCCC,0,development,402
CMPD_01264,CCCCCCCCCCCCCCCCCC(=O)OCCCCCCCCCCCCCC,ACYCLIC::CCCCCCCCCCCCCCCCCC(=O)OCCCCCCCCCCCCCC,0,development,402
CMPD_01265,CCCCCCCCCCCCCCCCCC(=O)OCCOC(=O)CCCCCCCCCCCCCCCCC,ACYCLIC::CCCCCCCCCCCCCCCCCC(=O)OCCOC(=O)CCCCCCCCCCCCCCCCC,0,development,402
CMPD_01266,CCCCCCCCCCCCCCCCCC(CC)c1ccc(S(=O)(=O)O)cc1,c1ccccc1,0,development,402
CMPD_01267,CCCCCCCCCCCCCCCCCC(N)=O,ACYCLIC::CCCCCCCCCCCCCCCCCC(N)=O,0,development,402
CMPD_01268,CCCCCCCCCCCCCCCCCC[Si](OC)(OC)OC,ACYCLIC::CCCCCCCCCCCCCCCCCC[Si](OC)(OC)OC,0,development,402
CMPD_01269,CCCCCCCCCCCCCCCCCCC1CC(=O)N(CCNCCNCCNCCN2C(=O)CC(CCCCCCCCCCCCCCCCCC)C2=O)C1=O,O=C1CCC(=O)N1CCNCCNCCNCCN1C(=O)CCC1=O,0,development,402
CMPD_01270,CCCCCCCCCCCCCCCCCCCC,ACYCLIC::CCCCCCCCCCCCCCCCCCCC,0,development,402
CMPD_01271,CCCCCCCCCCCCCCCCCCCCc1ccc(S(=O)(=O)O)cc1,c1ccccc1,0,development,402
CMPD_01272,CCCCCCCCCCCCCCCCCCCCCC(=O)O,ACYCLIC::CCCCCCCCCCCCCCCCCCCCCC(=O)O,0,locked_test,402
CMPD_01273,CCCCCCCCCCCCCCCCCCCCCC(=O)OCC(O)CO,ACYCLIC::CCCCCCCCCCCCCCCCCCCCCC(=O)OCC(O)CO,0,development,402
CMPD_01274,CCCCCCCCCCCCCCCCCCCCCC(N)=O,ACYCLIC::CCCCCCCCCCCCCCCCCCCCCC(N)=O,0,development,402
CMPD_01275,CCCCCCCCCCCCCCCCCCCCCCOC(=O)CCCCCCCCC(=O)OCCCCCCCCCCCCCCCCCCCCCC,ACYCLIC::CCCCCCCCCCCCCCCCCCCCCCOC(=O)CCCCCCCCC(=O)OCCCCCCCCCCCCCCCCCCCCCC,0,locked_test,402
CMPD_01276,CCCCCCCCCCCCCCCCCCCCCCOC(=O)CCCCCCCCCCCCCCCCCCCCC,ACYCLIC::CCCCCCCCCCCCCCCCCCCCCCOC(=O)CCCCCCCCCCCCCCCCCCCCC,0,development,402
CMPD_01277,CCCCCCCCCCCCCCCCCCN,ACYCLIC::CCCCCCCCCCCCCCCCCCN,0,development,402
CMPD_01278,CCCCCCCCCCCCCCCCCCN(O)CCCCCCCCCCCCCCCCCC,ACYCLIC::CCCCCCCCCCCCCCCCCCN(O)CCCCCCCCCCCCCCCCCC,0,development,402
CMPD_01279,CCCCCCCCCCCCCCCCCCOC(=O)C=CC(=O)OCCCCCCCCCCCCCCCCCC,ACYCLIC::CCCCCCCCCCCCCCCCCCOC(=O)C=CC(=O)OCCCCCCCCCCCCCCCCCC,0,development,402
CMPD_01280,CCCCCCCCCCCCCCCCCCOC(=O)CCc1cc(C(C)(C)C)c(O)c(C(C)(C)C)c1,c1ccccc1,0,development,402
CMPD_01281,CCCCCCCCCCCCCCCCCCOC(=O)CCSCCC(=O)OCCCCCCCCCCCCCCCCCC,ACYCLIC::CCCCCCCCCCCCCCCCCCOC(=O)CCSCCC(=O)OCCCCCCCCCCCCCCCCCC,0,development,402
CMPD_01282,CCCCCCCCCCCCCCCCCCOP1OCC2(CO1)COP(OCCCCCCCCCCCCCCCCCC)OC2,C1OPOCC12COPOC2,0,development,402
CMPD_01283,CCCCCCCCCCCCCCCCCCP(=O)(O)OC,ACYCLIC::CCCCCCCCCCCCCCCCCCP(=O)(O)OC,0,locked_test,402
CMPD_01284,CCCCCCCCCCCCCCCCCCP(=O)(OC)OC,ACYCLIC::CCCCCCCCCCCCCCCCCCP(=O)(OC)OC,0,development,402
CMPD_01285,CCCCCCCCCCCCCCCCCOC(=O)C=CC(=O)OCCCCCCCCCCCCCCCCC,ACYCLIC::CCCCCCCCCCCCCCCCCOC(=O)C=CC(=O)OCCCCCCCCCCCCCCCCC,0,development,402
CMPD_01286,CCCCCCCCCCCCCCCCCOS(=O)(=O)O,ACYCLIC::CCCCCCCCCCCCCCCCCOS(=O)(=O)O,0,development,402
CMPD_01287,CCCCCCCCCCCCCCCCN,ACYCLIC::CCCCCCCCCCCCCCCCN,0,development,402
CMPD_01288,CCCCCCCCCCCCCCCCOC(=O)c1cc(C(C)(C)C)c(O)c(C(C)(C)C)c1,c1ccccc1,0,development,402
CMPD_01289,CCCCCCCCCCCCCCCCOC(=O)CCCCCCCCCCCCCCC,ACYCLIC::CCCCCCCCCCCCCCCCOC(=O)CCCCCCCCCCCCCCC,0,locked_test,402
CMPD_01290,CCCCCCCCCCCCCCCCOC(=O)Oc1c(Cl)cc(C(=O)OCC)cc1Cl,c1ccccc1,0,development,402
CMPD_01291,CCCCCCCCCCCCCCCCOP(=O)(O)O,ACYCLIC::CCCCCCCCCCCCCCCCOP(=O)(O)O,0,development,402
CMPD_01292,CCCCCCCCCCCCCCCOC(=O)C=CC(=O)OCCCCCCCCCCCCCCC,ACYCLIC::CCCCCCCCCCCCCCCOC(=O)C=CC(=O)OCCCCCCCCCCCCCCC,0,development,402
CMPD_01293,CCCCCCCCCCCCCCCOS(=O)(=O)O,ACYCLIC::CCCCCCCCCCCCCCCOS(=O)(=O)O,0,development,402
CMPD_01294,CCCCCCCCCCCCCCOC(=O)C=CC(=O)OCCCCCCCCCCCCCC,ACYCLIC::CCCCCCCCCCCCCCOC(=O)C=CC(=O)OCCCCCCCCCCCCCC,0,locked_test,402
CMPD_01295,CCCCCCCCCCCCCCOC(=O)CCC(=O)Nc1ccc(-c2nc3c(Cl)c(C(C)(C)C)[nH]n3n2)cc1,c1ccc(-c2nc3cc[nH]n3n2)cc1,0,development,402
CMPD_01296,CCCCCCCCCCCCCCOC(=O)CCCCCCCCCCCCC,ACYCLIC::CCCCCCCCCCCCCCOC(=O)CCCCCCCCCCCCC,0,development,402
CMPD_01297,CCCCCCCCCCCCCN(CC(C)O)CC(C)O,ACYCLIC::CCCCCCCCCCCCCN(CC(C)O)CC(C)O,0,development,402
CMPD_01298,CCCCCCCCCCCCCN1CC(C)OC(C)C1,C1COCCN1,0,development,402
CMPD_01299,CCCCCCCCCCCCCNC(=O)C=CC(=O)O,ACYCLIC::CCCCCCCCCCCCCNC(=O)C=CC(=O)O,0,development,402
CMPD_01300,CCCCCCCCCCCCCO,ACYCLIC::CCCCCCCCCCCCCO,0,development,402
CMPD_01301,CCCCCCCCCCCCCOC(=O)CCCCC(=O)OCCCCCCCCCCCCC,ACYCLIC::CCCCCCCCCCCCCOC(=O)CCCCC(=O)OCCCCCCCCCCCCC,0,development,402
CMPD_01302,CCCCCCCCCCCCN,ACYCLIC::CCCCCCCCCCCCN,0,development,402
CMPD_01303,CCCCCCCCCCCCN(CCC(=O)O)CCC(=O)O,ACYCLIC::CCCCCCCCCCCCN(CCC(=O)O)CCC(=O)O,0,locked_test,402
CMPD_01304,CCCCCCCCCCCCN1CCCC1=O,O=C1CCCN1,0,development,402
CMPD_01305,CCCCCCCCCCCCN1CCCCCC1=O,O=C1CCCCCN1,0,locked_test,402
CMPD_01306,CCCCCCCCCCCCNc1nc(Cl)nc(Nc2ccc3c(O)c(N=Nc4ccc(N=Nc5ccc(S(=O)(=O)O)cc5)cc4)c(S(=O)(=O)O)cc3c2)n1,c1ccc(N=Nc2ccc(N=Nc3ccc4cc(Nc5ncncn5)ccc4c3)cc2)cc1,0,locked_test,402
CMPD_01307,CCCCCCCCCCCCOC(=O)C(C)O,ACYCLIC::CCCCCCCCCCCCOC(=O)C(C)O,0,development,402
CMPD_01308,CCCCCCCCCCCCOC(=O)C=CC(=O)OCCCCCCCCCCCC,ACYCLIC::CCCCCCCCCCCCOC(=O)C=CC(=O)OCCCCCCCCCCCC,0,development,402
CMPD_01309,CCCCCCCCCCCCOC(=O)c1ccccc1,c1ccccc1,0,development,402
CMPD_01310,CCCCCCCCCCCCOC(=O)CCSCCC(=O)OCCCCCCCCCCCC,ACYCLIC::CCCCCCCCCCCCOC(=O)CCSCCC(=O)OCCCCCCCCCCCC,0,development,402
CMPD_01311,CCCCCCCCCCCCOCCO,ACYCLIC::CCCCCCCCCCCCOCCO,0,development,402
CMPD_01312,CCCCCCCCCCCCOCCOCCOCCOCCOCCOCCOCCOCCOCCOCCOCCOCCOCCOCCOCCOCCOCCOCCOCCOCCOCCOCCOCCO,ACYCLIC::CCCCCCCCCCCCOCCOCCOCCOCCOCCOCCOCCOCCOCCOCCOCCOCCOCCOCCOCCOCCOCCOCCOCCOCCOCCOCCOCCO,0,development,402
CMPD_01313,CCCCCCCCCCCCOS(=O)(=O)O,ACYCLIC::CCCCCCCCCCCCOS(=O)(=O)O,0,development,402
CMPD_01314,CCCCCCCCCCCCS,ACYCLIC::CCCCCCCCCCCCS,0,locked_test,402
CMPD_01315,CCCCCCCCCCCOC(=O)c1ccccc1C(=O)OCCCCCCCCCCC,c1ccccc1,0,development,402
CMPD_01316,CCCCCCCCCCCOC1OC(CO)C(O)C(O)C1O,C1CCOCC1,0,development,402
CMPD_01317,CCCCCCCCCCO,ACYCLIC::CCCCCCCCCCO,0,development,402
CMPD_01318,CCCCCCCCCCOS(=O)(=O)O,ACYCLIC::CCCCCCCCCCOS(=O)(=O)O,0,locked_test,402
CMPD_01319,CCCCCCCCCN(CCCCCCCCC)CCCCCCCCC,ACYCLIC::CCCCCCCCCN(CCCCCCCCC)CCCCCCCCC,0,locked_test,402
CMPD_01320,CCCCCCCCCO,ACYCLIC::CCCCCCCCCO,0,development,402
CMPD_01321,CCCCCCCCCOC(=O)c1ccc(C(=O)OCCCCCCCCC)c(C(=O)OCCCCCCCCC)c1,c1ccccc1,0,development,402
CMPD_01322,CCCCCCCCCOC(=O)c1ccccc1C(=O)OCCCCCCCC,c1ccccc1,0,development,402
CMPD_01323,CCCCCCCCCOC(C)=O,ACYCLIC::CCCCCCCCCOC(C)=O,0,development,402
CMPD_01324,CCCCCCCCCOS(=O)(=O)O,ACYCLIC::CCCCCCCCCOS(=O)(=O)O,0,development,402
CMPD_01325,CCCCCCCCN,ACYCLIC::CCCCCCCCN,1,development,402
CMPD_01326,CCCCCCCCN(C)C,ACYCLIC::CCCCCCCCN(C)C,0,development,402
CMPD_01327,CCCCCCCCN(CCO)CCO,ACYCLIC::CCCCCCCCN(CCO)CCO,0,development,402
CMPD_01328,CCCCCCCCN1CCCC1=O,O=C1CCCN1,0,development,402
CMPD_01329,CCCCCCCCNC(=O)Nc1ccc(Cc2ccc(NC(=O)NCCCCCCCC)cc2)cc1,c1ccc(Cc2ccccc2)cc1,0,locked_test,402
CMPD_01330,CCCCCCCCOC(=O)C(C)Oc1ccc(Cl)cc1C,c1ccccc1,0,development,402
CMPD_01331,CCCCCCCCOC(=O)C=CC(=O)OCCCCCCCC,ACYCLIC::CCCCCCCCOC(=O)C=CC(=O)OCCCCCCCC,0,development,402
CMPD_01332,CCCCCCCCOC(=O)c1ccc(C(=O)OCCCCCCCC)c(C(=O)OCCCCCCCC)c1,c1ccccc1,0,development,402
CMPD_01333,CCCCCCCCOC(=O)c1ccccc1C(=O)OCCCCCCCC,c1ccccc1,0,development,402
CMPD_01334,CCCCCCCCOC(=O)CCCCCCC,ACYCLIC::CCCCCCCCOC(=O)CCCCCCC,0,development,402
CMPD_01335,CCCCCCCCOC(=O)OCCCCCCCC,ACYCLIC::CCCCCCCCOC(=O)OCCCCCCCC,0,locked_test,402
CMPD_01336,CCCCCCCCOc1ccc(C(=O)c2ccccc2)c(O)c1,O=C(c1ccccc1)c1ccccc1,0,development,402
CMPD_01337,CCCCCCCCOCCCCCCCC,ACYCLIC::CCCCCCCCOCCCCCCCC,0,development,402
CMPD_01338,CCCCCCCCOS(=O)(=O)O,ACYCLIC::CCCCCCCCOS(=O)(=O)O,0,development,402
CMPD_01339,CCCCCCCCP(=O)(O)O,ACYCLIC::CCCCCCCCP(=O)(O)O,0,locked_test,402
CMPD_01340,CCCCCCCCSC(=O)Oc1cc(Cl)nnc1-c1ccccc1,c1ccc(-c2cccnn2)cc1,0,locked_test,402
CMPD_01341,CCCCCCCCSCc1cc(C)c(O)c(CSCCCCCCCC)c1,c1ccccc1,0,development,402
CMPD_01342,CCCCCCCOCC(C)CC=O,ACYCLIC::CCCCCCCOCC(C)CC=O,0,development,402
CMPD_01343,CCCCCCCOCC(COCCCCCCC)(COCCCCCCC)COCCCCCCC,ACYCLIC::CCCCCCCOCC(COCCCCCCC)(COCCCCCCC)COCCCCCCC,0,development,402
CMPD_01344,CCCCCCCSC,ACYCLIC::CCCCCCCSC,1,locked_test,402
CMPD_01345,CCCCCCOC(=O)CCCCC(=O)OCCCCCC,ACYCLIC::CCCCCCOC(=O)CCCCC(=O)OCCCCCC,0,development,402
CMPD_01346,CCCCCCOc1ccc(NNC=O)cc1,c1ccccc1,0,development,402
CMPD_01347,CCCCCCOCCCCCC,ACYCLIC::CCCCCCOCCCCCC,0,development,402
CMPD_01348,CCCCCCOCCOCCO,ACYCLIC::CCCCCCOCCOCCO,1,development,402
CMPD_01349,CCCCCCOP(=O)(O)O,ACYCLIC::CCCCCCOP(=O)(O)O,0,development,402
CMPD_01350,CCCCCO,ACYCLIC::CCCCCO,0,development,402
CMPD_01351,CCCCCOC(=O)CC,ACYCLIC::CCCCCOC(=O)CC,0,development,402
CMPD_01352,CCCCl,ACYCLIC::CCCCl,0,development,402
CMPD_01353,CCCCN,ACYCLIC::CCCCN,1,locked_test,402
CMPD_01354,CCCCN(C=O)CCCC,ACYCLIC::CCCCN(C=O)CCCC,1,development,402
CMPD_01355,CCCCN(c1nc(NCCCN(CCN(CCCNc2nc(N(CCCC)C3CC(C)(C)N(C)C(C)(C)C3)nc(N(CCCC)C3CC(C)(C)N(C)C(C)(C)C3)n2)c2nc(N(CCCC)C3CC(C)(C)N(C)C(C)(C)C3)nc(N(CCCC)C3CC(C)(C)N(C)C(C)(C)C3)n2)c2nc(N(CCCC)C3CC(C)(C)N(C)C(C)(C)C3)nc(N(CCCC)C3CC(C)(C)N(C)C(C)(C)C3)n2)nc(N(CCCC)C2CC(C)(C)N(C)C(C)(C)C2)n1)C1CC(C)(C)N(C)C(C)(C)C1,C(CNc1nc(NC2CCNCC2)nc(NC2CCNCC2)n1)CN(CCN(CCCNc1nc(NC2CCNCC2)nc(NC2CCNCC2)n1)c1nc(NC2CCNCC2)nc(NC2CCNCC2)n1)c1nc(NC2CCNCC2)nc(NC2CCNCC2)n1,0,development,402
CMPD_01356,CCCCN(CC)C(=O)SCCC,ACYCLIC::CCCCN(CC)C(=O)SCCC,0,development,402
CMPD_01357,CCCCN(CC)c1c([N+](=O)[O-])cc(C(F)(F)F)cc1[N+](=O)[O-],c1ccccc1,0,development,402
CMPD_01358,CCCCN(CCCC)C(=S)S,ACYCLIC::CCCCN(CCCC)C(=S)S,1,locked_test,402
CMPD_01359,CCCCN(CCCC)C(=S)SCSC(=S)N(CCCC)CCCC,ACYCLIC::CCCCN(CCCC)C(=S)SCSC(=S)N(CCCC)CCCC,0,development,402
CMPD_01360,CCCCN(CCCC)c1ccc(C(=O)c2ccccc2C(=O)O)c(O)c1,O=C(c1ccccc1)c1ccccc1,0,development,402
CMPD_01361,CCCCN(CCCC)c1ccc2c(c1)Oc1cc(C)c(Nc3ccccc3)cc1C21OC(=O)c2ccccc21,O=C1OC2(c3ccccc3Oc3ccc(Nc4ccccc4)cc32)c2ccccc21,0,development,402
CMPD_01362,CCCCN(CCCC)S(=O)(=O)c1ccc(Cl)cc1,c1ccccc1,0,development,402
CMPD_01363,CCCCN(CCO)CCCC,ACYCLIC::CCCCN(CCO)CCCC,1,development,402
CMPD_01364,CCCCN(CCO)CCO,ACYCLIC::CCCCN(CCO)CCO,0,locked_test,402
CMPD_01365,CCCCN1CCCC1,C1CCNC1,1,development,402
CMPD_01366,CCCCN1CCCC1=O,O=C1CCCN1,0,development,402
CMPD_01367,CCCCNC(=O)OCC#CI,ACYCLIC::CCCCNC(=O)OCC#CI,0,locked_test,402
CMPD_01368,CCCCNC1(P(=O)(OCCCC)OCCCC)CCCCC1,C1CCCCC1,0,locked_test,402
CMPD_01369,CCCCNc1ccc(NCCCC)c2c1C(=O)c1ccccc1C2=O,O=C1c2ccccc2C(=O)c2ccccc21,0,development,402
CMPD_01370,CCCCNCCCC,ACYCLIC::CCCCNCCCC,1,development,402
CMPD_01371,CCCCNP(N)(N)=S,ACYCLIC::CCCCNP(N)(N)=S,0,development,402
CMPD_01372,CCCCNS(=O)(=O)c1ccccc1,c1ccccc1,0,development,402
CMPD_01373,CCCCO,ACYCLIC::CCCCO,0,development,402
CMPD_01374,CCCCO[P+](=O)OCCCC,ACYCLIC::CCCCO[P+](=O)OCCCC,0,development,402
CMPD_01375,CCCC[O][Tl]([O]CCCC)[O]CCCC,ACYCLIC::CCCC[O][Tl]([O]CCCC)[O]CCCC,0,locked_test,402
CMPD_01376,CCCCOC(=O)C(C)Oc1ccc(Oc2ccc(C#N)cc2F)cc1,c1ccc(Oc2ccccc2)cc1,0,development,402
CMPD_01377,CCCCOC(=O)C(C)Oc1ccc(Oc2ccc(C(F)(F)F)cn2)cc1,c1ccc(Oc2ccccn2)cc1,0,development,402
CMPD_01378,C=CC(=O)OCCCC,ACYCLIC::C=CC(=O)OCCCC,1,development,402
CMPD_01379,CCCCOC(=O)C=CC(=O)OCCCC,ACYCLIC::CCCCOC(=O)C=CC(=O)OCCCC,0,locked_test,402
CMPD_01380,CCCCOC(=O)C1(O)c2ccccc2-c2ccccc21,c1ccc2c(c1)Cc1ccccc1-2,1,development,402
CMPD_01381,CCCCOC(=O)c1ccc(C(=O)OCCCC)cc1,c1ccccc1,0,development,402
CMPD_01382,CCCCOC(=O)c1ccccc1C(=O)OCc1ccccc1,O=C(OCc1ccccc1)c1ccccc1,0,development,402
CMPD_01383,CCCCOC(=O)c1ccccc1N=Nc1c(O)c(C(=O)Nc2ccc3[nH]c(=O)[nH]c3c2)cc2ccccc12,O=C(Nc1ccc2[nH]c(=O)[nH]c2c1)c1cc(N=Nc2ccccc2)c2ccccc2c1,0,development,402
CMPD_01384,CCCCOC(=O)c1ccccc1Nc1cccc(C(F)(F)F)c1,c1ccc(Nc2ccccc2)cc1,0,development,402
CMPD_01385,CCCCOC(=O)CC,ACYCLIC::CCCCOC(=O)CC,0,development,402
CMPD_01386,CCCCOC(=O)COC(=O)COc1ccc(Cl)cc1Cl,c1ccccc1,0,development,402
CMPD_01387,CCCCOC(=O)N(C)SN(C)C(=O)Oc1cccc2c1OC(C)(C)C2,c1ccc2c(c1)CCO2,0,development,402
CMPD_01388,CCCCOC(NC(=O)c1ccccc1O)C(Cl)(Cl)Cl,c1ccccc1,0,development,402
CMPD_01389,CCCCOC(O)CC,ACYCLIC::CCCCOC(O)CC,0,development,402
CMPD_01390,CCCCOc1ccc(CC(=O)NO)cc1,c1ccccc1,0,development,402
CMPD_01391,CCCCOCC(C)O,ACYCLIC::CCCCOCC(C)O,0,development,402
CMPD_01392,CCCCOCC(C)OCC(C)O,ACYCLIC::CCCCOCC(C)OCC(C)O,0,development,402
CMPD_01393,CCCCOCCO[Si](OCCOCCCC)(OCCOCCCC)OCCOCCCC,ACYCLIC::CCCCOCCO[Si](OCCOCCCC)(OCCOCCCC)OCCOCCCC,0,development,402
CMPD_01394,CCCCOCCOC(=O)c1ccccc1,c1ccccc1,0,development,402
CMPD_01395,CCCCOCCOC(=O)CCCCC(=O)OCCOCCCC,ACYCLIC::CCCCOCCOC(=O)CCCCC(=O)OCCOCCCC,0,locked_test,402
CMPD_01396,CCCCOCCOC(C)=O,ACYCLIC::CCCCOCCOC(C)=O,1,development,402
CMPD_01397,CCCCOCCOCCOC(=O)CCC(=O)OCCOCCOCCCC,ACYCLIC::CCCCOCCOCCOC(=O)CCC(=O)OCCOCCOCCCC,0,development,402
CMPD_01398,CCCCOCCOCCOC(=O)CCCCC(=O)OCCOCCOCCCC,ACYCLIC::CCCCOCCOCCOC(=O)CCCCC(=O)OCCOCCOCCCC,0,development,402
CMPD_01399,CCCCOCCOCCOC(OCCOCCOCCCC)c1ccc2c(c1)OCO2,c1ccc2c(c1)OCO2,0,locked_test,402
CMPD_01400,CCCCOCCOCCOCc1cc2c(cc1CCC)OCO2,c1ccc2c(c1)OCO2,0,locked_test,402
CMPD_01401,CCCCOCCOCCOCCCC,ACYCLIC::CCCCOCCOCCOCCCC,0,locked_test,402
CMPD_01402,CCCCOCCOCCOCOCCOCCOCCCC,ACYCLIC::CCCCOCCOCCOCOCCOCCOCCCC,0,development,402
CMPD_01403,CCCCOCCOCCSC#N,ACYCLIC::CCCCOCCOCCSC#N,1,development,402
CMPD_01404,CCCCOCCOP(=O)(OCCOCCCC)OCCOCCCC,ACYCLIC::CCCCOCCOP(=O)(OCCOCCCC)OCCOCCCC,0,locked_test,402
CMPD_01405,CCCCOCOCCCC,ACYCLIC::CCCCOCOCCCC,0,development,402
CMPD_01406,CCCCOP(=O)(OCCCC)OCCCC,ACYCLIC::CCCCOP(=O)(OCCCC)OCCCC,0,development,402
CMPD_01407,CCCCO[PH](=O)OCCCC,ACYCLIC::CCCCO[PH](=O)OCCCC,1,development,402
CMPD_01408,CCCCOP(=S)(S)OCCCC,ACYCLIC::CCCCOP(=S)(S)OCCCC,0,development,402
CMPD_01409,CCCCOP(C)(=O)CCC(C#N)OC(C)=O,ACYCLIC::CCCCOP(C)(=O)CCC(C#N)OC(C)=O,0,development,402
CMPD_01410,CCCCSC(=Nc1cccnc1)SCc1ccc(C(C)(C)C)cc1,C(=Nc1cccnc1)SCc1ccccc1,0,development,402
CMPD_01411,CCCCSCCSP(=S)(OCC)OCC,ACYCLIC::CCCCSCCSP(=S)(OCC)OCC,1,development,402
CMPD_01412,CCCCSP(=O)(SCCCC)SCCCC,ACYCLIC::CCCCSP(=O)(SCCCC)SCCCC,1,development,402
CMPD_01413,CCCCSP(SCCCC)SCCCC,ACYCLIC::CCCCSP(SCCCC)SCCCC,1,development,402
CMPD_01414,CCCN,ACYCLIC::CCCN,1,development,402
CMPD_01415,CCCN(C)C,ACYCLIC::CCCN(C)C,0,locked_test,402
CMPD_01416,CCCN(CC1CC1)c1c([N+](=O)[O-])cc(C(F)(F)F)cc1[N+](=O)[O-],c1ccc(NCC2CC2)cc1,0,development,402
CMPD_01417,CCCN(CCC)C(=O)CN(CC)P(=S)(OCC)OCC,ACYCLIC::CCCN(CCC)C(=O)CN(CC)P(=S)(OCC)OCC,0,development,402
CMPD_01418,CCCN(CCC)C(=O)SCC,ACYCLIC::CCCN(CCC)C(=O)SCC,0,locked_test,402
CMPD_01419,CCCN(CCC)C(=O)SCc1ccccc1,c1ccccc1,0,development,402
CMPD_01420,CCCN(CCC)c1c([N+](=O)[O-])cc(C(F)(F)F)c(N)c1[N+](=O)[O-],c1ccccc1,0,development,402
CMPD_01421,CCCN(CCC)c1c([N+](=O)[O-])cc(S(C)(=O)=O)cc1[N+](=O)[O-],c1ccccc1,0,development,402
CMPD_01422,CCCN(CCC)CCC,ACYCLIC::CCCN(CCC)CCC,1,development,402
CMPD_01423,CCCN(CCCl)c1c([N+](=O)[O-])cc(C(F)(F)F)cc1[N+](=O)[O-],c1ccccc1,0,development,402
CMPD_01424,CCCN(CCOc1c(Cl)cc(Cl)cc1Cl)C(=O)n1ccnc1,O=C(NCCOc1ccccc1)n1ccnc1,0,development,402
CMPD_01425,CCCNCC(O)COc1ccccc1C(=O)CCc1ccccc1,O=C(CCc1ccccc1)c1ccccc1,0,development,402
CMPD_01426,CCCNCCC,ACYCLIC::CCCNCCC,1,development,402
CMPD_01427,CCCNCCO,ACYCLIC::CCCNCCO,1,development,402
CMPD_01428,CCCOC(=O)C(C)O,ACYCLIC::CCCOC(=O)C(C)O,0,development,402
CMPD_01429,CCCOC(=O)c1ccc(C(=O)OCCC)nc1,c1ccncc1,0,locked_test,402
CMPD_01430,CCCOC(=O)COc1cccc(C(C)(C)C)c1,c1ccccc1,0,development,402
CMPD_01431,CCCOC(=O)NCCCN(C)C,ACYCLIC::CCCOC(=O)NCCCN(C)C,0,development,402
CMPD_01432,CCCOC(C)=O,ACYCLIC::CCCOC(C)=O,0,locked_test,402
CMPD_01433,CCCOC/C(=N/c1ccc(Cl)cc1C(F)(F)F)n1ccnc1,C(=Nc1ccccc1)n1ccnc1,0,locked_test,402
CMPD_01434,CCCOc1nn(C(=O)NS(=O)(=O)c2ccccc2C(=O)OC)c(=O)n1C,O=C(NS(=O)(=O)c1ccccc1)n1nc[nH]c1=O,0,development,402
CMPD_01435,CCCOCC(C)OCC(C)O,ACYCLIC::CCCOCC(C)OCC(C)O,0,development,402
CMPD_01436,CCCOCCN(C(=O)CCl)c1c(CC)cccc1CC,c1ccccc1,0,development,402
CMPD_01437,CCCOCCO,ACYCLIC::CCCOCCO,1,locked_test,402
CMPD_01438,CCCOP(=O)(OCCC)Oc1ccc(SC)cc1,c1ccccc1,1,development,402
CMPD_01439,CCCOP(=S)(OCCC)OP(=S)(OCCC)OCCC,ACYCLIC::CCCOP(=S)(OCCC)OP(=S)(OCCC)OCCC,1,development,402
CMPD_01440,CCCOP(=S)(OCCC)SCC(=O)N1CCCCC1C,C1CCNCC1,0,locked_test,402
CMPD_01441,CCCP1(=O)OP(=O)(CCC)OP(=O)(CCC)O1,O=[PH]1O[PH](=O)O[PH](=O)O1,0,locked_test,402
CMPD_01442,CCCSc1nc(Cl)c([N+](=O)[O-])c(Cl)n1,c1cncnc1,1,development,402
CMPD_01443,CCCSP(=O)(OCC)Oc1c(Cl)cc(Cl)cc1Cl,c1ccccc1,1,development,402
CMPD_01444,CCCSP(=O)(OCC)Oc1ccc(Br)cc1Cl,c1ccccc1,0,development,402
CMPD_01445,CCCSP(=O)(OCC)Oc1cnn(-c2ccc(Cl)cc2)c1,c1ccc(-n2cccn2)cc1,0,development,402
CMPD_01446,CCCSP(=O)(OCC)SCCC,ACYCLIC::CCCSP(=O)(OCC)SCCC,1,development,402
CMPD_01447,CCCSP(=S)(OCC)Oc1ccc(Cl)cc1Cl,c1ccccc1,0,development,402
CMPD_01448,CCCSP(=S)(OCC)Oc1ccc(SC)cc1,c1ccccc1,0,development,402
CMPD_01449,CCN,ACYCLIC::CCN,1,locked_test,402
CMPD_01450,CCN(C(=O)N(CC)c1ccccc1)c1ccccc1,O=C(Nc1ccccc1)Nc1ccccc1,0,locked_test,402
CMPD_01451,CCN(C(=O)SCc1ccccc1)C(C)C(C)C,c1ccccc1,0,development,402
CMPD_01452,CCN(C)C,ACYCLIC::CCN(C)C,0,locked_test,402
CMPD_01453,CCN(c1cccc(S(=O)(=O)CCOS(=O)(=O)O)c1)c1nc(Cl)nc(Nc2ccc3c(O)c(N=Nc4ccc(OC)cc4S(=O)(=O)O)c(S(=O)(=O)O)cc3c2)n1,c1ccc(N=Nc2ccc3cc(Nc4ncnc(Nc5ccccc5)n4)ccc3c2)cc1,0,development,402
CMPD_01454,CCN(c1ccccc1)c1nc(Cl)nc(Nc2cc(S(=O)(=O)O)cc3cc(S(=O)(=O)O)c(N=Nc4cc(NC(=O)C(Br)CBr)ccc4S(=O)(=O)O)c(O)c23)n1,c1ccc(N=Nc2ccc3cccc(Nc4ncnc(Nc5ccccc5)n4)c3c2)cc1,0,development,402
CMPD_01455,CCN(c1ccccc1)c1nc(Cl)nc(Nc2cc(S(=O)(=O)O)cc3cc(S(=O)(=O)O)c(N=Nc4ccc5ccccc5c4S(=O)(=O)O)c(O)c23)n1,c1ccc(Nc2ncnc(Nc3cccc4ccc(N=Nc5ccc6ccccc6c5)cc34)n2)cc1,0,development,402
CMPD_01456,CCN(c1ccccc1)c1nc(Cl)nc(Nc2cc(S(=O)(=O)O)cc3cc(S(=O)(=O)O)c(N=Nc4ccccc4S(=O)(=O)O)c(O)c23)n1,c1ccc(N=Nc2ccc3cccc(Nc4ncnc(Nc5ccccc5)n4)c3c2)cc1,0,development,402
CMPD_01457,CCN(CC)C(=O)C(C)Oc1cccc2ccccc12,c1ccc2ccccc2c1,0,development,402
CMPD_01458,CCN(CC)C(=O)C(Cl)=C(C)OP(=O)(OC)OC,ACYCLIC::CCN(CC)C(=O)C(Cl)=C(C)OP(=O)(OC)OC,1,development,402
CMPD_01459,CCN(CC)C(=O)c1cccc(C)c1,c1ccccc1,0,development,402
CMPD_01460,CCN(CC)C(=O)Cc1ccccc1,c1ccccc1,1,development,402
CMPD_01461,CCN(CC)C(=O)CCl,ACYCLIC::CCN(CC)C(=O)CCl,1,development,402
CMPD_01462,CCN(CC)C(=O)SCc1ccc(Cl)cc1,c1ccccc1,0,development,402
CMPD_01463,CCN(CC)C(=S)S,ACYCLIC::CCN(CC)C(=S)S,0,development,402
CMPD_01464,CCN(CC)C(=S)SSC(=S)N(CC)CC,ACYCLIC::CCN(CC)C(=S)SSC(=S)N(CC)CC,0,development,402
CMPD_01465,CCN(CC)c1ccc(C=O)c(O)c1,c1ccccc1,0,development,402
CMPD_01466,CCN(CC)c1ccc(N=Nc2c(C#N)cc([N+](=O)[O-])cc2C#N)c(C)c1,c1ccc(N=Nc2ccccc2)cc1,0,development,402
CMPD_01467,CCN(CC)c1ccc2c(c1)Oc1cc(C)c(Nc3ccc(C)cc3C)cc1C21OC(=O)c2ccccc21,O=C1OC2(c3ccccc3Oc3ccc(Nc4ccccc4)cc32)c2ccccc21,0,development,402
CMPD_01468,CCN(CC)c1ccc2c(c1)Oc1cc(N(CC)CC)ccc1C21OC(=O)c2ccccc21,O=C1OC2(c3ccccc3Oc3ccccc32)c2ccccc21,0,development,402
CMPD_01469,CCN(CC)c1ccc2cc(C3(S(=O)(=O)O)Nc4cc(S(N)(=O)=O)ccc4O3)c(=O)oc2c1,O=c1oc2ccccc2cc1C1Nc2ccccc2O1,0,development,402
CMPD_01470,CCN(CC)c1ccc2cc(-c3nc4cc(S(N)(=O)=O)ccc4o3)c(=O)oc2c1,O=c1oc2ccccc2cc1-c1nc2ccccc2o1,0,development,402
CMPD_01471,CCN(CC)c1ccccc1,c1ccccc1,0,development,402
CMPD_01472,CCN(CC)CC,ACYCLIC::CCN(CC)CC,1,development,402
CMPD_01473,CCN(CC)CCCN,ACYCLIC::CCN(CC)CCCN,1,development,402
CMPD_01474,CCN(CC)CCN,ACYCLIC::CCN(CC)CCN,1,development,402
CMPD_01475,CCN(CC)CCO,ACYCLIC::CCN(CC)CCO,1,development,402
CMPD_01476,CCN(CC)CCOc1ccc2nc(N(C)C)sc2c1,c1ccc2scnc2c1,1,development,402
CMPD_01477,CCN(CC)S(=O)(=O)c1ccc(C(=O)NCc2ccc3c(c2)cc(C)n3C)cc1,O=C(NCc1ccc2[nH]ccc2c1)c1ccccc1,0,development,402
CMPD_01478,CCN(Cc1c(F)cccc1Cl)c1c([N+](=O)[O-])cc(C(F)(F)F)cc1[N+](=O)[O-],c1ccc(CNc2ccccc2)cc1,0,development,402
CMPD_01479,CCN(Cc1ccc(Cl)nc1)/C(C[N+](=O)[O-])=N/C,c1ccncc1,0,locked_test,402
CMPD_01480,CCN(CCC(C)C)c1ccc2c(c1)Oc1cc(C)c(Nc3ccccc3)cc1C21OC(=O)c2ccccc21,O=C1OC2(c3ccccc3Oc3ccc(Nc4ccccc4)cc32)c2ccccc21,0,development,402
CMPD_01481,CCN(CCCl)c1ccc(C=O)cc1,c1ccccc1,0,development,402
CMPD_01482,CCN(CCCl)CCCl,ACYCLIC::CCN(CCCl)CCCl,1,locked_test,402
CMPD_01483,CCN(CCOC(C)OCC(C)C)c1ccc(N=Nc2ccccc2)cc1,c1ccc(N=Nc2ccccc2)cc1,0,development,402
CMPD_01484,CCN(CCOc1ccc(C2CCCCC2)cc1)c1ccc(C=C(C#N)C#N)c(C)c1,c1ccc(NCCOc2ccc(C3CCCCC3)cc2)cc1,0,development,402
CMPD_01485,CCN(O)CC,ACYCLIC::CCN(O)CC,1,locked_test,402
CMPD_01486,CCN(OC(=O)c1ccccc1)C(=O)c1c(OC)ccc(Cl)c1OC,O=C(NOC(=O)c1ccccc1)c1ccccc1,0,development,402
CMPD_01487,CCN=C1C=CC(=C(c2ccc(NCC)cc2)c2ccc(NCC)c(C)c2)C=C1,N=C1C=CC(=C(c2ccccc2)c2ccccc2)C=C1,0,development,402
CMPD_01488,CCN=P(S)(OC)OC(C)=CC(=O)OC(C)C,ACYCLIC::CCN=P(S)(OC)OC(C)=CC(=O)OC(C)C,1,development,402
CMPD_01489,CCN=P(S)(OC)Oc1cc(Cl)c(Cl)cc1Cl,c1ccccc1,0,development,402
CMPD_01490,CCN1C(=O)C(C(N)=O)=C(C)/C(=N/Nc2cc(Nc3nc(Cl)nc(Nc4cccc(S(=O)(=O)CCOS(=O)(=O)O)c4)n3)ccc2S(=O)(=O)O)C1=O,O=C1C=CC(=NNc2cccc(Nc3ncnc(Nc4ccccc4)n3)c2)C(=O)N1,0,development,402
CMPD_01491,CCN1C(=O)C(CS(=O)(=O)O)=C(C)/C(=N/Nc2cc(Nc3nc(Cl)nc(Nc4ccc(S(=O)(=O)O)cc4)n3)ccc2S(=O)(=O)O)C1=O,O=C1C=CC(=NNc2cccc(Nc3ncnc(Nc4ccccc4)n3)c2)C(=O)N1,0,development,402
CMPD_01492,CCn1c(O)c(/N=N/c2ccc(N=Nc3cc(OCCO)c(N/N=C4\C(=O)c5c(O)cc(S(=O)(=O)O)cc5C=C4S(=O)(=O)O)cc3OCCO)c(S(=O)(=O)O)c2)c(C)c(C(N)=O)c1=O,O=C1C(=NNc2ccc(N=Nc3ccc(N=Nc4ccc(=O)[nH]c4)cc3)cc2)C=Cc2ccccc21,0,development,402
CMPD_01493,CCn1cc(C(=O)O)c(=O)c2cc3c(cc21)OCO3,O=c1cc[nH]c2cc3c(cc12)OCO3,0,development,402
CMPD_01494,CCN1CCCC1=O,O=C1CCCN1,0,development,402
CMPD_01495,CCNC(=O)CSP(=S)(OC)OC,ACYCLIC::CCNC(=O)CSP(=S)(OC)OC,0,development,402
CMPD_01496,CCNC(=O)NC(=O)C(C#N)=NOC,ACYCLIC::CCNC(=O)NC(=O)C(C#N)=NOC,0,development,402
CMPD_01497,CCNc1ccccc1,c1ccccc1,1,development,402
CMPD_01498,CCNc1nc(Cl)nc(NC(C)(C)C#N)n1,c1ncncn1,1,development,402
CMPD_01499,CCNc1nc(Cl)nc(NC(C)(C)C)n1,c1ncncn1,0,development,402
CMPD_01500,CCNc1nc(Cl)nc(NCC(=O)O)n1,c1ncncn1,0,development,402
CMPD_01501,CCNc1nc(NC(C)(C)C)nc(OC)n1,c1ncncn1,0,development,402
CMPD_01502,CCNc1nc(NC(C)(C)C)nc(SC)n1,c1ncncn1,0,development,402
CMPD_01503,CCNc1nc(NC(C)C(C)C)nc(SC)n1,c1ncncn1,0,development,402
CMPD_01504,CCNc1nc(NC(C)C)nc(SC)n1,c1ncncn1,0,development,402
CMPD_01505,CCNc1nc(Nc2ccccc2)nc(Nc2ccc(C=Cc3ccc(Nc4nc(NCC)nc(Nc5ccccc5)n4)cc3S(=O)(=O)O)c(S(=O)(=O)O)c2)n1,C(=Cc1ccc(Nc2ncnc(Nc3ccccc3)n2)cc1)c1ccc(Nc2ncnc(Nc3ccccc3)n2)cc1,0,development,402
CMPD_01506,CCNc1nc(NCC)nc(SC)n1,c1ncncn1,0,development,402
CMPD_01507,CCNCC,ACYCLIC::CCNCC,1,development,402
CMPD_01508,CCNCCO,ACYCLIC::CCNCCO,0,development,402
CMPD_01509,CCNP(=S)(OC)O/C(C)=C/C(=O)OC(C)C,ACYCLIC::CCNP(=S)(OC)O/C(C)=C/C(=O)OC(C)C,1,development,402
CMPD_01510,CCO[PH](=O)O,ACYCLIC::CCO[PH](=O)O,0,development,402
CMPD_01511,CCO[Si](C)(CCCCl)OCC,ACYCLIC::CCO[Si](C)(CCCCl)OCC,0,development,402
CMPD_01512,CCO[Si](C)(CCCCN)OCC,ACYCLIC::CCO[Si](C)(CCCCN)OCC,1,development,402
CMPD_01513,CCO[Si](C)(CCCOCC1CO1)OCC,C1CO1,0,development,402
CMPD_01514,CCO[Si](C)(OCC)OCC,ACYCLIC::CCO[Si](C)(OCC)OCC,0,development,402
CMPD_01515,CCO[Si](CC(C)C)(OCC)OCC,ACYCLIC::CCO[Si](CC(C)C)(OCC)OCC,0,locked_test,402
CMPD_01516,CCO[Si](CC(C)CC(C)(C)C)(OCC)OCC,ACYCLIC::CCO[Si](CC(C)CC(C)(C)C)(OCC)OCC,0,development,402
CMPD_01517,CCO[Si](CCC1CCC2OC2C1)(OCC)OCC,C1CCC2OC2C1,0,development,402
CMPD_01518,CCO[Si](CCCCl)(OCC)OCC,ACYCLIC::CCO[Si](CCCCl)(OCC)OCC,0,development,402
CMPD_01519,CCO[Si](CCCNC(N)=O)(OCC)OCC,ACYCLIC::CCO[Si](CCCNC(N)=O)(OCC)OCC,0,development,402
CMPD_01520,CCO[Si](CCCSC#N)(OCC)OCC,ACYCLIC::CCO[Si](CCCSC#N)(OCC)OCC,0,development,402
CMPD_01521,CCO[Si](CCCSSCCC[Si](OCC)(OCC)OCC)(OCC)OCC,ACYCLIC::CCO[Si](CCCSSCCC[Si](OCC)(OCC)OCC)(OCC)OCC,0,development,402
CMPD_01522,CCO[Si](CN1CCOCC1)(OCC)OCC,C1COCCN1,0,development,402
CMPD_01523,CCOC(=O)C(=Cc1ccc(C=C(C(=O)OCC)C(=O)OCC)cc1)C(=O)OCC,c1ccccc1,0,development,402
CMPD_01524,CCOC(=O)C(=O)OCC,ACYCLIC::CCOC(=O)C(=O)OCC,0,development,402
CMPD_01525,CCOC(=O)C(Br)CC,ACYCLIC::CCOC(=O)C(Br)CC,0,development,402
CMPD_01526,CCOC(=O)C(C#N)=C(c1ccccc1)c1ccccc1,C=C(c1ccccc1)c1ccccc1,0,development,402
CMPD_01527,CCOC(=O)C(C)(C)Br,ACYCLIC::CCOC(=O)C(C)(C)Br,0,development,402
CMPD_01528,CCOC(=O)C(C)C1CCCCC1,C1CCCCC1,0,locked_test,402
CMPD_01529,CCOC(=O)C(C)CC,ACYCLIC::CCOC(=O)C(C)CC,0,development,402
CMPD_01530,CCOC(=O)C(C)OC(=O)c1cc(Oc2ccc(C(F)(F)F)cc2Cl)ccc1[N+](=O)[O-],c1ccc(Oc2ccccc2)cc1,0,development,402
CMPD_01531,CCOC(=O)C(C)Oc1ccc(Oc2cnc3cc(Cl)ccc3n2)cc1,c1ccc(Oc2cnc3ccccc3n2)cc1,1,development,402
CMPD_01532,CCOC(=O)C(C)Oc1ccc(Oc2nc3ccc(Cl)cc3o2)cc1,c1ccc(Oc2nc3ccccc3o2)cc1,0,development,402
CMPD_01533,CCOC(=O)C(C)Oc1ccc(Oc2nc3ccc(Cl)cc3s2)cc1,c1ccc(Oc2nc3ccccc3s2)cc1,0,locked_test,402
CMPD_01534,CCOC(=O)C(Cl)=Cc1cc(N2C(=O)C3=C(CCCC3)C2=O)ccc1Cl,O=C1C2=C(CCCC2)C(=O)N1c1ccccc1,0,development,402
CMPD_01535,CCOC(=O)C(Cl)Cc1cc(-n2nc(C)n(C(F)F)c2=O)c(F)cc1Cl,O=c1[nH]cnn1-c1ccccc1,0,development,402
CMPD_01536,CCOC(=O)C(F)(F)F,ACYCLIC::CCOC(=O)C(F)(F)F,0,development,402
CMPD_01537,CCOC(=O)C(O)(c1ccc(Cl)cc1)c1ccc(Cl)cc1,c1ccc(Cc2ccccc2)cc1,0,locked_test,402
CMPD_01538,CCOC(=O)C(SP(=S)(OC)OC)c1ccccc1,c1ccccc1,1,development,402
CMPD_01539,CCOC(=O)C=C(C)C=CCC(C)CCCC(C)C,ACYCLIC::CCOC(=O)C=C(C)C=CCC(C)CCCC(C)C,0,development,402
CMPD_01540,CCOC(=O)C=C(NC)C(F)(F)F,ACYCLIC::CCOC(=O)C=C(NC)C(F)(F)F,0,development,402
CMPD_01541,CCOC(=O)C=CC(=O)OCC,ACYCLIC::CCOC(=O)C=CC(=O)OCC,0,development,402
CMPD_01542,CCOC(=O)C1(C)OC(=O)N(c2cc(Cl)cc(Cl)c2)C1=O,O=C1COC(=O)N1c1ccccc1,0,development,402
CMPD_01543,CCOC(=O)c1[nH]n(-c2ccccc2)c(=O)c1N=Nc1ccc(-c2ccc(/N=N/c3c(C(=O)OCC)[nH]n(-c4ccccc4)c3=O)c(Cl)c2)cc1Cl,O=c1c(N=Nc2ccc(-c3ccc(N=Nc4c[nH]n(-c5ccccc5)c4=O)cc3)cc2)c[nH]n1-c1ccccc1,0,development,402
CMPD_01544,CCOC(=O)C1=NN(c2ccc(Cl)cc2Cl)C(C)(C(=O)OCC)C1,C1=NN(c2ccccc2)CC1,0,development,402
CMPD_01545,CCOC(=O)C1=NOC(c2ccccc2)(c2ccccc2)C1,C1=NOC(c2ccccc2)(c2ccccc2)C1,0,locked_test,402
CMPD_01546,CCOC(=O)C1C(C)CCCC1(C)C,C1CCCCC1,0,locked_test,402
CMPD_01547,CCOC(=O)C1C2C=CC(C2)C1C(C)C,C1=CC2CCC1C2,0,development,402
CMPD_01548,CCOC(=O)C1CC(=O)C(=C(O)C2CC2)C(=O)C1,O=C1CCCC(=O)C1=CC1CC1,0,development,402
CMPD_01549,CCOC(=O)C1CCC(C(=O)OCC)CC1,C1CCCCC1,0,locked_test,402
CMPD_01550,CCOC(=O)c1ccc(N=CN(C)c2ccccc2)cc1,C(=Nc1ccccc1)Nc1ccccc1,0,development,402
CMPD_01551,CCOC(=O)c1cn[nH]c1N,c1cn[nH]c1,0,locked_test,402
CMPD_01552,CCOC(=O)c1cn2nc(OP(=S)(OCC)OCC)cc2nc1C,c1cnc2ccnn2c1,0,development,402
CMPD_01553,CCOC(=O)c1cnn(C)c1S(=O)(=O)NC(=O)Nc1nc(OC)cc(OC)n1,O=C(Nc1ncccn1)NS(=O)(=O)c1ccn[nH]1,0,development,402
CMPD_01554,CCOC(=O)c1nc(C(Cl)(Cl)Cl)n(-c2ccc(Cl)cc2Cl)n1,c1ccc(-n2cncn2)cc1,0,development,402
CMPD_01555,CCOC(=O)c1nn(-c2ccc(OC)cc2)c2c1CCN(c1ccc([N+](=O)[O-])cc1)C2=O,O=C1c2c(cnn2-c2ccccc2)CCN1c1ccccc1,0,locked_test,402
CMPD_01556,CCOC(=O)c1nn(-c2ccc(OC)cc2)c2c1CCN(c1ccc(N3CCCCC3=O)cc1)C2=O,O=C1CCCCN1c1ccc(N2CCc3cnn(-c4ccccc4)c3C2=O)cc1,0,development,402
CMPD_01557,CCOC(=O)C1OC1(C)c1ccccc1,c1ccc(C2CO2)cc1,0,development,402
CMPD_01558,CCOC(=O)CC,ACYCLIC::CCOC(=O)CC,0,development,402
CMPD_01559,CCOC(=O)CC(C)=O,ACYCLIC::CCOC(=O)CC(C)=O,0,development,402
CMPD_01560,CCOC(=O)CC(C)C,ACYCLIC::CCOC(=O)CC(C)C,0,development,402
CMPD_01561,CCOC(=O)CC(NC1CCC(CC2CCC(NC(CC(=O)OCC)C(=O)OCC)C(C)C2)CC1C)C(=O)OCC,C1CCC(CC2CCCCC2)CC1,0,development,402
CMPD_01562,CCOC(=O)Cc1[nH]nc2ccc(Cl)cc12,c1ccc2n[nH]cc2c1,0,locked_test,402
CMPD_01563,CCOC(=O)CCCOc1ccc(Cl)cc1C,c1ccccc1,0,development,402
CMPD_01564,CCOC(=O)CCl,ACYCLIC::CCOC(=O)CCl,1,development,402
CMPD_01565,CCOC(=O)CCN(Cc1ccccc1)SN(C)C(=O)ON=C(C)SC,c1ccccc1,0,development,402
CMPD_01566,CCOC(=O)CCN(SN(C)C(=O)Oc1cccc2c1OC(C)(C)C2)C(C)C,c1ccc2c(c1)CCO2,0,development,402
CMPD_01567,CCOC(=O)CCSP(=S)(OC(C)C)OC(C)C,ACYCLIC::CCOC(=O)CCSP(=S)(OC(C)C)OC(C)C,0,development,402
CMPD_01568,CCOC(=O)Cl,ACYCLIC::CCOC(=O)Cl,0,locked_test,402
CMPD_01569,CCOC(=O)Cn1c(=O)sc2cccc(Cl)c21,O=c1[nH]c2ccccc2s1,0,development,402
CMPD_01570,CCOC(=O)CNc1nc(Cl)nc(NC(C)C)n1,c1ncncn1,0,development,402
CMPD_01571,CCOC(=O)COc1cc(-c2nn(C)c(OC(F)F)c2Cl)c(F)cc1Cl,c1ccc(-c2cc[nH]n2)cc1,0,development,402
CMPD_01572,CCOC(=O)CP(=O)(OCC)OCC,ACYCLIC::CCOC(=O)CP(=O)(OCC)OCC,0,development,402
CMPD_01573,CCOC(=O)CSc1nc(C(C)(C)C)nn1C(=O)N(C)C,c1nc[nH]n1,0,development,402
CMPD_01574,CCOC(=O)CSP(=O)(OC)OC,ACYCLIC::CCOC(=O)CSP(=O)(OC)OC,1,development,402
CMPD_01575,CCOC(N)=O,ACYCLIC::CCOC(N)=O,1,development,402
CMPD_01576,CCOC(=O)N(C)C(=O)CSP(=S)(OCC)OCC,ACYCLIC::CCOC(=O)N(C)C(=O)CSP(=S)(OCC)OCC,1,locked_test,402
CMPD_01577,CCOC(=O)NC(=S)Nc1ccccc1NC(=S)NC(=O)OCC,c1ccccc1,0,development,402
CMPD_01578,CCOC(=O)Nc1cccc(OC(=O)Nc2ccccc2)c1,O=C(Nc1ccccc1)Oc1ccccc1,0,development,402
CMPD_01579,CCOC(=O)NCCOc1ccc(Oc2ccccc2)cc1,c1ccc(Oc2ccccc2)cc1,0,development,402
CMPD_01580,CCOC(C)(C)C,ACYCLIC::CCOC(C)(C)C,0,development,402
CMPD_01581,CCOC(C)=O,ACYCLIC::CCOC(C)=O,0,locked_test,402
CMPD_01582,CCOC(F)(C(F)(F)C(F)(F)C(F)(F)F)C(F)(C(F)(F)F)C(F)(F)F,ACYCLIC::CCOC(F)(C(F)(F)C(F)(F)C(F)(F)F)C(F)(C(F)(F)F)C(F)(F)F,0,development,402
CMPD_01583,CCOC=O,ACYCLIC::CCOC=O,0,development,402
CMPD_01584,CCOC1C(C)CCCC1C,C1CCCCC1,0,locked_test,402
CMPD_01585,CCOc1cc(C(C)(C)C)ccc1C1COC(c2c(F)cccc2F)=N1,c1ccc(C2=NC(c3ccccc3)CO2)cc1,0,development,402
CMPD_01586,CCOC1CC(C)CC(C)(C)C1,C1CCCCC1,0,locked_test,402
CMPD_01587,CCOc1cc(C=O)ccc1O,c1ccccc1,0,development,402
CMPD_01588,CCOc1cc(OP(=S)(OC)OC)nc(CC)n1,c1cncnc1,0,development,402
CMPD_01589,CCOc1cc2c(cc1NC(=O)c1ccccc1)Oc1c(NC(C)=O)c3c(c(NC(C)=O)c1=N2)Oc1cc(NC(=O)c2ccccc2)c(OCC)cc1N=3,O=C(Nc1ccc2c(c1)Oc1cc3c(cc1=N2)Oc1cc(NC(=O)c2ccccc2)ccc1N=3)c1ccccc1,0,development,402
CMPD_01590,CCOc1ccc([N+](=O)[O-])cc1,c1ccccc1,0,development,402
CMPD_01591,CCOc1ccc(C(C)(C)COCc2cccc(Oc3ccccc3)c2)cc1,c1ccc(CCOCc2cccc(Oc3ccccc3)c2)cc1,0,development,402
CMPD_01592,CCOc1ccc(C2(C(=O)OC(C#N)c3cccc(Oc4ccccc4)c3)CC2(Cl)Cl)cc1,O=C(OCc1cccc(Oc2ccccc2)c1)C1(c2ccccc2)CC1,0,development,402
CMPD_01593,CCOc1ccc(NC(=O)/C(=N/Nc2ccc(-c3ccc(N/N=C(\C(C)=O)C(=O)Nc4ccc(OCC)cc4)c(Cl)c3)cc2Cl)C(C)=O)cc1,O=C(C=NNc1ccc(-c2ccc(NN=CC(=O)Nc3ccccc3)cc2)cc1)Nc1ccccc1,0,locked_test,402
CMPD_01594,CCOc1ccc(NC(=O)OC(C)C)cc1OCC,c1ccccc1,0,development,402
CMPD_01595,CCOc1ccc2c(c1)C(C)=CC(C)(C)N2,C1=Cc2ccccc2NC1,0,development,402
CMPD_01596,CCOc1ccc2ccccc2c1,c1ccc2ccccc2c1,0,development,402
CMPD_01597,CCOc1ccccc1C(=O)O,c1ccccc1,0,development,402
CMPD_01598,CCOc1ccccc1NC(=O)C(=O)Nc1ccccc1CC,O=C(Nc1ccccc1)C(=O)Nc1ccccc1,0,development,402
CMPD_01599,CCOc1ccccc1NC(=O)c1cc2ccccc2c(N=Nc2ccc(C(N)=O)cc2)c1O,O=C(Nc1ccccc1)c1cc(N=Nc2ccccc2)c2ccccc2c1,0,development,402
CMPD_01600,CCOc1ccccc1OS(=O)(=O)NC(=O)Nc1nc(OC)cc(OC)n1,O=C(Nc1ncccn1)NS(=O)(=O)Oc1ccccc1,0,development,402
CMPD_01601,CCOc1nc(NC)nc(NC(=O)NS(=O)(=O)c2ccccc2C(=O)OC)n1,O=C(Nc1ncncn1)NS(=O)(=O)c1ccccc1,0,development,402
CMPD_01602,CCOc1nc2cccc(C(=O)OC)c2n1Cc1ccc(-c2ccccc2-c2nn[nH]n2)cc1,c1ccc(-c2nn[nH]n2)c(-c2ccc(Cn3cnc4ccccc43)cc2)c1,0,development,402
CMPD_01603,CCOCC,ACYCLIC::CCOCC,0,development,402
CMPD_01604,CCOCC(C)O,ACYCLIC::CCOCC(C)O,0,development,402
CMPD_01605,CCOCC1CCC(COCC)CC1,C1CCCCC1,0,locked_test,402
CMPD_01606,CCOCCc1ccc(OCCNc2ncnc(CC)c2Cl)c(C)c1C,c1ccc(OCCNc2ccncn2)cc1,0,locked_test,402
CMPD_01607,CCOCCCC(C)OCCOCC(C)CO,ACYCLIC::CCOCCCC(C)OCCOCC(C)CO,0,development,402
CMPD_01608,CCOCCCOC(O)CC,ACYCLIC::CCOCCCOC(O)CC,0,development,402
CMPD_01609,CCOCCN,ACYCLIC::CCOCCN,1,development,402
CMPD_01610,CCOCCN(C(=O)CCl)C(=C(C)C)c1ccccc1,c1ccccc1,0,development,402
CMPD_01611,CCOCCO,ACYCLIC::CCOCCO,0,locked_test,402
CMPD_01612,CCOCCOC(=O)C(C)Oc1ccc(Oc2ncc(C(F)(F)F)cc2Cl)cc1,c1ccc(Oc2ccccn2)cc1,0,development,402
CMPD_01613,C=CC(=O)OCCOCC,ACYCLIC::C=CC(=O)OCCOCC,1,development,402
CMPD_01614,CCOCCOC(C)(C)C,ACYCLIC::CCOCCOC(C)(C)C,0,development,402
CMPD_01615,CCOCCOCCOC,ACYCLIC::CCOCCOCCOC,0,development,402
CMPD_01616,CCOCN(C(=O)CCl)c1c(C)cccc1CC,c1ccccc1,0,development,402
CMPD_01617,CCOCOC1CCCCCCCCCCC1,C1CCCCCCCCCCC1,0,development,402
CMPD_01618,CCON=C(CC)C1C(=O)CC(c2c(C)cc(C)cc2C)CC1=O,O=C1CC(=O)CC(c2ccccc2)C1,0,development,402
CMPD_01619,CCOP(=O)(C#N)N(C)C,ACYCLIC::CCOP(=O)(C#N)N(C)C,1,development,402
CMPD_01620,CCOP(=O)(Cc1cc(C(C)(C)C)c(O)c(C(C)(C)C)c1)OCC,c1ccccc1,0,development,402
CMPD_01621,CCOP(=O)(NC(C)C)Oc1ccc(SC)c(C)c1,c1ccccc1,1,development,402
CMPD_01622,CCOP(=O)(Oc1ccc([N+](=O)[O-])cc1)SCC,c1ccccc1,1,development,402
CMPD_01623,CCOP(=O)(Oc1ccc(Cl)cc1Cl)Oc1ccc(Cl)cc1Cl,O=[PH](Oc1ccccc1)Oc1ccccc1,0,development,402
CMPD_01624,CCOP(=O)(OCC)OC(=CBr)c1ccc(Cl)cc1Cl,c1ccccc1,0,development,402
CMPD_01625,CCOP(=O)(OCC)OC(=CCl)c1ccc(Cl)cc1Cl,c1ccccc1,1,development,402
CMPD_01626,CCOP(=O)(OCC)OCn1c(=O)oc2cc(Cl)ccc21,O=c1[nH]c2ccccc2o1,1,development,402
CMPD_01627,CCOP(=O)(OCC)ON1C(=O)c2cccc3cccc(c23)C1=O,O=C1NC(=O)c2cccc3cccc1c23,1,locked_test,402
CMPD_01628,CCOP(=O)(OCC)OP(=O)(N(C)C)N(C)C,ACYCLIC::CCOP(=O)(OCC)OP(=O)(N(C)C)N(C)C,1,locked_test,402
CMPD_01629,CCOP(=O)(OCC)OP(=O)(OCC)OCC,ACYCLIC::CCOP(=O)(OCC)OP(=O)(OCC)OCC,1,locked_test,402
CMPD_01630,CCOP(=O)(OCC)SCC(=O)NC(C)(C)C#N,ACYCLIC::CCOP(=O)(OCC)SCC(=O)NC(C)(C)C#N,1,development,402
CMPD_01631,CCOP(=O)(OCC)SCC[N+](C)(C)C,ACYCLIC::CCOP(=O)(OCC)SCC[N+](C)(C)C,1,development,402
CMPD_01632,CCOP(=O)(OP(=O)(OCC)N(C)C)N(C)C,ACYCLIC::CCOP(=O)(OP(=O)(OCC)N(C)C)N(C)C,1,development,402
CMPD_01633,CCOP(=O)(SC(C)CC)N1CCSC1=O,O=C1NCCS1,1,development,402
CMPD_01634,CCOP(=O)(SC(C)CC)SC(C)CC,ACYCLIC::CCOP(=O)(SC(C)CC)SC(C)CC,1,development,402
CMPD_01635,CCOP(=O)(Sc1ccccc1)Sc1ccccc1,O=[PH](Sc1ccccc1)Sc1ccccc1,1,development,402
CMPD_01636,CCOP(=O)=O,ACYCLIC::CCOP(=O)=O,0,locked_test,402
CMPD_01637,CCOP(=S)(CC)Oc1cc(Cl)c(Cl)cc1Cl,c1ccccc1,1,development,402
CMPD_01638,CCOP(=S)(CC)Sc1ccccc1,c1ccccc1,1,development,402
CMPD_01639,CCOP(=S)(Cl)Cl,ACYCLIC::CCOP(=S)(Cl)Cl,1,development,402
CMPD_01640,CCOP(=S)(Cl)OCC,ACYCLIC::CCOP(=S)(Cl)OCC,1,development,402
CMPD_01641,CCOP(=S)(OC)Oc1cc(Cl)c(Cl)cc1Cl,c1ccccc1,1,development,402
CMPD_01642,CCOP(=S)(Oc1ccc([N+](=O)[O-])cc1)c1ccccc1,S=[PH](Oc1ccccc1)c1ccccc1,1,development,402
CMPD_01643,CCOP(=S)(Oc1ccc(C#N)cc1)c1ccccc1,S=[PH](Oc1ccccc1)c1ccccc1,0,development,402
CMPD_01644,CCOP(=S)(Oc1cccc2cccnc12)c1ccccc1,S=[PH](Oc1cccc2cccnc12)c1ccccc1,1,development,402
CMPD_01645,CCOP(=S)(OCC)Oc1cc(C)nc(N(CC)CC)n1,c1cncnc1,1,development,402
CMPD_01646,CCOP(=S)(OCC)Oc1cc(-c2ccccc2)on1,c1ccc(-c2ccno2)cc1,1,development,402
CMPD_01647,CCOP(=S)(OCC)Oc1cc(Cl)c(Br)cc1Cl,c1ccccc1,1,development,402
CMPD_01648,CCOP(=S)(OCC)Oc1cc(Cl)c(SC)cc1Cl,c1ccccc1,1,development,402
CMPD_01649,CCOP(=S)(OCC)Oc1ccc([N+](=O)[O-])cc1,c1ccccc1,1,development,402
CMPD_01650,CCOP(=S)(OCC)Oc1ccc(=O)n(-c2ccccc2)n1,O=c1cccnn1-c1ccccc1,0,locked_test,402
CMPD_01651,CCOP(=S)(OCC)Oc1ccc(Cl)cc1Cl,c1ccccc1,1,development,402
CMPD_01652,CCOP(=S)(OCC)Oc1ccc(S(C)=O)cc1,c1ccccc1,1,development,402
CMPD_01653,CCOP(=S)(OCC)Oc1ccc2c(C)c(Cl)c(=O)oc2c1,O=c1ccc2ccccc2o1,1,development,402
CMPD_01654,CCOP(=S)(OCC)Oc1ccc2c3c(c(=O)oc2c1)CCCC3,O=c1oc2ccccc2c2c1CCCC2,1,development,402
CMPD_01655,CCOP(=S)(OCC)Oc1cnc2ccccc2n1,c1ccc2nccnc2c1,1,development,402
CMPD_01656,CCOP(=S)(OCC)Oc1cnccn1,c1cnccn1,1,locked_test,402
CMPD_01657,CCOP(=S)(OCC)Oc1nc(Cl)c(Cl)cc1Cl,c1ccncc1,1,locked_test,402
CMPD_01658,CCOP(=S)(OCC)Oc1nc(Cl)n(C(C)C)n1,c1nc[nH]n1,1,development,402
CMPD_01659,CCOP(=S)(OCC)Oc1ncn(-c2ccccc2)n1,c1ccc(-n2cncn2)cc1,1,development,402
CMPD_01660,CCOP(=S)(OCC)ON=C(C#N)c1ccccc1,c1ccccc1,1,development,402
CMPD_01661,CCOP(=S)(OCC)OP(=S)(OCC)OCC,ACYCLIC::CCOP(=S)(OCC)OP(=S)(OCC)OCC,1,development,402
CMPD_01662,CCOP(=S)(OCC)SC(CCl)N1C(=O)c2ccccc2C1=O,O=C1NC(=O)c2ccccc21,1,development,402
CMPD_01663,CCOP(=S)(OCC)SC1OCCOC1SP(=S)(OCC)OCC,C1COCCO1,1,development,402
CMPD_01664,CCOP(=S)(OCC)SCC(=O)NC(C)C,ACYCLIC::CCOP(=S)(OCC)SCC(=O)NC(C)C,1,development,402
CMPD_01665,CCOP(=S)(OCC)SCCl,ACYCLIC::CCOP(=S)(OCC)SCCl,1,development,402
CMPD_01666,CCOP(=S)(OCC)SCCS(=O)CC,ACYCLIC::CCOP(=S)(OCC)SCCS(=O)CC,1,locked_test,402
CMPD_01667,CCOP(=S)(OCC)SCCSCC,ACYCLIC::CCOP(=S)(OCC)SCCSCC,1,development,402
CMPD_01668,CCOP(=S)(OCC)SCn1c(=O)oc2cc(Cl)ccc21,O=c1[nH]c2ccccc2o1,1,development,402
CMPD_01669,CCOP(=S)(OCC)SCn1nnc2ccccc2c1=O,O=c1[nH]nnc2ccccc12,0,development,402
CMPD_01670,CCOP(=S)(OCC)SCSC(C)(C)C,ACYCLIC::CCOP(=S)(OCC)SCSC(C)(C)C,1,development,402
CMPD_01671,CCOP(=S)(OCC)SCSc1cc(Cl)ccc1Cl,c1ccccc1,1,development,402
CMPD_01672,CCOP(=S)(OCC)SCSc1ccc(Cl)cc1,c1ccccc1,1,development,402
CMPD_01673,CCOP(=S)(OCC)SCSCC,ACYCLIC::CCOP(=S)(OCC)SCSCC,1,development,402
CMPD_01674,CCOP(=S)(OCC)SCSP(=S)(OCC)OCC,ACYCLIC::CCOP(=S)(OCC)SCSP(=S)(OCC)OCC,1,development,402
CMPD_01675,CCOP(Oc1c(C)cc(C(C)(C)C)cc1C(C)(C)C)Oc1c(C)cc(C(C)(C)C)cc1C(C)(C)C,c1ccc(OPOc2ccccc2)cc1,0,development,402
CMPD_01676,CCOP(OCC)OCC,ACYCLIC::CCOP(OCC)OCC,0,development,402
CMPD_01677,CCOP(S)(=NC(C)C)Oc1ccccc1C(=O)OC(C)C,c1ccccc1,1,development,402
CMPD_01678,CCOP(S)(=NC(C)CC)Oc1cc(C)ccc1[N+](=O)[O-],c1ccccc1,0,development,402
CMPD_01679,CCOS(=O)(=O)OCC,ACYCLIC::CCOS(=O)(=O)OCC,1,development,402
CMPD_01680,CCS,ACYCLIC::CCS,0,development,402
CMPD_01681,CCS(=O)(=O)c1cccnc1S(=O)(=O)NC(=O)Nc1nc(OC)cc(OC)n1,O=C(Nc1ncccn1)NS(=O)(=O)c1ccccn1,0,development,402
CMPD_01682,CCS(=O)(=O)c1nc2ccccn2c1S(=O)(=O)NC(=O)Nc1nc(OC)cc(OC)n1,O=C(Nc1ncccn1)NS(=O)(=O)c1cnc2ccccn12,0,development,402
CMPD_01683,CCS(=O)(=O)c1nnc(N(C)C(=O)NC)s1,c1nncs1,0,development,402
CMPD_01684,CCS(=O)(=O)CCSP(=O)(OC)OC,ACYCLIC::CCS(=O)(=O)CCSP(=O)(OC)OC,1,locked_test,402
CMPD_01685,CCS(=O)(=O)Oc1ccc2c(c1)C(C)(C)CO2,c1ccc2c(c1)CCO2,0,development,402
CMPD_01686,CCS(=O)c1c(C#N)nn(-c2c(Cl)cc(C(F)(F)F)cc2Cl)c1N,c1ccc(-n2cccn2)cc1,0,development,402
CMPD_01687,CCS(=O)CC(C)SP(=O)(OC)OC,ACYCLIC::CCS(=O)CC(C)SP(=O)(OC)OC,1,development,402
CMPD_01688,CCS(=O)CCSP(=O)(OC)OC,ACYCLIC::CCS(=O)CCSP(=O)(OC)OC,1,development,402
CMPD_01689,CCS(=O)CSP(=S)(OC(C)C)OC(C)C,ACYCLIC::CCS(=O)CSP(=S)(OC(C)C)OC(C)C,1,development,402
CMPD_01690,CCSC,ACYCLIC::CCSC,0,development,402
CMPD_01691,CCSC(=O)N(CC)C1CCCCC1,C1CCCCC1,0,locked_test,402
CMPD_01692,CCSc1nnc(C(C)(C)C)c(=O)n1N,O=c1cnnc[nH]1,0,development,402
CMPD_01693,CCSCCSP(=O)(OC)OC,ACYCLIC::CCSCCSP(=O)(OC)OC,1,development,402
CMPD_01694,CCSCCSP(=S)(OC)OC,ACYCLIC::CCSCCSP(=S)(OC)OC,1,development,402
CMPD_01695,CCSP(=O)(CCl)SCC,ACYCLIC::CCSP(=O)(CCl)SCC,1,development,402
CMPD_01696,CI,ACYCLIC::CI,0,development,402
CMPD_01697,Cl[As](Cl)c1ccccc1,c1ccccc1,1,development,402
CMPD_01698,C=CC(=C)Cl,ACYCLIC::C=CC(=C)Cl,1,locked_test,402
CMPD_01699,N#CC(Cl)(Cl)Cl,ACYCLIC::N#CC(Cl)(Cl)Cl,1,development,402
CMPD_01700,ClC(Cl)(Cl)Cl,ACYCLIC::ClC(Cl)(Cl)Cl,0,development,402
CMPD_01701,ClC(Cl)c1ccccc1,c1ccccc1,0,development,402
CMPD_01702,ClC=C[As](Cl)Cl,ACYCLIC::ClC=C[As](Cl)Cl,1,development,402
CMPD_01703,ClC=CCCl,ACYCLIC::ClC=CCCl,1,development,402
CMPD_01704,ClC=CCl,ACYCLIC::ClC=CCl,0,development,402
CMPD_01705,ClC1(Cl)C2(Cl)C3(Cl)C4(Cl)C(Cl)(Cl)C5(Cl)C3(Cl)C1(Cl)C5(Cl)C24Cl,C1C2C3C4CC5C3C1C5C24,0,development,402
CMPD_01706,ClC1=C(Cl)C(Cl)(C2(Cl)C(Cl)=C(Cl)C(Cl)=C2Cl)C(Cl)=C1Cl,C1=CC(C2C=CC=C2)C=C1,0,development,402
CMPD_01707,ClC1=C(Cl)C(Cl)(Cl)C(Cl)=C1Cl,C1=CCC=C1,1,development,402
CMPD_01708,ClC1=C(Cl)C2(Cl)C3C(Cl)C(Cl)CC3C1(Cl)C2(Cl)Cl,C1=CC2CC1C1CCCC21,1,development,402
CMPD_01709,ClC1=C(Cl)C2(Cl)C3C(Cl)C=CC3C1(Cl)C2(Cl)Cl,C1=CC2C3C=CC(C3)C2C1,1,development,402
CMPD_01710,ClC1=C(Cl)C2(Cl)C3C(Cl)OC(Cl)C3C1(Cl)C2(Cl)Cl,C1=CC2CC1C1COCC21,1,development,402
CMPD_01711,ClC1=C(Cl)C2(Cl)C3C4CC(C5OC45)C3C1(Cl)C2(Cl)Cl,C1=CC2CC1C1C3CC(C4OC34)C21,1,development,402
CMPD_01712,ClC1=C(Cl)C2(Cl)C3CC=CC3C1(Cl)C2(Cl)Cl,C1=CC2C3C=CC(C3)C2C1,1,development,402
CMPD_01713,Clc1c(Cl)c(Br)c2c(c1Cl)C1=Nc3c4c(Cl)c(Br)c(Cl)c(Br)c4c4[n]3[Cu][n]3c(c5c(Cl)c(Br)c(Cl)c(Br)c5c3=NC3=NC(=N4)c4c(Cl)c(Cl)c(Br)c(Cl)c43)=NC2=N1,c1ccc2c(c1)C1=NC2=Nc2c3ccccc3c3[n]2[Cu][n]2c(c4ccccc4c2=NC2=NC(=N3)c3ccccc32)=N1,0,locked_test,402
CMPD_01714,ClC1C(Cl)C(Cl)C(Cl)C(Cl)C1Cl,C1CCCCC1,1,locked_test,402
CMPD_01715,Clc1cc(Cl)c(Cl)c(Cl)c1Cl,c1ccccc1,0,development,402
CMPD_01716,Clc1cc(Cl)c2c(c1Cl)C1=NC2N=C2c3c(Cl)c(Cl)c(Cl)c(Cl)c3C3N=C4N=C(N=c5c6c(Cl)c(Cl)c(Cl)c(Cl)c6c([n]5[Cu][N]23)=N1)c1c(Cl)c(Cl)c(Cl)c(Cl)c14,c1ccc2c(c1)C1=NC2=NC2c3ccccc3C3=NC4N=C(N=c5c6ccccc6c([n]5[Cu][N]32)=N1)c1ccccc14,0,development,402
CMPD_01717,Clc1cc(Cl)nc(-c2ccccc2)n1,c1ccc(-c2ncccn2)cc1,0,development,402
CMPD_01718,Clc1ccc(C(c2ccc(Cl)cc2)C(Cl)(Cl)Cl)cc1,c1ccc(Cc2ccccc2)cc1,1,locked_test,402
CMPD_01719,Clc1ccc(C(c2ccccc2)N2CCNCC2)cc1,c1ccc(C(c2ccccc2)N2CCNCC2)cc1,0,locked_test,402
CMPD_01720,Clc1ccc(C(Cl)(Cl)Cl)c(Cl)c1,c1ccccc1,0,development,402
CMPD_01721,Clc1ccc(C2(Cn3cncn3)CC(Br)CO2)c(Cl)c1,c1ccc(C2(Cn3cncn3)CCCO2)cc1,0,development,402
CMPD_01722,Clc1ccc(C2(Cn3cncn3)OCCO2)c(Cl)c1,c1ccc(C2(Cn3cncn3)OCCO2)cc1,0,locked_test,402
CMPD_01723,O=C1c2ccccc2C(=O)C1C(=O)C(c1ccccc1)c1ccc(Cl)cc1,O=C1c2ccccc2C(=O)C1C(=O)C(c1ccccc1)c1ccccc1,1,development,402
CMPD_01724,Clc1ccc(C(Cl)(Cl)Cl)cc1,c1ccccc1,1,development,402
CMPD_01725,Clc1ccc(Cl)c(Cl)c1,c1ccccc1,0,development,402
CMPD_01726,Clc1ccc(CSC(Cn2cncn2)=Nc2ccc(Cl)cc2Cl)cc1,c1ccc(CSC(Cn2cncn2)=Nc2ccccc2)cc1,0,development,402
CMPD_01727,Clc1ccc(N2CCN(c3ccc(Cl)cc3)C2C(Cl)(Cl)Cl)cc1,c1ccc(N2CCN(c3ccccc3)C2)cc1,0,development,402
CMPD_01728,Clc1ccc2c(c1)C1=NC2=Nc2c3cc(Cl)ccc3c3[n]2[Cu][n]2c(c4ccc(Cl)cc4c2=NC2=NC(=N3)c3cc(Cl)ccc32)=N1,c1ccc2c(c1)C1=NC2=Nc2c3ccccc3c3[n]2[Cu][n]2c(c4ccccc4c2=NC2=NC(=N3)c3ccccc32)=N1,0,locked_test,402
CMPD_01729,Clc1ccc2nc(Cl)oc2c1,c1ccc2ocnc2c1,1,locked_test,402
CMPD_01730,Clc1cccc(C(Cl)(Cl)Cl)n1,c1ccncc1,0,locked_test,402
CMPD_01731,Clc1cccc(Cl)c1NC1=NCCN1,c1ccc(NC2=NCCN2)cc1,1,development,402
CMPD_01732,Clc1ccccc1C(Cl)(Cl)Cl,c1ccccc1,0,development,402
CMPD_01733,Clc1ccccc1-c1nnc(-c2ccccc2Cl)nn1,c1ccc(-c2nnc(-c3ccccc3)nn2)cc1,1,development,402
CMPD_01734,Clc1nc(Cl)nc(Cl)n1,c1ncncn1,0,development,402
CMPD_01735,Clc1nc(Cl)nc(Nc2ccccc2Cl)n1,c1ccc(Nc2ncncn2)cc1,0,development,402
CMPD_01736,N#CCCl,ACYCLIC::N#CCCl,1,locked_test,402
CMPD_01737,C=C(Cl)CCl,ACYCLIC::C=C(Cl)CCl,1,development,402
CMPD_01738,ClCC(Cl)CCl,ACYCLIC::ClCC(Cl)CCl,1,development,402
CMPD_01739,ClCC=CCCl,ACYCLIC::ClCC=CCCl,1,locked_test,402
CMPD_01740,ClCC1C(CCl)C2(Cl)C(Cl)=C(Cl)C1(Cl)C2(Cl)Cl,C1=CC2CCC1C2,1,development,402
CMPD_01741,ClCc1ccc(Cl)cc1,c1ccccc1,1,development,402
CMPD_01742,ClCc1cccc(Oc2ccccc2)c1,c1ccc(Oc2ccccc2)cc1,0,development,402
CMPD_01743,ClCc1cccc2ccccc12,c1ccc2ccccc2c1,0,development,402
CMPD_01744,ClCc1ccccc1Cl,c1ccccc1,1,development,402
CMPD_01745,ClCC1CO1,C1CO1,1,development,402
CMPD_01746,ClCCCBr,ACYCLIC::ClCCCBr,0,development,402
CMPD_01747,ClCCCCBr,ACYCLIC::ClCCCCBr,0,development,402
CMPD_01748,ClCCCCCCCl,ACYCLIC::ClCCCCCCCl,0,development,402
CMPD_01749,ClCCN(CCCl)CCCl,ACYCLIC::ClCCN(CCCl)CCCl,1,development,402
CMPD_01750,ClCCOCCCl,ACYCLIC::ClCCOCCCl,1,development,402
CMPD_01751,ClCCOCCOCCCl,ACYCLIC::ClCCOCCOCCCl,1,development,402
CMPD_01752,ClCCOCOCCCl,ACYCLIC::ClCCOCOCCCl,0,development,402
CMPD_01753,ClCCSCCCl,ACYCLIC::ClCCSCCCl,1,development,402
CMPD_01754,ClCOCCl,ACYCLIC::ClCOCCl,1,development,402
CMPD_01755,O=P(Cl)(Cl)Cl,ACYCLIC::O=P(Cl)(Cl)Cl,1,development,402
CMPD_01756,ClP(Cl)(Cl)(Cl)Cl,ACYCLIC::ClP(Cl)(Cl)(Cl)Cl,1,development,402
CMPD_01757,CN(C(=O)CF)c1cccc2ccccc12,c1ccc2ccccc2c1,1,development,402
CMPD_01758,CN(C(=O)COc1nc2ccccc2s1)c1ccccc1,O=C(COc1nc2ccccc2s1)Nc1ccccc1,0,locked_test,402
CMPD_01759,CN(C)C,ACYCLIC::CN(C)C,0,locked_test,402
CMPD_01760,CN(C)C(=O)C(c1ccccc1)c1ccccc1,c1ccc(Cc2ccccc2)cc1,0,locked_test,402
CMPD_01761,CN(C)C(=O)Nc1cc(C(C)(C)C)on1,c1cnoc1,0,development,402
CMPD_01762,CN(C)C(=O)NC1CC2CC1C1CCCC21,C1CC2C3CCC(C3)C2C1,0,development,402
CMPD_01763,CN(C)C(=O)Nc1ccc(Cl)c(Cl)c1,c1ccccc1,0,development,402
CMPD_01764,CN(C)C(=O)Nc1ccc(Cl)cc1,c1ccccc1,0,development,402
CMPD_01765,CN(C)C(=O)Nc1ccc(Oc2ccc(Cl)cc2)cc1,c1ccc(Oc2ccccc2)cc1,0,development,402
CMPD_01766,CN(C)C(=O)Nc1cccc(C(F)(F)F)c1,c1ccccc1,0,development,402
CMPD_01767,CN(C)C(=O)Nc1cccc(OC(=O)NC(C)(C)C)c1,c1ccccc1,0,development,402
CMPD_01768,CN(C)C(=O)Nc1cccc(OC(F)(F)C(F)F)c1,c1ccccc1,0,development,402
CMPD_01769,CN(C)C(=S)S,ACYCLIC::CN(C)C(=S)S,0,development,402
CMPD_01770,CN(C)C(=S)SC(=S)N(C)C,ACYCLIC::CN(C)C(=S)SC(=S)N(C)C,0,development,402
CMPD_01771,CN(C)C(=S)SSC(=S)N(C)C,ACYCLIC::CN(C)C(=S)SSC(=S)N(C)C,0,locked_test,402
CMPD_01772,CN(C)C(C)(C)CO,ACYCLIC::CN(C)C(C)(C)CO,0,locked_test,402
CMPD_01773,CN(C)C(N)=O,ACYCLIC::CN(C)C(N)=O,0,development,402
CMPD_01774,CN(C)C=O,ACYCLIC::CN(C)C=O,0,development,402
CMPD_01775,CN(C)c1ccc(C(O)(c2ccc(N(C)C)cc2)c2ccc(Nc3ccccc3)c3ccccc23)cc1,c1ccc(Nc2ccc(C(c3ccccc3)c3ccccc3)c3ccccc23)cc1,0,development,402
CMPD_01776,CN(C)C1CCCCC1,C1CCCCC1,1,locked_test,402
CMPD_01777,CN(C)c1ccccc1,c1ccccc1,1,development,402
CMPD_01778,CN(C)c1ccncc1,c1ccncc1,1,locked_test,402
CMPD_01779,CN(C)c1nc(=O)n(C2CCCCC2)c(=O)n1C,O=c1nc[nH]c(=O)n1C1CCCCC1,0,development,402
CMPD_01780,CN(C)CC(=O)O,ACYCLIC::CN(C)CC(=O)O,0,locked_test,402
CMPD_01781,CN(C)CC(O)C(O)C(O)C(O)CO,ACYCLIC::CN(C)CC(O)C(O)C(O)C(O)CO,0,development,402
CMPD_01782,CN(C)Cc1cc(C(C)(C)C)c(O)c(C(C)(C)C)c1,c1ccccc1,0,development,402
CMPD_01783,CN(C)Cc1cc(CN(C)C)c(O)c(CN(C)C)c1,c1ccccc1,1,development,402
CMPD_01784,CN(C)Cc1ccccc1Cl,c1ccccc1,1,development,402
CMPD_01785,CN(C)CCC#N,ACYCLIC::CN(C)CCC#N,1,development,402
CMPD_01786,CN(C)CCCCCCN(C)C,ACYCLIC::CN(C)CCCCCCN(C)C,1,development,402
CMPD_01787,CN(C)CCCN,ACYCLIC::CN(C)CCCN,1,development,402
CMPD_01788,CN(C)CCCN(C)C,ACYCLIC::CN(C)CCCN(C)C,1,development,402
CMPD_01789,CN(C)CCCN1CN(CCCN(C)C)CN(CCCN(C)C)C1,C1NCNCN1,1,development,402
CMPD_01790,CN(C)CCCNCCC#N,ACYCLIC::CN(C)CCCNCCC#N,0,development,402
CMPD_01791,CN(C)CCCNCCCN(C)C,ACYCLIC::CN(C)CCCNCCCN(C)C,1,development,402
CMPD_01792,CN(C)CCN(C)CCN(C)C,ACYCLIC::CN(C)CCN(C)CCN(C)C,1,locked_test,402
CMPD_01793,CN(C)CCO,ACYCLIC::CN(C)CCO,0,development,402
CMPD_01794,CN(C)CCOCCN(C)C,ACYCLIC::CN(C)CCOCCN(C)C,1,development,402
CMPD_01795,CN(C)CCOCCOC(=O)NCC1(C)CC(NC(=O)OCCOCCN(C)C)CC(C)(C)C1,C1CCCCC1,0,locked_test,402
CMPD_01796,CN(C)N,ACYCLIC::CN(C)N,1,development,402
CMPD_01797,CN(C)NC(=O)CCC(=O)O,ACYCLIC::CN(C)NC(=O)CCC(=O)O,0,development,402
CMPD_01798,CN(C)P(=O)(F)N(C)C,ACYCLIC::CN(C)P(=O)(F)N(C)C,1,development,402
CMPD_01799,CN(C)P(=O)(N(C)C)n1nc(-c2ccccc2)nc1N,c1ccc(-c2nc[nH]n2)cc1,1,development,402
CMPD_01800,CN(C)P(=O)(OP(=O)(N(C)C)N(C)C)N(C)C,ACYCLIC::CN(C)P(=O)(OP(=O)(N(C)C)N(C)C)N(C)C,0,development,402
CMPD_01801,CN(C)S(=O)(=O)Cl,ACYCLIC::CN(C)S(=O)(=O)Cl,1,locked_test,402
CMPD_01802,CN(C)S(=O)(=O)N(SC(F)(Cl)Cl)c1ccccc1,c1ccccc1,1,development,402
CMPD_01803,CN(C=O)c1ccccc1,c1ccccc1,0,development,402
CMPD_01804,CN(c1ccc(Cl)cc1)S(=O)(=O)c1ccc(Cl)cc1,O=S(=O)(Nc1ccccc1)c1ccccc1,1,development,402
CMPD_01805,CN(CCC(N)CC(=O)NC1C=CC(n2ccc(N)nc2=O)OC1C(=O)O)C(=N)N,O=c1ncccn1C1C=CCCO1,0,development,402
CMPD_01806,CN(CCCl)CCCl,ACYCLIC::CN(CCCl)CCCl,1,development,402
CMPD_01807,CN(CCO)c1nc(Nc2ccccc2)nc(Nc2ccc(C=Cc3ccc(Nc4nc(Nc5ccccc5)nc(N(C)CCO)n4)cc3S(=O)(=O)O)c(S(=O)(=O)O)c2)n1,C(=Cc1ccc(Nc2ncnc(Nc3ccccc3)n2)cc1)c1ccc(Nc2ncnc(Nc3ccccc3)n2)cc1,0,development,402
CMPD_01808,CN=C(NCC1CCOC1)N[N+](=O)[O-],C1CCOC1,0,locked_test,402
CMPD_01809,CN=C1OC(c2ccccc2)C(=O)C1c1cccc(C(F)(F)F)c1,N=C1OC(c2ccccc2)C(=O)C1c1ccccc1,0,development,402
CMPD_01810,CN=CO,ACYCLIC::CN=CO,1,development,402
CMPD_01811,Cn1c(=O)c2[nH]cnc2n(C)c1=O,O=c1[nH]c(=O)c2[nH]cnc2[nH]1,0,development,402
CMPD_01812,Cn1c(=O)c2c(ncn2C)n(C)c1=O,O=c1[nH]c(=O)c2[nH]cnc2[nH]1,0,development,402
CMPD_01813,CN1C(=O)N(C)C(O)C1O,O=C1NCCN1,0,development,402
CMPD_01814,Cn1c(=O)on(-c2ccc(Cl)c(Cl)c2)c1=O,O=c1[nH]c(=O)n(-c2ccccc2)o1,0,development,402
CMPD_01815,Cn1c(=O)sc2cccc(Cl)c21,O=c1[nH]c2ccccc2s1,0,development,402
CMPD_01816,CN1C(C(=O)Nc2ccccn2)=C(O)c2ccccc2S1(=O)=O,O=C(Nc1ccccn1)C1=Cc2ccccc2S(=O)(=O)N1,0,development,402
CMPD_01817,Cn1cc(C(=O)Nc2cccc3c2C2CCC3C2=C(Cl)Cl)c(C(F)F)n1,C=C1C2CCC1c1c(NC(=O)c3cn[nH]c3)cccc12,0,development,402
CMPD_01818,CN1CCCC1=O,O=C1CCCN1,0,development,402
CMPD_01819,CN1CCCC1c1cccnc1,c1cncc(C2CCCN2)c1,1,development,402
CMPD_01820,CN1CCCC1Cc1c[nH]c2ccc(C=CS(=O)(=O)c3ccccc3)cc12,O=S(=O)(C=Cc1ccc2[nH]cc(CC3CCCN3)c2c1)c1ccccc1,0,development,402
CMPD_01821,CN1CCCN(C)C1=O,O=C1NCCCN1,0,development,402
CMPD_01822,CN1CCN(C)C1=O,O=C1NCCN1,0,development,402
CMPD_01823,CN1CCOCC1,C1COCCN1,1,development,402
CMPD_01824,CN1COCN(Cc2cnc(Cl)s2)C1=N[N+](=O)[O-],N=C1NCOCN1Cc1cncs1,0,development,402
CMPD_01825,CN1COCNC1=N[N+](=O)[O-],N=C1NCOCN1,0,development,402
CMPD_01826,CN1CSC(=S)N(C)C1,S=C1NCNCS1,0,development,402
CMPD_01827,CNC,ACYCLIC::CNC,0,development,402
CMPD_01828,CNC(=O)C(=NOC)c1ccccc1COc1cc(C)ccc1C,c1ccc(COc2ccccc2)cc1,0,development,402
CMPD_01829,CNC(=O)C(C#N)=c1[nH]c(=C2C(=O)NC(=O)NC2=O)c2ccccc12,C=c1[nH]c(=C2C(=O)NC(=O)NC2=O)c2ccccc12,0,development,402
CMPD_01830,CNC(=O)C=C(C)OP(=O)(OC)OC,ACYCLIC::CNC(=O)C=C(C)OP(=O)(OC)OC,1,development,402
CMPD_01831,CNC(=O)c1cc(C#N)cc(C)c1NC(=O)c1cc(Cn2nnc(C(F)(F)F)n2)nn1-c1ncccc1Cl,O=C(Nc1ccccc1)c1cc(Cn2ncnn2)nn1-c1ccccn1,0,locked_test,402
CMPD_01832,CNC(=O)c1cc(Oc2ccc(NC(=O)Nc3ccc(Cl)c(C(F)(F)F)c3)cc2)ccn1,O=C(Nc1ccccc1)Nc1ccc(Oc2ccncc2)cc1,0,locked_test,402
CMPD_01833,CNC(=O)CSP(=O)(OC)OC,ACYCLIC::CNC(=O)CSP(=O)(OC)OC,1,development,402
CMPD_01834,CNC(=O)N(C)c1nnc(C(C)(C)C)s1,c1nncs1,0,development,402
CMPD_01835,CNC(=O)N(C)c1nnc(C(F)(F)F)s1,c1nncs1,0,development,402
CMPD_01836,CNC(=O)N(c1ccccc1)c1ccccc1,c1ccc(Nc2ccccc2)cc1,0,development,402
CMPD_01837,CNC(=O)Oc1c(C(C)(C)C)cc(C)cc1C(C)(C)C,c1ccccc1,0,development,402
CMPD_01838,CNC(=O)Oc1cc(C(C)(C)C)cc(C(C)(C)C)c1,c1ccccc1,1,development,402
CMPD_01839,CNC(=O)Oc1cc(C(C)C)cc(C(C)C)c1,c1ccccc1,0,development,402
CMPD_01840,CNC(=O)Oc1cc(C)c(C)c(C)c1,c1ccccc1,0,development,402
CMPD_01841,C=CCN(CC=C)c1c(C)cc(OC(=O)NC)cc1C,c1ccccc1,1,development,402
CMPD_01842,CNC(=O)Oc1cc(C)cc(C(C)C)c1,c1ccccc1,1,development,402
CMPD_01843,CNC(=O)Oc1cc(C)cc(C)c1,c1ccccc1,0,development,402
CMPD_01844,CNC(=O)Oc1cc(C)cc(C)c1C,c1ccccc1,0,development,402
CMPD_01845,CNC(=O)Oc1ccc(N(C)C)c(C)c1,c1ccccc1,1,development,402
CMPD_01846,CNC(=O)Oc1cccc(C(C)C)c1,c1ccccc1,1,development,402
CMPD_01847,CNC(=O)Oc1cccc(C)c1,c1ccccc1,1,development,402
CMPD_01848,CNC(=O)Oc1cccc2c1OC(C)(C)C2,c1ccc2c(c1)CCO2,1,development,402
CMPD_01849,CNC(=O)Oc1cccc2c1OC(C)(C)O2,c1ccc2c(c1)OCO2,1,locked_test,402
CMPD_01850,CNC(=O)Oc1cccc2ccccc12,c1ccc2ccccc2c1,0,development,402
CMPD_01851,CNC(=O)Oc1cccc2sccc12,c1ccc2sccc2c1,0,development,402
CMPD_01852,CNC(=O)Oc1ccccc1C1OC(C)C(C)O1,c1ccc(C2OCCO2)cc1,0,development,402
CMPD_01853,CNC(=O)Oc1ccccc1C1OCCO1,c1ccc(C2OCCO2)cc1,0,development,402
CMPD_01854,CNC(=O)Oc1ccccc1OC(C)C,c1ccccc1,1,development,402
CMPD_01855,CNC(=O)Oc1ccccc1OC(CCl)OC,c1ccccc1,0,development,402
CMPD_01856,CNC(=O)ON=C(C)C(C)S(C)(=O)=O,ACYCLIC::CNC(=O)ON=C(C)C(C)S(C)(=O)=O,0,development,402
CMPD_01857,CNC(=O)ON=C(CSC)C(C)(C)C,ACYCLIC::CNC(=O)ON=C(CSC)C(C)(C)C,1,development,402
CMPD_01858,CNC(=O)ON=C(SC)C(=O)N(C)C,ACYCLIC::CNC(=O)ON=C(SC)C(=O)N(C)C,0,locked_test,402
CMPD_01859,CNC(=O)ON=C1C(Cl)C2CC(C#N)C1C2,N=C1CC2CCC1C2,0,development,402
CMPD_01860,CNC(=O)ON=CC(C)(C)S(C)(=O)=O,ACYCLIC::CNC(=O)ON=CC(C)(C)S(C)(=O)=O,1,development,402
CMPD_01861,CNC(=O)ON=CC(C)(C)SC,ACYCLIC::CNC(=O)ON=CC(C)(C)SC,1,development,402
CMPD_01862,CNC(=O)ON=CC1(C)SCC(C)S1,C1CSCS1,1,locked_test,402
CMPD_01863,CNC(=O)Sc1ccc(OS(C)(=O)=O)cc1,c1ccccc1,0,development,402
CMPD_01864,CNC(=S)NN,ACYCLIC::CNC(=S)NN,1,development,402
CMPD_01865,CNC(=S)S,ACYCLIC::CNC(=S)S,1,development,402
CMPD_01866,CNC(C)C(O)c1ccccc1,c1ccccc1,0,development,402
CMPD_01867,CNC(N)=O,ACYCLIC::CNC(N)=O,0,locked_test,402
CMPD_01868,CNc1ccc(C(O)(c2ccc(N(C)C)cc2)c2ccc(N(C)C)cc2)cc1,c1ccc(C(c2ccccc2)c2ccccc2)cc1,0,development,402
CMPD_01869,CNC1CCCCC1,C1CCCCC1,1,locked_test,402
CMPD_01870,CNCC(O)c1ccc(O)c(O)c1,c1ccccc1,1,development,402
CMPD_01871,CNCCO,ACYCLIC::CNCCO,0,development,402
CMPD_01872,CNCCS(=O)(=O)O,ACYCLIC::CNCCS(=O)(=O)O,0,development,402
CMPD_01873,CNN,ACYCLIC::CNN,1,development,402
CMPD_01874,CNNC,ACYCLIC::CNNC,1,locked_test,402
CMPD_01875,CNS(=O)(=O)c1cc(OC)c(N=Nc2c(O)c(C(=O)Nc3ccc4[nH]c(=O)[nH]c4c3)cc3ccccc23)cc1C,O=C(Nc1ccc2[nH]c(=O)[nH]c2c1)c1cc(N=Nc2ccccc2)c2ccccc2c1,0,development,402
CMPD_01876,CNS(=O)(=O)c1cc(OC)c(N=Nc2c(O)c(C(=O)Nc3ccc4[nH]c(=O)[nH]c4c3)cc3ccccc23)cc1OC,O=C(Nc1ccc2[nH]c(=O)[nH]c2c1)c1cc(N=Nc2ccccc2)c2ccccc2c1,0,development,402
CMPD_01877,CO[Si](C)(CC(C)CNCCN)OC,ACYCLIC::CO[Si](C)(CC(C)CNCCN)OC,0,development,402
CMPD_01878,CO[Si](C)(CCCCl)OC,ACYCLIC::CO[Si](C)(CCCCl)OC,0,development,402
CMPD_01879,CO[Si](C)(CCCNCCN)OC,ACYCLIC::CO[Si](C)(CCCNCCN)OC,0,development,402
CMPD_01880,CO[Si](CC(C)C)(OC)C(C)C,ACYCLIC::CO[Si](CC(C)C)(OC)C(C)C,0,development,402
CMPD_01881,CO[Si](CCCCl)(OC)OC,ACYCLIC::CO[Si](CCCCl)(OC)OC,0,development,402
CMPD_01882,CO[Si](CCCNc1ccccc1)(OC)OC,c1ccccc1,0,development,402
CMPD_01883,CO[Si](CCCNCCN)(OC)OC,ACYCLIC::CO[Si](CCCNCCN)(OC)OC,0,development,402
CMPD_01884,CO[Si](OC)(C1CCCC1)C1CCCC1,C1CCC([SiH2]C2CCCC2)C1,0,development,402
CMPD_01885,CO[SiH](CC1CCCCC1)OC,C1CCCCC1,0,locked_test,402
CMPD_01886,COC(=O)C(=O)c1ccccc1,c1ccccc1,0,development,402
CMPD_01887,COC(=O)C(C)=COP(=S)(OC)OC,ACYCLIC::COC(=O)C(C)=COP(=S)(OC)OC,0,locked_test,402
CMPD_01888,COC(=O)C(C)CCC(=O)N(C)C,ACYCLIC::COC(=O)C(C)CCC(=O)N(C)C,0,development,402
CMPD_01889,COC(=O)C(C)N(C(=O)c1ccccc1)c1ccc(F)c(Cl)c1,O=C(Nc1ccccc1)c1ccccc1,1,development,402
CMPD_01890,COC(=O)C(C)N(C(=O)c1ccco1)c1c(C)cccc1C,O=C(Nc1ccccc1)c1ccco1,0,development,402
CMPD_01891,COC(=O)C(C)Nc1c(C)cccc1C,c1ccccc1,0,development,402
CMPD_01892,COC(=O)C(C)Oc1ccc(Oc2ccc(Cl)cc2Cl)cc1,c1ccc(Oc2ccccc2)cc1,0,development,402
CMPD_01893,COC(=O)C(Cl)Cc1ccc(Cl)cc1,c1ccccc1,1,development,402
CMPD_01894,COC(=O)C=C(C)OP(=O)(OC)OC,ACYCLIC::COC(=O)C=C(C)OP(=O)(OC)OC,1,development,402
CMPD_01895,COC(=O)C=CC(=O)OC,ACYCLIC::COC(=O)C=CC(=O)OC,0,locked_test,402
CMPD_01896,COC(=O)C=Cc1ccccc1,c1ccccc1,0,development,402
CMPD_01897,COC(=O)C1(O)c2ccccc2-c2ccc(Cl)cc21,c1ccc2c(c1)Cc1ccccc1-2,0,development,402
CMPD_01898,COC(=O)C1C(C)=CCCC1(C)C,C1=CCCCC1,0,development,402
CMPD_01899,COC(=O)c1c(C)cc(O)c(C)c1O,c1ccccc1,0,development,402
CMPD_01900,COC(=O)c1cc(C(=O)OC)cc(S(=O)(=O)O)c1,c1ccccc1,0,development,402
CMPD_01901,COC(=O)c1cc(C)cnc1C(=O)OC,c1ccncc1,0,locked_test,402
CMPD_01902,COC(=O)c1cc(Oc2ccc(Cl)cc2Cl)ccc1[N+](=O)[O-],c1ccc(Oc2ccccc2)cc1,0,development,402
CMPD_01903,COC(=O)c1ccc(C#N)cc1[N+](=O)[O-],c1ccccc1,0,development,402
CMPD_01904,COC(=O)c1ccc(C(F)(F)F)nc1S(=O)(=O)NC(=O)Nc1nc(OC)cc(OC)n1,O=C(Nc1ncccn1)NS(=O)(=O)c1ccccn1,0,development,402
CMPD_01905,COC(=O)c1ccc(O)c([N+](=O)[O-])c1,c1ccccc1,0,development,402
CMPD_01906,COC(=O)c1ccc2cc(C(=O)OC)ccc2c1,c1ccc2ccccc2c1,0,development,402
CMPD_01907,COC(=O)c1cccc([N+](=O)[O-])c1NCc1ccc(-c2ccccc2C#N)cc1,c1ccc(NCc2ccc(-c3ccccc3)cc2)cc1,0,development,402
CMPD_01908,COC(=O)c1cccc(C(=O)OC)c1,c1ccccc1,0,development,402
CMPD_01909,COC(=O)C1CCCC(C)C1,C1CCCCC1,0,locked_test,402
CMPD_01910,COC(=O)c1cccc(Cl)c1Cl,c1ccccc1,0,development,402
CMPD_01911,COC(=O)c1ccccc1,c1ccccc1,0,development,402
CMPD_01912,COC(=O)c1ccccc1C(=O)c1ccccc1,O=C(c1ccccc1)c1ccccc1,0,development,402
CMPD_01913,COC(=O)c1ccccc1C(=O)OC,c1ccccc1,0,development,402
CMPD_01914,COC(=O)c1ccccc1CS(=O)(=O)NC(=O)Nc1nc(OC)cc(OC)n1,O=C(Nc1ncccn1)NS(=O)(=O)Cc1ccccc1,0,development,402
CMPD_01915,COC(=O)c1ccccc1S(=O)(=O)NC(=O)N(C)c1nc(C)nc(OC)n1,O=C(Nc1ncncn1)NS(=O)(=O)c1ccccc1,0,development,402
CMPD_01916,COC(=O)c1ccccc1S(=O)(=O)NC(=O)Nc1nc(OC(F)F)cc(OC(F)F)n1,O=C(Nc1ncccn1)NS(=O)(=O)c1ccccc1,0,development,402
CMPD_01917,COC(=O)CC#N,ACYCLIC::COC(=O)CC#N,0,development,402
CMPD_01918,COC(=O)CC(=O)CC(=O)OC,ACYCLIC::COC(=O)CC(=O)CC(=O)OC,0,development,402
CMPD_01919,COC(=O)CC(=O)OC,ACYCLIC::COC(=O)CC(=O)OC,0,development,402
CMPD_01920,COC(=O)CC(C)=O,ACYCLIC::COC(=O)CC(C)=O,0,development,402
CMPD_01921,COC(=O)Cc1c(C(=O)OC)sc(N(CC(=O)OC)CC(=O)OC)c1C#N,c1ccsc1,0,development,402
CMPD_01922,COC(=O)Cc1ccccc1,c1ccccc1,0,development,402
CMPD_01923,COC(=O)CCC(=O)OC,ACYCLIC::COC(=O)CCC(=O)OC,0,development,402
CMPD_01924,COC(=O)CCc1cc(C(C)(C)C)c(O)c(C(C)(C)C)c1,c1ccccc1,0,development,402
CMPD_01925,COC(=O)CCc1cc(-n2nc3ccccc3n2)c(O)c(C(C)(C)C)c1,c1ccc(-n2nc3ccccc3n2)cc1,0,development,402
CMPD_01926,COC(=O)CCCC(=O)OC,ACYCLIC::COC(=O)CCCC(=O)OC,0,development,402
CMPD_01927,COC(=O)CCCCC(=O)OC,ACYCLIC::COC(=O)CCCCC(=O)OC,0,development,402
CMPD_01928,COC(=O)CCl,ACYCLIC::COC(=O)CCl,1,development,402
CMPD_01929,COC(=O)CN(c1cc(NC(C)=O)c(N=Nc2c(Cl)cc([N+](=O)[O-])cc2C#N)cc1OC)C(C)C(=O)OC,c1ccc(N=Nc2ccccc2)cc1,0,development,402
CMPD_01930,COC(=O)COc1nc(F)c(Cl)c(N)c1Cl,c1ccncc1,0,locked_test,402
CMPD_01931,COC(=O)CSP(=S)(OC)OC,ACYCLIC::COC(=O)CSP(=S)(OC)OC,0,development,402
CMPD_01932,COC(=O)N(C)C(=O)CSP(C)(=S)OC,ACYCLIC::COC(=O)N(C)C(=O)CSP(C)(=S)OC,1,development,402
CMPD_01933,COC(=O)N(OC)c1ccccc1COc1ccn(-c2ccc(Cl)cc2)n1,c1ccc(COc2ccn(-c3ccccc3)n2)cc1,0,development,402
CMPD_01934,COC(=O)NC(=S)Nc1ccccc1NC(=S)NC(=O)OC,c1ccccc1,0,development,402
CMPD_01935,COC(=O)NC[Si](C)(OC)OC,ACYCLIC::COC(=O)NC[Si](C)(OC)OC,0,development,402
CMPD_01936,COC(=O)Nc1cccc(OC(=O)Nc2cccc(C)c2)c1,O=C(Nc1ccccc1)Oc1ccccc1,0,development,402
CMPD_01937,COC(=O)Nc1nc2ccccc2[nH]1,c1ccc2[nH]cnc2c1,0,locked_test,402
CMPD_01938,COC(=O)NS(=O)(=O)c1ccc(N)cc1,c1ccccc1,0,development,402
CMPD_01939,COC(=O)OC,ACYCLIC::COC(=O)OC,0,locked_test,402
CMPD_01940,COC(=O)Oc1ccc(C)cc1OC,c1ccccc1,0,development,402
CMPD_01941,COC(C)(C)C,ACYCLIC::COC(C)(C)C,0,development,402
CMPD_01942,COC(C)(C)CCO,ACYCLIC::COC(C)(C)CCO,0,development,402
CMPD_01943,COC(C)=O,ACYCLIC::COC(C)=O,0,development,402
CMPD_01944,COC(C)COC(C)CO,ACYCLIC::COC(C)COC(C)CO,0,development,402
CMPD_01945,COC(Cc1ccccc1)OC,c1ccccc1,0,development,402
CMPD_01946,COC(F)(F)C(C(F)(F)F)C(F)(F)F,ACYCLIC::COC(F)(F)C(C(F)(F)F)C(F)(F)F,0,development,402
CMPD_01947,COC(N)=O,ACYCLIC::COC(N)=O,0,development,402
CMPD_01948,COC=C(C(=O)OC)c1ccccc1COc1cccc(C(F)(F)F)n1,c1ccc(COc2ccccn2)cc1,0,development,402
CMPD_01949,COC=C(C(=O)OC)c1ccccc1Oc1cc(Cl)ncn1,c1ccc(Oc2ccncn2)cc1,0,development,402
CMPD_01950,COC=C(C(=O)OC)c1ccccc1Oc1cc(Oc2ccccc2C#N)ncn1,c1ccc(Oc2cc(Oc3ccccc3)ncn2)cc1,0,development,402
CMPD_01951,COC=O,ACYCLIC::COC=O,0,development,402
CMPD_01952,COC1(C)CC(c2ccccc2)c2c(c3ccccc3oc2=O)O1,O=c1oc2ccccc2c2c1C(c1ccccc1)CCO2,1,development,402
CMPD_01953,COC1=CCC2=C(CCC3C2CCC2(C)C(O)CCC32)C1,C1=CCC2=C(C1)CCC1C2CCC2CCCC21,0,locked_test,402
CMPD_01954,COC1=CCC2=C(CCC3C2CCC2(C)C3CCC2(O)C#N)C1,C1=CCC2=C(C1)CCC1C2CCC2CCCC21,0,locked_test,402
CMPD_01955,COc1c(Cl)cc(Cl)c(Cl)c1C(=O)O,c1ccccc1,1,development,402
CMPD_01956,COc1c(Cl)ccc(B(O)O)c1F,c1ccccc1,0,development,402
CMPD_01957,COc1cc([N+](=O)[O-])c(OC)cc1Cl,c1ccccc1,0,development,402
CMPD_01958,COc1cc([N+](=O)[O-])ccc1N,c1ccccc1,0,development,402
CMPD_01959,COc1cc([N+](=O)[O-])ccc1N/N=C(\C(C)=O)C(=O)Nc1cc(Cl)ccc1OC,O=C(C=NNc1ccccc1)Nc1ccccc1,0,locked_test,402
CMPD_01960,COc1cc(C#N)cc(OC)c1O,c1ccccc1,0,development,402
CMPD_01961,COc1cc(C(F)(F)F)ccn1,c1ccncc1,0,locked_test,402
CMPD_01962,COc1cc(C)c(C(=O)c2c(OC)ccc(Br)c2C)c(OC)c1OC,O=C(c1ccccc1)c1ccccc1,0,development,402
CMPD_01963,COC1CC(C)CCC1C(C)C,C1CCCCC1,0,locked_test,402
CMPD_01964,COc1cc(C=CC(=O)OC2CCC34CC35CCC3(C)C(C(C)CCC=C(C)C)CCC3(C)C5CCC4C2(C)C)ccc1O,O=C(C=Cc1ccccc1)OC1CCC23CC24CCC2CCCC2C4CCC3C1,1,development,402
CMPD_01965,COc1cc(C=O)ccc1O,c1ccccc1,0,development,402
CMPD_01966,COc1cc(C2c3cc4c(cc3C(O)C3COC(=O)C23)OCO4)cc(OC)c1OC,O=C1OCC2Cc3cc4c(cc3C(c3ccccc3)C12)OCO4,1,development,402
CMPD_01967,COc1cc(-c2ccc(N/N=C(\C(C)=O)C(=O)Nc3ccccc3)c(OC)c2)ccc1N/N=C(\C(C)=O)C(=O)Nc1ccccc1,O=C(C=NNc1ccc(-c2ccc(NN=CC(=O)Nc3ccccc3)cc2)cc1)Nc1ccccc1,0,locked_test,402
CMPD_01968,COc1cc(Cl)c(OC)cc1N,c1ccccc1,0,development,402
CMPD_01969,COc1cc(N=Nc2cc(S(=O)(=O)O)c3cccc(S(=O)(=O)O)c3c2)c(C)cc1N=Nc1c(S(=O)(=O)O)cc2cc(Nc3ccccc3)ccc2c1O,c1ccc(Nc2ccc3cc(N=Nc4ccc(N=Nc5ccc6ccccc6c5)cc4)ccc3c2)cc1,0,development,402
CMPD_01970,COc1cc(N=Nc2cc(S(=O)(=O)O)c3cccc(S(=O)(=O)O)c3c2)c(C)cc1Nc1nc(SCCCS(=O)(=O)O)nc(SCCCS(=O)(=O)O)n1,c1ccc2cc(N=Nc3ccc(Nc4ncncn4)cc3)ccc2c1,0,development,402
CMPD_01971,COc1cc(N=Nc2ccc([N+](=O)[O-])cc2)ccc1N=Nc1ccc(O)cc1,c1ccc(N=Nc2ccc(N=Nc3ccccc3)cc2)cc1,0,development,402
CMPD_01972,COc1cc(N=Nc2ccc3cc(S(=O)(=O)O)cc(S(=O)(=O)O)c3c2)ccc1Nc1nc(SCCCS(=O)(=O)O)nc(SCCCS(=O)(=O)O)n1,c1ccc2cc(N=Nc3ccc(Nc4ncncn4)cc3)ccc2c1,0,development,402
CMPD_01973,COc1cc(NC(=O)/C(=N/Nc2cc(OC)c(S(=O)(=O)Nc3ccccc3)cc2OC)C(C)=O)c(OC)cc1Cl,O=C(C=NNc1ccc(S(=O)(=O)Nc2ccccc2)cc1)Nc1ccccc1,0,locked_test,402
CMPD_01974,COc1cc(NC(=O)/C(=N/Nc2ccc(-c3ccc(N/N=C(\C(C)=O)C(=O)Nc4cc(OC)c(Cl)cc4OC)c(Cl)c3)cc2Cl)C(C)=O)c(OC)cc1Cl,O=C(C=NNc1ccc(-c2ccc(NN=CC(=O)Nc3ccccc3)cc2)cc1)Nc1ccccc1,0,locked_test,402
CMPD_01975,COc1cc(NC(=O)/C(=N/Nc2ccc(-c3ccc(N/N=C(\C(C)=O)C(=O)Nc4ccc(C)cc4C)c(Cl)c3)cc2Cl)C(C)=O)c(OC)cc1Cl,O=C(C=NNc1ccc(-c2ccc(NN=CC(=O)Nc3ccccc3)cc2)cc1)Nc1ccccc1,0,locked_test,402
CMPD_01976,COc1cc(OC)n2nc(N)nc2n1,c1cnc2ncnn2c1,0,development,402
CMPD_01977,COc1cc(OC)nc(NC(=O)NS(=O)(=O)c2c(C(=O)O)cnn2C)n1,O=C(Nc1ncccn1)NS(=O)(=O)c1ccn[nH]1,0,development,402
CMPD_01978,COc1cc(OC)nc(NC(=O)NS(=O)(=O)c2c(-c3nnn(C)n3)cnn2C)n1,O=C(Nc1ncccn1)NS(=O)(=O)c1[nH]ncc1-c1nn[nH]n1,0,development,402
CMPD_01979,COc1cc(OC)nc(NC(=O)NS(=O)(=O)c2c(Cl)nc3ccccn23)n1,O=C(Nc1ncccn1)NS(=O)(=O)c1cnc2ccccn12,0,development,402
CMPD_01980,COc1cc(OC)nc(NC(=O)NS(=O)(=O)c2ncccc2C(=O)N(C)C)n1,O=C(Nc1ncccn1)NS(=O)(=O)c1ccccn1,0,development,402
CMPD_01981,COc1cc(OC)nc(NC(=O)NS(=O)(=O)c2ncccc2C(F)(F)F)n1,O=C(Nc1ncccn1)NS(=O)(=O)c1ccccn1,0,development,402
CMPD_01982,COc1cc(OC)nc(NC(=O)NS(=O)(=O)c2ncccc2OCC(F)(F)F)n1,O=C(Nc1ncccn1)NS(=O)(=O)c1ccccn1,0,development,402
CMPD_01983,COc1cc(OC)nc(NC(=O)NS(=O)(=O)Cc2ccccc2C(=O)O)n1,O=C(Nc1ncccn1)NS(=O)(=O)Cc1ccccc1,0,development,402
CMPD_01984,COc1cc(OC)nc(NC(=O)NS(=O)(=O)N(C)S(C)(=O)=O)n1,c1cncnc1,0,development,402
CMPD_01985,COc1cc(OC)nc(NC(=O)Oc2ccccc2)n1,O=C(Nc1ncccn1)Oc1ccccc1,0,development,402
CMPD_01986,COc1cc(OC)nc(Oc2cccc(Oc3nc(OC)cc(OC)n3)c2C(=O)O)n1,c1cnc(Oc2cccc(Oc3ncccn3)c2)nc1,0,locked_test,402
CMPD_01987,COc1cc(Oc2ccc(Cl)cc2Cl)ccc1[N+](=O)[O-],c1ccc(Oc2ccccc2)cc1,1,development,402
CMPD_01988,COc1cc(S(=O)(=O)CCOS(=O)(=O)O)c(C)cc1N=Nc1c(C)[nH]n(-c2ccc(S(=O)(=O)O)cc2)c1=O,O=c1c(N=Nc2ccccc2)c[nH]n1-c1ccccc1,0,locked_test,402
CMPD_01989,COc1cc(S(=O)(=O)O)c(C)cc1N/N=C1\C(=O)C=Cc2cc(S(=O)(=O)O)ccc21,O=C1C=Cc2ccccc2C1=NNc1ccccc1,0,development,402
CMPD_01990,COc1cc(S(=O)(=O)O)c(C)cc1NC(=O)/C(=N/Nc1ccc(-c2nc3ccc(C)c(S(=O)(=O)O)c3s2)cc1)C(C)=O,O=C(C=NNc1ccc(-c2nc3ccccc3s2)cc1)Nc1ccccc1,0,development,402
CMPD_01991,COc1ccc([N+](=O)[O-])cc1,c1ccccc1,0,development,402
CMPD_01992,COc1ccc(C(=CC(=O)N2CCOCC2)c2ccc(Cl)cc2)cc1OC,O=C(C=C(c1ccccc1)c1ccccc1)N1CCOCC1,0,development,402
CMPD_01993,COc1ccc(C(=O)C=C(O)c2ccc(C(C)(C)C)cc2)cc1,O=C(C=Cc1ccccc1)c1ccccc1,1,development,402
CMPD_01994,COc1ccc(C(=O)c2cccc(C)c2)cc1C,O=C(c1ccccc1)c1ccccc1,0,development,402
CMPD_01995,COc1ccc(C(=O)Cl)cc1,c1ccccc1,0,development,402
CMPD_01996,COc1ccc(C(=O)CSc2cccc(OC)c2)cc1,O=C(CSc1ccccc1)c1ccccc1,0,development,402
CMPD_01997,COc1ccc(C(=O)Nc2ccccc2)cc1N,O=C(Nc1ccccc1)c1ccccc1,0,development,402
CMPD_01998,COc1ccc(C(=O)Nc2ccccc2)cc1N=Nc1c(O)c(C(=O)Nc2ccc3[nH]c(=O)[nH]c3c2)cc2ccccc12,O=C(Nc1ccccc1)c1cccc(N=Nc2cc(C(=O)Nc3ccc4[nH]c(=O)[nH]c4c3)cc3ccccc23)c1,0,development,402
CMPD_01999,COc1ccc(C(=O)Nc2ccccc2)cc1N=Nc1c(O)c(C(=O)Nc2cccc([N+](=O)[O-])c2)cc2ccccc12,O=C(Nc1ccccc1)c1cccc(N=Nc2cc(C(=O)Nc3ccccc3)cc3ccccc23)c1,0,development,402
CMPD_02000,COc1ccc(C(c2ccc(OC)cc2)C(Cl)(Cl)Cl)cc1,c1ccc(Cc2ccccc2)cc1,0,locked_test,402
CMPD_02001,COc1ccc(C=CC(=O)OCCC(C)C)cc1,c1ccccc1,0,development,402
CMPD_02002,COc1ccc(C2CC(=O)c3c(O)cc(OC4OC(CO)C(O)C(O)C4OC4OC(C)C(O)C(O)C4O)cc3O2)cc1O,O=C1CC(c2ccccc2)Oc2cc(OC3OCCCC3OC3CCCCO3)ccc21,0,development,402
CMPD_02003,COc1ccc(C2Sc3ccccc3NC(=O)C2O)cc1,O=C1CC(c2ccccc2)Sc2ccccc2N1,0,development,402
CMPD_02004,COc1ccc(CC#N)cc1OC,c1ccccc1,0,development,402
CMPD_02005,COc1ccc(CC(=O)O)cc1,c1ccccc1,0,development,402
CMPD_02006,COc1ccc(CC(C)(NC(N)=O)C(=O)O)cc1OC,c1ccccc1,0,development,402
CMPD_02007,COc1ccc(CC(C)=O)cc1,c1ccccc1,0,development,402
CMPD_02008,COc1ccc(CCN)cc1OC,c1ccccc1,0,development,402
CMPD_02009,COc1ccc(Cl)cc1C(=O)NCCc1ccc(S(N)(=O)=O)cc1,O=C(NCCc1ccccc1)c1ccccc1,0,development,402
CMPD_02010,COc1ccc(COC(=O)C2=C(CCl)CSC3C(NC(=O)Cc4ccccc4)C(=O)N23)cc1,O=C(Cc1ccccc1)NC1C(=O)N2C(C(=O)OCc3ccccc3)=CCSC12,0,development,402
CMPD_02011,COc1ccc(COC(C)=O)cc1,c1ccccc1,0,development,402
CMPD_02012,COc1ccc(N)cc1,c1ccccc1,0,development,402
CMPD_02013,COc1ccc(N)cc1S(=O)(=O)O,c1ccccc1,0,development,402
CMPD_02014,COc1ccc(N/N=C(\C(C)=O)C(=O)Nc2ccccc2OC)c([N+](=O)[O-])c1,O=C(C=NNc1ccccc1)Nc1ccccc1,0,locked_test,402
CMPD_02015,COc1ccc(N=Nc2ccc(N=Nc3cccc(S(=O)(=O)O)c3)cc2OC)cc1,c1ccc(N=Nc2ccc(N=Nc3ccccc3)cc2)cc1,0,development,402
CMPD_02016,COc1ccc(N2CCN(c3ccc([N+](=O)[O-])cc3)CC2)cc1,c1ccc(N2CCN(c3ccccc3)CC2)cc1,0,locked_test,402
CMPD_02017,COc1ccc(NC(=O)/C(=N/Nc2ccc(-c3ccc(N/N=C(\C(C)=O)C(=O)Nc4ccccc4)c(Cl)c3)cc2Cl)C(C)=O)cc1,O=C(C=NNc1ccc(-c2ccc(NN=CC(=O)Nc3ccccc3)cc2)cc1)Nc1ccccc1,0,locked_test,402
CMPD_02018,COc1ccc(NC(=O)N(C)C)cc1Cl,c1ccccc1,0,development,402
CMPD_02019,COc1ccc(Nc2ccccc2)c(C)c1,c1ccc(Nc2ccccc2)cc1,0,development,402
CMPD_02020,COc1ccc(O)c(C(C)(C)C)c1,c1ccccc1,0,development,402
CMPD_02021,COc1ccc(O)cc1,c1ccccc1,0,development,402
CMPD_02022,COc1ccc(OC)c(Cl)c1,c1ccccc1,0,development,402
CMPD_02023,COc1ccc(Oc2ccc(NC(=O)N(C)C)cc2)cc1,c1ccc(Oc2ccccc2)cc1,0,development,402
CMPD_02024,COc1ccc(SC#N)c([N+](=O)[O-])c1,c1ccccc1,0,development,402
CMPD_02025,COc1ccc2[nH]c(=S)[nH]c2c1,S=c1[nH]c2ccccc2[nH]1,0,development,402
CMPD_02026,COc1ccc2c(c1)C(=O)N(CCc1ccc(S(N)(=O)=O)cc1)C(=O)C2(C)C,O=C1Cc2ccccc2C(=O)N1CCc1ccccc1,0,development,402
CMPD_02027,COc1ccc2c(c1)CCC1C2CCC2(C)C(=O)CCC12,O=C1CCC2C1CCC1c3ccccc3CCC12,0,locked_test,402
CMPD_02028,COc1ccc2ccccc2c1,c1ccc2ccccc2c1,0,development,402
CMPD_02029,COc1cccc(C(=O)NN(C(=O)c2cc(C)cc(C)c2)C(C)(C)C)c1C,O=C(NNC(=O)c1ccccc1)c1ccccc1,0,development,402
CMPD_02030,COc1cccc(N(C)C(=S)Oc2cccc(C(C)(C)C)c2)n1,S=C(Nc1ccccn1)Oc1ccccc1,0,development,402
CMPD_02031,COc1cccc(O)c1,c1ccccc1,1,development,402
CMPD_02032,COc1ccccc1C,c1ccccc1,0,development,402
CMPD_02033,COc1ccccc1N,c1ccccc1,0,development,402
CMPD_02034,COc1ccccc1N/N=C1/C(=O)C=Cc2ccccc21,O=C1C=Cc2ccccc2C1=NNc1ccccc1,0,development,402
CMPD_02035,COc1ccccc1NC(=O)/C(=N/Nc1ccc(-c2ccc(N/N=C(\C(C)=O)C(=O)Nc3ccc(C)cc3C)c(Cl)c2)cc1Cl)C(C)=O,O=C(C=NNc1ccc(-c2ccc(NN=CC(=O)Nc3ccccc3)cc2)cc1)Nc1ccccc1,0,locked_test,402
CMPD_02036,COc1ccccc1NC(=O)/C(=N/Nc1ccc(-c2ccc(N/N=C(\C(C)=O)C(=O)Nc3ccccc3OC)c(Cl)c2)cc1Cl)C(C)=O,O=C(C=NNc1ccc(-c2ccc(NN=CC(=O)Nc3ccccc3)cc2)cc1)Nc1ccccc1,0,locked_test,402
CMPD_02037,COc1ccccc1NC(=O)/C(=N/Nc1ccc(Cl)cc1[N+](=O)[O-])C(C)=O,O=C(C=NNc1ccccc1)Nc1ccccc1,0,locked_test,402
CMPD_02038,COC1CCCCCCCCCCC1,C1CCCCCCCCCCC1,0,development,402
CMPD_02039,COc1coc(CSP(=O)(OC)OC)cc1=O,O=c1ccocc1,1,development,402
CMPD_02040,COc1nc(=O)c(F)c[nH]1,O=c1cc[nH]cn1,0,development,402
CMPD_02041,COc1nc(C)nc(NC(=O)NS(=O)(=O)c2cc(I)ccc2C(=O)O)n1,O=C(Nc1ncncn1)NS(=O)(=O)c1ccccc1,0,development,402
CMPD_02042,COc1nc(C)nc(NC(=O)NS(=O)(=O)c2ccccc2C(=O)O)n1,O=C(Nc1ncncn1)NS(=O)(=O)c1ccccc1,0,development,402
CMPD_02043,COc1nc(C)nc(NC(=O)NS(=O)(=O)c2ccccc2CCC(F)(F)F)n1,O=C(Nc1ncncn1)NS(=O)(=O)c1ccccc1,0,development,402
CMPD_02044,COc1nc(C)nc(NC(=O)NS(=O)(=O)c2ccccc2OCCCl)n1,O=C(Nc1ncncn1)NS(=O)(=O)c1ccccc1,0,development,402
CMPD_02045,COc1nc(C)nc(NC(=O)NS(=O)(=O)c2ccsc2C(=O)O)n1,O=C(Nc1ncncn1)NS(=O)(=O)c1ccsc1,0,development,402
CMPD_02046,COc1nc(NC(=O)NS(=O)(=O)c2ccccc2C(F)(F)F)nc(C(F)(F)F)n1,O=C(Nc1ncncn1)NS(=O)(=O)c1ccccc1,0,development,402
CMPD_02047,COc1nc(NC(C)C)nc(NC(C)C)n1,c1ncncn1,0,development,402
CMPD_02048,COc1nccc(C(F)(F)F)c1S(=O)(=O)Cl,c1ccncc1,0,locked_test,402
CMPD_02049,COc1nn(-c2ccccc2OC)c(=O)o1,O=c1ocnn1-c1ccccc1,0,locked_test,402
CMPD_02050,COc1nn(CSP(=S)(OC)OC)c(=O)s1,O=c1[nH]ncs1,1,development,402
CMPD_02051,COCC(=O)N(c1c(C)cccc1C)C(C)C(=O)OC,c1ccccc1,0,development,402
CMPD_02052,COCC(=O)N(c1c(C)cccc1C)N1CCOC1=O,O=C1OCCN1Nc1ccccc1,0,locked_test,402
CMPD_02053,COCC(C)N(C(=O)CCl)c1c(C)csc1C,c1ccsc1,0,development,402
CMPD_02054,COCC(C)O,ACYCLIC::COCC(C)O,0,development,402
CMPD_02055,COCC(C)OC(C)=O,ACYCLIC::COCC(C)OC(C)=O,0,development,402
CMPD_02056,COCC=[N+](C)O,ACYCLIC::COCC=[N+](C)O,0,development,402
CMPD_02057,COCc1cnc(C2=NC(=O)C(C)(C(C)C)N2)c(C(=O)O)c1,O=C1CNC(c2ccccn2)=N1,0,development,402
CMPD_02058,COCC1CO1,C1CO1,1,development,402
CMPD_02059,COCCCCC(=O)c1ccc(C(F)(F)F)cc1,c1ccccc1,0,development,402
CMPD_02060,COCCCN,ACYCLIC::COCCCN,0,development,402
CMPD_02061,COCCCNc1nc(NC(C)C)nc(SC)n1,c1ncncn1,1,development,402
CMPD_02062,COCCN(C(=O)CCl)c1c(C)cccc1C,c1ccccc1,0,development,402
CMPD_02063,COCCNC(=O)CSP(=S)(OC)OC,ACYCLIC::COCCNC(=O)CSP(=S)(OC)OC,1,development,402
CMPD_02064,COCCO[Si](CCCl)(OCCOC)OCCOC,ACYCLIC::COCCO[Si](CCCl)(OCCOC)OCCOC,0,development,402
CMPD_02065,COCCOC,ACYCLIC::COCCOC,0,development,402
CMPD_02066,COCCOc1ccccc1S(=O)(=O)NC(=O)Nc1nc(OC)nc(OC)n1,O=C(Nc1ncncn1)NS(=O)(=O)c1ccccc1,0,development,402
CMPD_02067,COCCOCCO[Si](CCCOCC1CO1)(OCCOCCOC)OCCOCCOC,C1CO1,0,development,402
CMPD_02068,COCCOCCOC,ACYCLIC::COCCOCCOC,0,locked_test,402
CMPD_02069,COCCOCCOCCO,ACYCLIC::COCCOCCOCCO,0,locked_test,402
CMPD_02070,COCCOCCOCCOB(OCCOCCOCCOC)OCCOCCOCCOC,ACYCLIC::COCCOCCOCCOB(OCCOCCOCCOC)OCCOCCOCCOC,0,development,402
CMPD_02071,COCCOCCOCCOC,ACYCLIC::COCCOCCOCCOC,0,development,402
CMPD_02072,COCCOCCOCCOCCO,ACYCLIC::COCCOCCOCCOCCO,0,development,402
CMPD_02073,COCCOCCOCCOCCOC,ACYCLIC::COCCOCCOCCOCCOC,0,development,402
CMPD_02074,COCCOCOCCOC,ACYCLIC::COCCOCOCCOC,0,development,402
CMPD_02075,COCOC,ACYCLIC::COCOC,0,development,402
CMPD_02076,CON(C(=O)c1cc(C)oc1C)C1CCCCC1,O=C(NC1CCCCC1)c1ccoc1,0,development,402
CMPD_02077,CON(C)C(=O)Nc1ccc(Br)c(Cl)c1,c1ccccc1,0,development,402
CMPD_02078,CON(C)C(=O)Nc1ccc(Br)cc1,c1ccccc1,0,development,402
CMPD_02079,CON(C)C(=O)Nc1ccc(Cl)c(Cl)c1,c1ccccc1,0,development,402
CMPD_02080,CON(C)C(=O)Nc1ccc(Cl)cc1,c1ccccc1,0,development,402
CMPD_02081,CON(C)C(=O)Nc1ccc(OCCc2ccc(C)cc2)cc1,c1ccc(CCOc2ccccc2)cc1,0,development,402
CMPD_02082,CON=C(C(=O)OC)c1ccccc1COc1ccccc1C,c1ccc(COc2ccccc2)cc1,0,development,402
CMPD_02083,CON=C(C(=O)OC)c1ccccc1CON=C(C)c1cccc(C(F)(F)F)c1,C(=NOCc1ccccc1)c1ccccc1,0,development,402
CMPD_02084,CON=C(C1=NOCCO1)c1ccccc1Oc1ncnc(Oc2ccccc2Cl)c1F,N=C(C1=NOCCO1)c1ccccc1Oc1cc(Oc2ccccc2)ncn1,0,locked_test,402
CMPD_02085,CON=C(Cc1cccnc1)c1ccc(Cl)cc1Cl,N=C(Cc1cccnc1)c1ccccc1,0,development,402
CMPD_02086,COP(=O)(CCC(=O)NCO)OC,ACYCLIC::COP(=O)(CCC(=O)NCO)OC,0,locked_test,402
CMPD_02087,COP(=O)(NC(C)=O)SC,ACYCLIC::COP(=O)(NC(C)=O)SC,0,development,402
CMPD_02088,COP(=O)(OC)OC(=CBr)c1ccc(Cl)cc1Cl,c1ccccc1,0,development,402
CMPD_02089,COP(=O)(OC)OC(Br)C(Cl)(Cl)Br,ACYCLIC::COP(=O)(OC)OC(Br)C(Cl)(Cl)Br,1,development,402
CMPD_02090,COP(=O)(OC)OC(C)=CC(=O)N(C)C,ACYCLIC::COP(=O)(OC)OC(C)=CC(=O)N(C)C,1,locked_test,402
CMPD_02091,COP(=O)(OC)OC(C)=CC(=O)OC(C)c1ccccc1,c1ccccc1,1,development,402
CMPD_02092,COP(=O)(OC)OC=C(Cl)Cl,ACYCLIC::COP(=O)(OC)OC=C(Cl)Cl,1,development,402
CMPD_02093,COP(=O)(OC)OC1=C(Cl)C2C=CCC12,C1=CC2C=CC2C1,0,locked_test,402
CMPD_02094,COP(=O)(OC)Sc1ccc(Cl)cc1,c1ccccc1,1,development,402
CMPD_02095,COP(=O)(OC)SCCSC,ACYCLIC::COP(=O)(OC)SCCSC,1,development,402
CMPD_02096,COP(=O)(OC)SCn1c(=O)oc2cc(Cl)cnc21,O=c1[nH]c2ncccc2o1,0,development,402
CMPD_02097,COP(=S)(Cl)OC,ACYCLIC::COP(=S)(Cl)OC,1,development,402
CMPD_02098,COP(=S)(OC)Oc1c(Cl)cc(C)cc1Cl,c1ccccc1,0,development,402
CMPD_02099,COP(=S)(OC)Oc1cc(Cl)c(Br)cc1Cl,c1ccccc1,0,development,402
CMPD_02100,COP(=S)(OC)Oc1cc(Cl)c(Cl)cc1Cl,c1ccccc1,1,development,402
CMPD_02101,COP(=S)(OC)Oc1cc(Cl)c(I)cc1Cl,c1ccccc1,0,development,402
CMPD_02102,COP(=S)(OC)Oc1ccc([N+](=O)[O-])c(C)c1,c1ccccc1,1,development,402
CMPD_02103,COP(=S)(OC)Oc1ccc([N+](=O)[O-])cc1,c1ccccc1,1,development,402
CMPD_02104,COP(=S)(OC)Oc1ccc([N+](=O)[O-])cc1Cl,c1ccccc1,1,development,402
CMPD_02105,COP(=S)(OC)Oc1ccc(C#N)cc1,c1ccccc1,1,development,402
CMPD_02106,COP(=S)(OC)Oc1ccc(S(=O)(=O)N(C)C)cc1,c1ccccc1,1,development,402
CMPD_02107,COP(=S)(OC)Oc1ccc(SC)c(C)c1,c1ccccc1,1,development,402
CMPD_02108,COP(=S)(OC)Oc1ccc(Sc2ccc(OP(=S)(OC)OC)cc2)cc1,c1ccc(Sc2ccccc2)cc1,1,development,402
CMPD_02109,COP(=S)(OC)SCC(=O)N(C)C=O,ACYCLIC::COP(=S)(OC)SCC(=O)N(C)C=O,1,development,402
CMPD_02110,COP(=S)(OC)SCC(=O)N(c1ccc(Cl)cc1)C(C)C,c1ccccc1,0,development,402
CMPD_02111,COP(=S)(OC)SCC(=O)N1CCOCC1,C1COCCN1,1,development,402
CMPD_02112,COP(=S)(OC)SCc1ccc(SP(=S)(OC)OC)cc1,c1ccccc1,1,development,402
CMPD_02113,COP(=S)(OC)SCc1nc(N)nc(N)n1,c1ncncn1,0,development,402
CMPD_02114,COP(=S)(OC)SCCNC(C)=O,ACYCLIC::COP(=S)(OC)SCCNC(C)=O,1,development,402
CMPD_02115,COP(=S)(OC)SCCSC(C)C,ACYCLIC::COP(=S)(OC)SCCSC(C)C,1,development,402
CMPD_02116,COP(=S)(OC)SCSc1ccc(Cl)cc1,c1ccccc1,1,development,402
CMPD_02117,COP(=S)(Oc1cc(Cl)c(Br)cc1Cl)c1ccccc1,S=[PH](Oc1ccccc1)c1ccccc1,1,development,402
CMPD_02118,COP(N)(=O)SC,ACYCLIC::COP(N)(=O)SC,1,development,402
CMPD_02119,COP(N)(=S)OC,ACYCLIC::COP(N)(=S)OC,0,development,402
CMPD_02120,COP(S)(=NC(C)C)Oc1ccc(C)cc1[N+](=O)[O-],c1ccccc1,0,development,402
CMPD_02121,COP(S)(=NC(C)C)Oc1ccc(Cl)cc1Cl,c1ccccc1,1,development,402
CMPD_02122,COP1(=S)OCc2ccccc2O1,S=[PH]1OCc2ccccc2O1,1,locked_test,402
CMPD_02123,CP(=O)(O)CCC(N)C(=O)O,ACYCLIC::CP(=O)(O)CCC(N)C(=O)O,0,development,402
CMPD_02124,CP(=O)(O)CCC(N)C(=O)O[N+],ACYCLIC::CP(=O)(O)CCC(N)C(=O)O[N+],1,development,402
CMPD_02125,CP(=O)(Oc1ccccc1)Oc1ccccc1,O=[PH](Oc1ccccc1)Oc1ccccc1,1,development,402
CMPD_02126,CS(=O)(=O)C(Cl)=CCl,ACYCLIC::CS(=O)(=O)C(Cl)=CCl,1,locked_test,402
CMPD_02127,CS(=O)(=O)c1cc(C(F)(F)F)ccc1C(=O)c1cnoc1C1CC1,O=C(c1ccccc1)c1cnoc1C1CC1,0,development,402
CMPD_02128,CS(=O)(=O)c1ccc(C(=O)O)c([N+](=O)[O-])c1,c1ccccc1,0,development,402
CMPD_02129,CS(=O)(=O)c1ccc(C(O)=C2C(=O)CCCC2=O)c(Cl)c1,O=C1CCCC(=O)C1=Cc1ccccc1,0,development,402
CMPD_02130,CS(=O)(=O)c1ccc(C(O)=C2C(=O)CCCC2=O)c(Cl)c1COCC1CCCO1,O=C1CCCC(=O)C1=Cc1cccc(COCC2CCCO2)c1,0,development,402
CMPD_02131,CS(=O)(=O)c1nnc(C(F)(F)F)s1,c1nncs1,0,development,402
CMPD_02132,CS(=O)(=O)Cl,ACYCLIC::CS(=O)(=O)Cl,1,locked_test,402
CMPD_02133,CS(=O)(=O)O,ACYCLIC::CS(=O)(=O)O,0,development,402
CMPD_02134,CS(C)(=O)=O,ACYCLIC::CS(C)(=O)=O,0,development,402
CMPD_02135,CS(C)=O,ACYCLIC::CS(C)=O,0,development,402
CMPD_02136,CSC,ACYCLIC::CSC,0,locked_test,402
CMPD_02137,CSC(=O)c1c(C(F)F)nc(C(F)(F)F)c(C(=O)SC)c1CC(C)C,c1ccncc1,0,locked_test,402
CMPD_02138,CSC(C)=NOC(=O)N(C)SN(C)C(=O)ON=C(C)SC,ACYCLIC::CSC(C)=NOC(=O)N(C)SN(C)C(=O)ON=C(C)SC,0,development,402
CMPD_02139,CSc1cc(SC)c(N)c(C)c1N,c1ccccc1,0,development,402
CMPD_02140,CSc1ccc(C(=O)C(C)(C)N2CCOCC2)cc1,O=C(CN1CCOCC1)c1ccccc1,0,development,402
CMPD_02141,CSc1ccc(O)cc1C,c1ccccc1,1,development,402
CMPD_02142,CSc1nc([N-][N+]#N)nc(NC(C)C)n1,c1ncncn1,0,development,402
CMPD_02143,CSc1nc(NC(C)C)nc(NC(C)C)n1,c1ncncn1,0,development,402
CMPD_02144,CSc1nc2cc(Cl)c(Oc3cccc(Cl)c3Cl)cc2[nH]1,c1ccc(Oc2ccc3nc[nH]c3c2)cc1,0,development,402
CMPD_02145,CSP(SC)SC,ACYCLIC::CSP(SC)SC,1,development,402
CMPD_02146,CSSC,ACYCLIC::CSSC,0,development,402
CMPD_02147,F[As](F)c1ccccc1,c1ccccc1,1,development,402
CMPD_02148,FC(Cl)C(F)(F)C(F)(F)Cl,ACYCLIC::FC(Cl)C(F)(F)C(F)(F)Cl,0,locked_test,402
CMPD_02149,FC(F)(Cl)C(Cl)Cl,ACYCLIC::FC(F)(Cl)C(Cl)Cl,0,development,402
CMPD_02150,FC(F)(F)C(=NOCC1OCCO1)c1ccc(Cl)cc1,C(=NOCC1OCCO1)c1ccccc1,1,development,402
CMPD_02151,FC(F)(F)C(Cl)Cl,ACYCLIC::FC(F)(F)C(Cl)Cl,0,development,402
CMPD_02152,FC(F)(F)C(F)(F)C(Cl)Cl,ACYCLIC::FC(F)(F)C(F)(F)C(Cl)Cl,0,locked_test,402
CMPD_02153,FC(F)(F)C(F)(F)C(F)(F)F,ACYCLIC::FC(F)(F)C(F)(F)C(F)(F)F,0,development,402
CMPD_02154,FC(F)(F)c1ccc(Cl)c(Cl)c1,c1ccccc1,0,development,402
CMPD_02155,FC(F)(F)COC1CCC(Cn2cncn2)(c2ccc(Cl)cc2Cl)O1,c1ccc(C2(Cn3cncn3)CCCO2)cc1,0,development,402
CMPD_02156,FC(F)(F)N=C1SC(=Nc2ccccc2)N(c2ccccc2)C1=NC(F)(F)F,N=C1SC(=Nc2ccccc2)N(c2ccccc2)C1=N,0,development,402
CMPD_02157,FC(F)C(F)(F)OCC(Cn1cncn1)c1ccc(Cl)cc1Cl,c1ccc(CCn2cncn2)cc1,0,locked_test,402
CMPD_02158,Fc1ccc(C2(Cn3cncn3)OC2c2ccccc2Cl)cc1,c1ccc(C2OC2(Cn2cncn2)c2ccccc2)cc1,0,development,402
CMPD_02159,Fc1ccc(Oc2ccnc3cc(Cl)cc(Cl)c23)cc1,c1ccc(Oc2ccnc3ccccc23)cc1,0,development,402
CMPD_02160,Fc1cccc(C(F)(F)F)n1,c1ccncc1,0,locked_test,402
CMPD_02161,Fc1ccccc1C(Cl)(Cl)Cl,c1ccccc1,0,development,402
CMPD_02162,IC(I)I,ACYCLIC::IC(I)I,1,development,402
CMPD_02163,N#CC(=NOCC1OCCO1)c1ccccc1,C(=NOCC1OCCO1)c1ccccc1,0,development,402
CMPD_02164,N#CC(CCc1ccc(Cl)cc1)(Cn1cncn1)c1ccccc1,c1ccc(CCC(Cn2cncn2)c2ccccc2)cc1,0,development,402
CMPD_02165,N#Cc1c(Cl)c(Cl)c(Cl)c(C#N)c1Cl,c1ccccc1,0,development,402
CMPD_02166,N#Cc1c(Cl)cccc1Cl,c1ccccc1,0,development,402
CMPD_02167,N#Cc1c(F)cccc1F,c1ccccc1,0,development,402
CMPD_02168,N#Cc1c[nH]cc1-c1cccc(Cl)c1Cl,c1ccc(-c2cc[nH]c2)cc1,0,locked_test,402
CMPD_02169,N#Cc1c[nH]cc1-c1cccc2c1OC(F)(F)O2,c1cc2c(c(-c3cc[nH]c3)c1)OCO2,0,locked_test,402
CMPD_02170,N#Cc1cc(Br)c(O)c(Br)c1,c1ccccc1,0,development,402
CMPD_02171,N#Cc1cc(I)c(O)c(I)c1,c1ccccc1,1,development,402
CMPD_02172,N#Cc1ccc(C=Cc2ccc(C=Cc3cccc(C#N)c3)cc2)cc1,C(=Cc1ccc(C=Cc2ccccc2)cc1)c1ccccc1,0,development,402
CMPD_02173,N#Cc1ccc(-c2ccccc2)cc1,c1ccc(-c2ccccc2)cc1,0,locked_test,402
CMPD_02174,N#Cc1ccc(Nc2nc(=O)cc(O)[nH]2)cc1,O=c1cc[nH]c(Nc2ccccc2)n1,0,development,402
CMPD_02175,N#Cc1ccc(O)c(O)c1,c1ccccc1,0,development,402
CMPD_02176,N#Cc1cccc(C#N)c1,c1ccccc1,0,development,402
CMPD_02177,N#Cc1cccc(CBr)c1,c1ccccc1,0,development,402
CMPD_02178,N#Cc1ccccc1,c1ccccc1,1,development,402
CMPD_02179,N#Cc1ccccc1Cl,c1ccccc1,1,development,402
CMPD_02180,N#Cc1ccccc1NC(=O)c1snc(Cl)c1Cl,O=C(Nc1ccccc1)c1ccns1,0,development,402
CMPD_02181,N#Cc1nn(-c2c(Cl)cc(C(F)(F)F)cc2Cl)c(N)c1SSc1c(C#N)nn(-c2c(Cl)cc(C(F)(F)F)cc2Cl)c1N,c1ccc(-n2cc(SSc3cnn(-c4ccccc4)c3)cn2)cc1,0,development,402
CMPD_02182,N#CC1SC2=C(SC1C#N)C(=O)c1ccccc1C2=O,O=C1C2=C(SCCS2)C(=O)c2ccccc21,0,development,402
CMPD_02183,N#CCC#N,ACYCLIC::N#CCC#N,1,development,402
CMPD_02184,N#CCC(=O)O,ACYCLIC::N#CCC(=O)O,0,locked_test,402
CMPD_02185,N#CCc1ccccc1,c1ccccc1,0,development,402
CMPD_02186,N#CCCC#N,ACYCLIC::N#CCCC#N,0,development,402
CMPD_02187,N#CCCCCC#N,ACYCLIC::N#CCCCCC#N,1,development,402
CMPD_02188,N#CCN(CC#N)CC#N,ACYCLIC::N#CCN(CC#N)CC#N,1,development,402
CMPD_02189,N#CCN(CC#N)CCN(CC#N)CC#N,ACYCLIC::N#CCN(CC#N)CCN(CC#N)CC#N,0,locked_test,402
CMPD_02190,N#CCON=C(C#N)c1ccccc1,c1ccccc1,0,development,402
CMPD_02191,N#CN,ACYCLIC::N#CN,1,locked_test,402
CMPD_02192,N#CNC(=N)N,ACYCLIC::N#CNC(=N)N,0,development,402
CMPD_02193,N#CNC(=N)NCCCCCCNC(=N)NC#N,ACYCLIC::N#CNC(=N)NCCCCCCNC(=N)NC#N,0,development,402
CMPD_02194,N#CO,ACYCLIC::N#CO,0,locked_test,402
CMPD_02195,N#CS,ACYCLIC::N#CS,0,locked_test,402
CMPD_02196,N#CSCSc1nc2ccccc2s1,c1ccc2scnc2c1,0,development,402
CMPD_02197,N=C(N)N,ACYCLIC::N=C(N)N,0,development,402
CMPD_02198,N=C(N)NCC(O)CC(O)(C(=O)O)C1OC(n2cc(CO)c(N)nc2=O)C=CC1NC(=O)C(N)CO,O=c1ncccn1C1C=CCCO1,0,development,402
CMPD_02199,N=C(N)NCCCCCCCCNCCCCCCCCNC(=N)N,ACYCLIC::N=C(N)NCCCCCCCCNCCCCCCCCNC(=N)N,1,development,402
CMPD_02200,N=C(N)S(=O)O,ACYCLIC::N=C(N)S(=O)O,0,development,402
CMPD_02201,N=C(Nc1ccccc1)Nc1ccccc1,N=C(Nc1ccccc1)Nc1ccccc1,0,development,402
CMPD_02202,N=C1C=Cc2cc(S(=O)(=O)O)cc(O)c2/C1=N\Nc1ccc(Nc2nc(NCCS(=O)(=O)O)nc(N(CCO)CCO)n2)cc1S(=O)(=O)O,N=C1C=Cc2ccccc2C1=NNc1ccc(Nc2ncncn2)cc1,0,development,402
CMPD_02203,N1=NC(=C2NN=NN2)N=N1,N1=NC(=C2NN=NN2)N=N1,0,development,402
CMPD_02204,n1nc(Nc2nn[nH]n2)n[nH]1,n1nc(Nc2nn[nH]n2)n[nH]1,0,development,402
CMPD_02205,NC(=O)c1c(F)cccc1F,c1ccccc1,0,development,402
CMPD_02206,NC(=O)c1ccccc1Cl,c1ccccc1,0,development,402
CMPD_02207,NC(=O)c1cccnc1,c1ccncc1,0,locked_test,402
CMPD_02208,NC(=O)CBr,ACYCLIC::NC(=O)CBr,0,development,402
CMPD_02209,NC(=O)CCl,ACYCLIC::NC(=O)CCl,0,development,402
CMPD_02210,NC(=O)CCN(CCO)c1nc(Nc2ccccc2)nc(Nc2ccc(C=Cc3ccc(Nc4nc(Nc5ccccc5)nc(N(CCO)CCC(N)=O)n4)cc3S(=O)(=O)O)c(S(=O)(=O)O)c2)n1,C(=Cc1ccc(Nc2ncnc(Nc3ccccc3)n2)cc1)c1ccc(Nc2ncnc(Nc3ccccc3)n2)cc1,0,development,402
CMPD_02211,NC(=O)CF,ACYCLIC::NC(=O)CF,1,locked_test,402
CMPD_02212,NC(=O)N=C(N)N,ACYCLIC::NC(=O)N=C(N)N,0,development,402
CMPD_02213,NC(=O)N=NC(N)=O,ACYCLIC::NC(=O)N=NC(N)=O,0,locked_test,402
CMPD_02214,NC(=O)NC(=O)O,ACYCLIC::NC(=O)NC(=O)O,0,development,402
CMPD_02215,NC(=O)Nc1cc(Nc2nc(Cl)nc(Nc3ccc(N=Nc4cc(N)c(S(=O)(=O)O)cc4S(=O)(=O)OCCS(=O)(=O)O)cc3)n2)ccc1N=Nc1cc2c(S(=O)(=O)O)cc(S(=O)(=O)O)cc2cc1S(=O)(=O)O,c1ccc(N=Nc2ccc(Nc3ncnc(Nc4ccc(N=Nc5ccc6ccccc6c5)cc4)n3)cc2)cc1,0,development,402
CMPD_02216,NC(=O)Nc1cc(Nc2nc(Cl)nc(Nc3ccc(S(=O)(=O)CCOS(=O)(=O)O)cc3)n2)ccc1N=Nc1cc2c(S(=O)(=O)O)cc(S(=O)(=O)O)cc2cc1S(=O)(=O)O,c1ccc(Nc2ncnc(Nc3ccc(N=Nc4ccc5ccccc5c4)cc3)n2)cc1,0,development,402
CMPD_02217,NC(=O)Nc1cc(Nc2nc(N)nc(Cl)n2)ccc1N=Nc1cc2c(S(=O)(=O)O)cc(S(=O)(=O)O)cc2cc1S(=O)(=O)O,c1ccc2cc(N=Nc3ccc(Nc4ncncn4)cc3)ccc2c1,0,development,402
CMPD_02218,NC(=O)NCCO,ACYCLIC::NC(=O)NCCO,0,development,402
CMPD_02219,NC(=O)O,ACYCLIC::NC(=O)O,0,development,402
CMPD_02220,NC(=O)OCC(O)C(O)C(N)C(=O)NC(C(=O)O)C1OC(n2cc(CO)c(=O)[nH]c2=O)C(O)C1O,O=c1ccn(C2CCCO2)c(=O)[nH]1,0,development,402
CMPD_02221,NC(CCC(=O)O)C(=O)O,ACYCLIC::NC(CCC(=O)O)C(=O)O,0,development,402
CMPD_02222,NC(CO)(CO)CO,ACYCLIC::NC(CO)(CO)CO,0,development,402
CMPD_02223,NC(CO)CO,ACYCLIC::NC(CO)CO,0,development,402
CMPD_02224,NC(CS)C(=O)O,ACYCLIC::NC(CS)C(=O)O,0,development,402
CMPD_02225,NC(CSSCC(N)C(=O)O)C(=O)O,ACYCLIC::NC(CSSCC(N)C(=O)O)C(=O)O,0,development,402
CMPD_02226,NC(N)=S,ACYCLIC::NC(N)=S,0,locked_test,402
CMPD_02227,NC=O,ACYCLIC::NC=O,0,locked_test,402
CMPD_02228,Nc1c([N+](=O)[O-])ccc(Oc2ccccc2)c1Cl,c1ccc(Oc2ccccc2)cc1,0,development,402
CMPD_02229,Nc1c(Cl)c(F)nc(OCC(=O)O)c1Cl,c1ccncc1,0,locked_test,402
CMPD_02230,Nc1c(Cl)cc(C(F)(F)F)cc1Cl,c1ccccc1,0,development,402
CMPD_02231,Nc1c(Cl)cc(Cl)cc1Cl,c1ccccc1,0,development,402
CMPD_02232,Nc1c(I)c(C(=O)Cl)c(I)c(C(=O)Cl)c1I,c1ccccc1,0,development,402
CMPD_02233,Nc1c(I)c(C(=O)O)c(I)c(C(=O)NCC(O)CO)c1I,c1ccccc1,0,development,402
CMPD_02234,Nc1c(I)c(C(=O)O)c(I)c(C(=O)O)c1I,c1ccccc1,0,development,402
CMPD_02235,Nc1c(S(=O)(=O)O)cc(Nc2ccc(S(=O)(=O)CCOS(=O)(=O)O)cc2)c2c1C(=O)c1ccccc1C2=O,O=C1c2ccccc2C(=O)c2c(Nc3ccccc3)cccc21,0,development,402
CMPD_02236,Nc1c(S(=O)(=O)O)cc(Nc2cccc(S(=O)(=O)CCOS(=O)(=O)O)c2)c2c1C(=O)c1ccccc1C2=O,O=C1c2ccccc2C(=O)c2c(Nc3ccccc3)cccc21,0,development,402
CMPD_02237,Nc1c(S(=O)(=O)O)cc(NC2CCCCC2)c2c1C(=O)c1ccccc1C2=O,O=C1c2ccccc2C(=O)c2c(NC3CCCCC3)cccc21,0,development,402
CMPD_02238,Nc1cc([N+](=O)[O-])cc([N+](=O)[O-])c1O,c1ccccc1,0,development,402
CMPD_02239,Nc1cc([N+](=O)[O-])ccc1O,c1ccccc1,0,development,402
CMPD_02240,Nc1cc(Cl)cc(C(=O)O)c1Cl,c1ccccc1,0,development,402
CMPD_02241,Nc1cc(Cl)ccc1Oc1ccc(Cl)cc1Cl,c1ccc(Oc2ccccc2)cc1,0,development,402
CMPD_02242,Nc1cc(Cl)nc(C(=O)O)c1Cl,c1ccncc1,0,locked_test,402
CMPD_02243,Nc1cc2c(cc1S(=O)(=O)O)nc1c3cccc(S(=O)(=O)O)c3c(Nc3ccccc3)cc1[n+]2-c1ccccc1,c1ccc(Nc2cc3c(nc4ccccc4[n+]3-c3ccccc3)c3ccccc23)cc1,0,development,402
CMPD_02244,Nc1ccc(C2(c3ccc(N)c(Cl)c3)c3ccccc3-c3ccccc32)cc1Cl,c1ccc(C2(c3ccccc3)c3ccccc3-c3ccccc32)cc1,0,development,402
CMPD_02245,Nc1ccc(-c2ccc(N)c3c2C(=O)c2ccccc2C3=O)c2c1C(=O)c1ccccc1C2=O,O=C1c2ccccc2C(=O)c2c1cccc2-c1cccc2c1C(=O)c1ccccc1C2=O,0,development,402
CMPD_02246,Nc1ccc(-c2ccccc2N=NS(=O)(=O)O)cc1,c1ccc(-c2ccccc2)cc1,0,locked_test,402
CMPD_02247,Nc1ccc(Cc2ccc(N)c(Cl)c2)cc1Cl,c1ccc(Cc2ccccc2)cc1,0,locked_test,402
CMPD_02248,Nc1ccc(Cl)c(Cl)c1,c1ccccc1,1,development,402
CMPD_02249,Nc1ccc(Cl)cc1,c1ccccc1,0,development,402
CMPD_02250,Nc1ccc(F)cc1,c1ccccc1,0,development,402
CMPD_02251,Nc1ccc(F)cc1F,c1ccccc1,1,development,402
CMPD_02252,Nc1ccc(N)c([N+](=O)[O-])c1,c1ccccc1,0,development,402
CMPD_02253,Nc1ccc(N=Nc2ccccc2)c(N)c1,c1ccc(N=Nc2ccccc2)cc1,0,development,402
CMPD_02254,Nc1ccc(Nc2ccc(S(N)(=O)=O)cc2)cc1,c1ccc(Nc2ccccc2)cc1,0,development,402
CMPD_02255,Nc1ccc(Nc2ccccc2)cc1,c1ccc(Nc2ccccc2)cc1,0,development,402
CMPD_02256,Nc1ccc(S(=O)(=O)c2ccc(N)cc2)cc1,O=S(=O)(c1ccccc1)c1ccccc1,0,development,402
CMPD_02257,Nc1ccc(S(=O)(=O)O)cc1,c1ccccc1,0,development,402
CMPD_02258,Nc1ccc2c(O)c(N=Nc3cc([N+](=O)[O-])cc(S(=O)(=O)O)c3O)c(S(=O)(=O)O)cc2c1N=Nc1cc(S(=O)(=O)O)cc(C(=O)O)c1O,c1ccc(N=Nc2ccc3c(N=Nc4ccccc4)cccc3c2)cc1,0,development,402
CMPD_02259,Nc1ccc2c(O)c(N=Nc3ccc(N=Nc4ccc(S(=O)(=O)O)cc4)cc3)c(S(=O)(=O)O)cc2c1,c1ccc(N=Nc2ccc(N=Nc3ccc4ccccc4c3)cc2)cc1,0,development,402
CMPD_02260,Nc1ccc2cc(S(=O)(=O)O)cc(O)c2c1N=Nc1ccc(Cl)cc1C(F)(F)F,c1ccc(N=Nc2cccc3ccccc23)cc1,0,locked_test,402
CMPD_02261,Nc1ccc2cc(S(=O)(=O)O)ccc2c1,c1ccc2ccccc2c1,0,development,402
CMPD_02262,Nc1cccc(C(=O)Nc2ccc(S(=O)(=O)O)c3cc(S(=O)(=O)O)cc(O)c23)c1,O=C(Nc1cccc2ccccc12)c1ccccc1,0,locked_test,402
CMPD_02263,Nc1cccc(Cl)c1,c1ccccc1,1,development,402
CMPD_02264,Nc1cccc(N)c1,c1ccccc1,1,development,402
CMPD_02265,Nc1cccc(O)c1,c1ccccc1,1,development,402
CMPD_02266,Nc1cccc(Oc2ccc(-c3ccc(Oc4cccc(N)c4)cc3)cc2)c1,c1ccc(Oc2ccc(-c3ccc(Oc4ccccc4)cc3)cc2)cc1,0,development,402
CMPD_02267,Nc1cccc2cccc(N)c12,c1ccc2ccccc2c1,0,development,402
CMPD_02268,Nc1cccc2ccccc12,c1ccc2ccccc2c1,1,development,402
CMPD_02269,Nc1ccccc1,c1ccccc1,1,development,402
CMPD_02270,NC1CCCCC1,C1CCCCC1,1,locked_test,402
CMPD_02271,Nc1ccccc1[N+](=O)[O-],c1ccccc1,0,development,402
CMPD_02272,Nc1ccccc1C(F)(F)F,c1ccccc1,0,development,402
CMPD_02273,Nc1ccccc1Cl,c1ccccc1,1,development,402
CMPD_02274,Nc1ccccc1N,c1ccccc1,0,development,402
CMPD_02275,NC1CCCCC1N,C1CCCCC1,1,locked_test,402
CMPD_02276,Nc1ccccc1OCCOc1ccccc1N,c1ccc(OCCOc2ccccc2)cc1,0,locked_test,402
CMPD_02277,Nc1ccn(C2OC(COP(=O)(O)O)C(O)C2O)c(=O)n1,O=c1ncccn1C1CCCO1,0,development,402
CMPD_02278,Nc1ccncc1,c1ccncc1,1,locked_test,402
CMPD_02279,Nc1nc(N)nc(NC2CC2)n1,c1ncnc(NC2CC2)n1,0,development,402
CMPD_02280,Nc1ncnc2c1ncn2C1OC(COP(=O)(O)O)C(O)C1O,c1ncc2ncn(C3CCCO3)c2n1,0,development,402
CMPD_02281,NCC1CCCC(CN)C1,C1CCCCC1,1,locked_test,402
CMPD_02282,NCc1ccccc1,c1ccccc1,1,development,402
CMPD_02283,NCCc1ccc(O)cc1,c1ccccc1,0,development,402
CMPD_02284,NCCCCCCCCCCC(=O)O,ACYCLIC::NCCCCCCCCCCC(=O)O,0,development,402
CMPD_02285,NCCCCCCCCCCCC(=O)O,ACYCLIC::NCCCCCCCCCCCC(=O)O,0,development,402
CMPD_02286,NCCCCCCN,ACYCLIC::NCCCCCCN,1,development,402
CMPD_02287,NCCCCCCNC(=O)O,ACYCLIC::NCCCCCCNC(=O)O,0,development,402
CMPD_02288,NCCCCN,ACYCLIC::NCCCCN,1,development,402
CMPD_02289,NCCCN,ACYCLIC::NCCCN,1,development,402
CMPD_02290,NCCCN(CCO)CCO,ACYCLIC::NCCCN(CCO)CCO,0,development,402
CMPD_02291,NCCCNCCCCNCCCN,ACYCLIC::NCCCNCCCCNCCCN,0,locked_test,402
CMPD_02292,NCCCNCCCN,ACYCLIC::NCCCNCCCN,1,development,402
CMPD_02293,NCCCNCCN,ACYCLIC::NCCCNCCN,1,locked_test,402
CMPD_02294,NCCCOCCOCCOCCCN,ACYCLIC::NCCCOCCOCCOCCCN,0,development,402
CMPD_02295,NCCN,ACYCLIC::NCCN,1,development,402
CMPD_02296,NCCN1CCNCC1,C1CNCCN1,1,development,402
CMPD_02297,NCCNCCN,ACYCLIC::NCCNCCN,1,development,402
CMPD_02298,NCCNCCNCCNCCN,ACYCLIC::NCCNCCNCCNCCN,1,locked_test,402
CMPD_02299,NCCNCCO,ACYCLIC::NCCNCCO,0,development,402
CMPD_02300,NCCNCCS(=O)(=O)O,ACYCLIC::NCCNCCS(=O)(=O)O,0,development,402
CMPD_02301,NCCO,ACYCLIC::NCCO,0,development,402
CMPD_02302,NCCOCCOCCN,ACYCLIC::NCCOCCOCCN,0,development,402
CMPD_02303,NNC(=O)NN,ACYCLIC::NNC(=O)NN,0,development,402
CMPD_02304,NNc1ccccc1,c1ccccc1,1,development,402
CMPD_02305,NS(=O)(=O)c1ccc(NC(=S)Nc2ccc(F)cc2)cc1,S=C(Nc1ccccc1)Nc1ccccc1,0,development,402
CMPD_02306,O[Si](O)(c1ccccc1)c1ccccc1,c1ccc([SiH2]c2ccccc2)cc1,0,development,402
CMPD_02307,[OH][Sn]([CH]1CCCCC1)([CH]1CCCCC1)[CH]1CCCCC1,C1CC[CH]([SnH]([CH]2CCCCC2)[CH]2CCCCC2)CC1,1,development,402
CMPD_02308,O=[N+]([O-])c1c(Cl)c(Cl)c(Cl)c(Cl)c1Cl,c1ccccc1,0,development,402
CMPD_02309,O=[N+]([O-])c1c(Cl)c(Cl)cc(Cl)c1Cl,c1ccccc1,0,development,402
CMPD_02310,O=[N+]([O-])c1cc(C(F)(F)F)c(Cl)c([N+](=O)[O-])c1Cl,c1ccccc1,0,development,402
CMPD_02311,O=[N+]([O-])c1cc(C(F)(F)F)c(Cl)c([N+](=O)[O-])c1Nc1ncc(C(F)(F)F)cc1Cl,c1ccc(Nc2ccccn2)cc1,0,development,402
CMPD_02312,O=[N+]([O-])c1cc(C(F)(F)F)ccc1Cl,c1ccccc1,0,development,402
CMPD_02313,O=[N+]([O-])c1cc(Cl)c(Cl)c(Cl)c1[N+](=O)[O-],c1ccccc1,1,development,402
CMPD_02314,O=[N+]([O-])c1cc(Cl)c(OC(F)(F)C(F)C(F)(F)F)cc1Cl,c1ccccc1,0,development,402
CMPD_02315,O=[N+]([O-])c1ccc(Cl)c(Cl)c1,c1ccccc1,0,development,402
CMPD_02316,O=[N+]([O-])c1ccc(Cl)cc1Cl,c1ccccc1,1,development,402
CMPD_02317,O=[N+]([O-])c1ccc(NS(=O)(=O)c2ccc(Cl)c(C(F)(F)F)c2)c(Cl)c1,O=S(=O)(Nc1ccccc1)c1ccccc1,0,development,402
CMPD_02318,O=[N+]([O-])c1ccc(O)cc1,c1ccccc1,1,development,402
CMPD_02319,O=[N+]([O-])c1ccc(Oc2c(Cl)cc(Cl)cc2Cl)cc1,c1ccc(Oc2ccccc2)cc1,0,development,402
CMPD_02320,O=[N+]([O-])c1ccc(Oc2ccc(C(F)(F)F)cc2[N+](=O)[O-])cc1,c1ccc(Oc2ccccc2)cc1,0,development,402
CMPD_02321,O=[N+]([O-])c1ccc(Oc2ccc(Cl)cc2Cl)cc1,c1ccc(Oc2ccccc2)cc1,0,development,402
CMPD_02322,O=[N+]([O-])c1ccc(ON=Cc2cc(Br)c(O)c(Br)c2)c([N+](=O)[O-])c1,C(=NOc1ccccc1)c1ccccc1,0,development,402
CMPD_02323,O=[N+]([O-])c1cccc(Cl)c1Cl,c1ccccc1,0,development,402
CMPD_02324,O=[N+]([O-])c1ccccc1Cl,c1ccccc1,1,development,402
CMPD_02325,O=[N+]([O-])N1CN([N+](=O)[O-])CN([N+](=O)[O-])CN([N+](=O)[O-])C1,C1NCNCNCN1,0,development,402
CMPD_02326,O=[N+]([O-])NC1=NCCN1Cc1ccc(Cl)nc1,C1=NCCN1Cc1cccnc1,0,locked_test,402
CMPD_02327,O=[N+]([O-])OC1COC2C(O[N+](=O)[O-])COC12,C1CC2OCCC2O1,0,development,402
CMPD_02328,O=[N+]([O-])OCC(CO[N+](=O)[O-])O[N+](=O)[O-],ACYCLIC::O=[N+]([O-])OCC(CO[N+](=O)[O-])O[N+](=O)[O-],0,development,402
CMPD_02329,O=[N+]([O-])OCCO[N+](=O)[O-],ACYCLIC::O=[N+]([O-])OCCO[N+](=O)[O-],0,development,402
CMPD_02330,O=[N+]([O-])OCCOCCO[N+](=O)[O-],ACYCLIC::O=[N+]([O-])OCCOCCO[N+](=O)[O-],0,development,402
CMPD_02331,O=[p+]1oc2ccccc2c2ccccc21,O=[p+]1oc2ccccc2c2ccccc21,0,locked_test,402
CMPD_02332,O=C1c2ccccc2C(=O)C1C(=O)C(c1ccccc1)c1ccccc1,O=C1c2ccccc2C(=O)C1C(=O)C(c1ccccc1)c1ccccc1,1,development,402
CMPD_02333,O=C(C(F)(F)C(F)(F)F)C(F)(C(F)(F)F)C(F)(F)F,ACYCLIC::O=C(C(F)(F)C(F)(F)F)C(F)(C(F)(F)F)C(F)(F)F,0,development,402
CMPD_02334,O=C(C(F)(F)F)C(F)(F)F,ACYCLIC::O=C(C(F)(F)F)C(F)(F)F,1,locked_test,402
CMPD_02335,O=C(C=C(O)c1ccccc1)c1ccccc1,O=C(C=Cc1ccccc1)c1ccccc1,0,development,402
CMPD_02336,O=C(C=Cc1ccccc1)OCC=Cc1ccccc1,O=C(C=Cc1ccccc1)OCC=Cc1ccccc1,0,development,402
CMPD_02337,O=C(C=Cc1ccccc1)OCc1ccccc1,O=C(C=Cc1ccccc1)OCc1ccccc1,0,development,402
CMPD_02338,O=C(c1ccc(F)cc1)c1ccc(F)cc1,O=C(c1ccccc1)c1ccccc1,0,development,402
CMPD_02339,O=C(c1ccc(Oc2ccccc2)cc1)c1ccc(C(=O)c2ccc(Oc3ccccc3)cc2)cc1,O=C(c1ccc(Oc2ccccc2)cc1)c1ccc(C(=O)c2ccc(Oc3ccccc3)cc2)cc1,0,development,402
CMPD_02340,O=C(c1ccc2c(c1)C(=O)OC2=O)c1ccc2c(c1)C(=O)OC2=O,O=C(c1ccc2c(c1)C(=O)OC2=O)c1ccc2c(c1)C(=O)OC2=O,0,locked_test,402
CMPD_02341,O=C(c1ccccc1)C1(O)CCCCC1,O=C(c1ccccc1)C1CCCCC1,0,development,402
CMPD_02342,O=C(c1ccccc1)c1ccc(OCC(O)COc2ccc(C(=O)c3ccccc3)c(O)c2)cc1O,O=C(c1ccccc1)c1ccc(OCCCOc2ccc(C(=O)c3ccccc3)cc2)cc1,0,development,402
CMPD_02343,O=C(CC(C(=O)OC1CCCCC1)S(=O)(=O)O)OC1CCCCC1,O=C(CCC(=O)OC1CCCCC1)OC1CCCCC1,0,development,402
CMPD_02344,O=C(Cc1ccccc1)OCc1ccccc1,O=C(Cc1ccccc1)OCc1ccccc1,0,development,402
CMPD_02345,O=C(Cc1ccccc1)OCCc1ccccc1,O=C(Cc1ccccc1)OCCc1ccccc1,0,development,402
CMPD_02346,O=C(CF)Nc1ccc(Br)cc1,c1ccccc1,1,development,402
CMPD_02347,O=C(Cl)c1cc(Cl)c(Cl)c(Cl)c1Cl,c1ccccc1,0,development,402
CMPD_02348,O=C(Cl)c1ccccc1F,c1ccccc1,0,development,402
CMPD_02349,O=C(Cl)CCl,ACYCLIC::O=C(Cl)CCl,1,development,402
CMPD_02350,O=C(Cn1cnc([N+](=O)[O-])n1)Nc1cc(C(F)(F)F)ccc1Cl,O=C(Cn1cncn1)Nc1ccccc1,0,development,402
CMPD_02351,O=C(CO)C1=C(O)C(O)C(O)O1,C1=COCC1,0,development,402
CMPD_02352,O=C(CO)Oc1ccc(Cl)cc1Cl,c1ccccc1,0,development,402
CMPD_02353,O=C(N1CC2CC(C1)c1cc3nccnc3cc12)C(F)(F)F,c1cnc2cc3c(cc2n1)C1CNCC3C1,0,development,402
CMPD_02354,O=C(NC(=O)c1c(F)cccc1F)Nc1cc(Cl)c(F)c(Cl)c1F,O=C(NC(=O)c1ccccc1)Nc1ccccc1,0,development,402
CMPD_02355,O=C(NC(=O)c1c(F)cccc1F)Nc1cc(Cl)c(OC(F)(F)C(F)F)c(Cl)c1,O=C(NC(=O)c1ccccc1)Nc1ccccc1,0,development,402
CMPD_02356,O=C(NC(=O)c1c(F)cccc1F)Nc1cc(Cl)c(Oc2ncc(C(F)(F)F)cc2Cl)c(Cl)c1,O=C(NC(=O)c1ccccc1)Nc1ccc(Oc2ccccn2)cc1,1,development,402
CMPD_02357,O=C(NC(=O)c1c(F)cccc1F)Nc1ccc(Cl)cc1,O=C(NC(=O)c1ccccc1)Nc1ccccc1,0,development,402
CMPD_02358,O=C(NC(=O)c1c(F)cccc1F)Nc1ccc(CON=C(c2ccc(Cl)cc2)C2CC2)cc1,O=C(NC(=O)c1ccccc1)Nc1ccc(CON=C(c2ccccc2)C2CC2)cc1,0,development,402
CMPD_02359,O=C(NC(=O)c1c(F)cccc1F)Nc1ccc(Oc2ccc(C(F)(F)F)cc2Cl)cc1F,O=C(NC(=O)c1ccccc1)Nc1ccc(Oc2ccccc2)cc1,0,locked_test,402
CMPD_02360,O=C(NC(=O)c1ccccc1Cl)Nc1ccc(OC(F)(F)F)cc1,O=C(NC(=O)c1ccccc1)Nc1ccccc1,0,development,402
CMPD_02361,O=C(NC(C(=O)O)C1CCCCC1)OCc1ccccc1,O=C(NCC1CCCCC1)OCc1ccccc1,0,locked_test,402
CMPD_02362,O=C(NC(O)C(Cl)(Cl)Cl)NC(O)C(Cl)(Cl)Cl,ACYCLIC::O=C(NC(O)C(Cl)(Cl)Cl)NC(O)C(Cl)(Cl)Cl,0,development,402
CMPD_02363,O=C(Nc1ccc(Cl)cc1)Nc1ccc(Cl)c(Cl)c1,O=C(Nc1ccccc1)Nc1ccccc1,0,locked_test,402
CMPD_02364,O=C(Nc1ccc(Cl)cc1C(O)c1ccccc1)c1ccncc1,O=C(Nc1ccccc1Cc1ccccc1)c1ccncc1,0,development,402
CMPD_02365,O=C(Nc1ccc(F)cc1F)c1cccnc1Oc1cccc(C(F)(F)F)c1,O=C(Nc1ccccc1)c1cccnc1Oc1ccccc1,0,locked_test,402
CMPD_02366,O=C(Nc1ccc(NC(=O)c2cc3ccccc3c(N=Nc3cc(Cl)ccc3Cl)c2O)c(Cl)c1)c1cc2ccccc2c(N=Nc2cc(Cl)ccc2Cl)c1O,O=C(Nc1ccc(NC(=O)c2cc(N=Nc3ccccc3)c3ccccc3c2)cc1)c1cc(N=Nc2ccccc2)c2ccccc2c1,0,development,402
CMPD_02367,O=C(Nc1ccc2[nH]c(=O)[nH]c2c1)c1cc2ccccc2c(N=Nc2cc(Cl)ccc2Cl)c1O,O=C(Nc1ccc2[nH]c(=O)[nH]c2c1)c1cc(N=Nc2ccccc2)c2ccccc2c1,0,development,402
CMPD_02368,O=C(Nc1cccc(Cl)c1)OCC#CCCl,c1ccccc1,1,development,402
CMPD_02369,O=C(Nc1ccccc1)c1ccccc1I,O=C(Nc1ccccc1)c1ccccc1,0,development,402
CMPD_02370,O=C(Nc1ccccc1)N(Cc1ccc(Cl)cc1)C1CCCC1,O=C(Nc1ccccc1)N(Cc1ccccc1)C1CCCC1,0,development,402
CMPD_02371,O=C(Nc1ccccc1)Nc1ccnc(Cl)c1,O=C(Nc1ccccc1)Nc1ccncc1,0,development,402
CMPD_02372,O=C(NCCCCCCNC(=O)NCc1ccccc1)NCc1ccccc1,O=C(NCCCCCCNC(=O)NCc1ccccc1)NCc1ccccc1,0,development,402
CMPD_02373,O=C(O)C(=O)O,ACYCLIC::O=C(O)C(=O)O,0,development,402
CMPD_02374,O=C(O)C(Cl)(Cl)Cl,ACYCLIC::O=C(O)C(Cl)(Cl)Cl,0,development,402
CMPD_02375,O=C(O)C(CO)Nc1ccc([N+](=O)[O-])cc1,c1ccccc1,0,development,402
CMPD_02376,O=C(O)C(F)(F)C(F)(F)C(F)(F)C(F)(F)C(F)(F)C(F)(F)C(F)(F)F,ACYCLIC::O=C(O)C(F)(F)C(F)(F)C(F)(F)C(F)(F)C(F)(F)C(F)(F)C(F)(F)F,0,locked_test,402
CMPD_02377,O=C(O)C(F)(F)F,ACYCLIC::O=C(O)C(F)(F)F,0,development,402
CMPD_02378,O=C(O)C(F)(OC(F)(F)C(F)(F)C(F)(F)F)C(F)(F)F,ACYCLIC::O=C(O)C(F)(OC(F)(F)C(F)(F)C(F)(F)F)C(F)(F)F,0,development,402
CMPD_02379,O=C(O)C(O)C(O)C(=O)O,ACYCLIC::O=C(O)C(O)C(O)C(=O)O,0,development,402
CMPD_02380,O=C(O)C(O)C(O)C(O)C(O)C(O)CO,ACYCLIC::O=C(O)C(O)C(O)C(O)C(O)C(O)CO,0,locked_test,402
CMPD_02381,O=C(O)C(O)C(O)C(O)C(O)CO,ACYCLIC::O=C(O)C(O)C(O)C(O)C(O)CO,0,development,402
CMPD_02382,O=C(O)C(O)c1ccccc1Cl,c1ccccc1,0,development,402
CMPD_02383,O=C(O)C=CCl,ACYCLIC::O=C(O)C=CCl,0,development,402
CMPD_02384,O=C(O)C1(C(=O)Nc2ccc(Cl)cc2Cl)CC1,O=C(Nc1ccccc1)C1CC1,0,locked_test,402
CMPD_02385,O=C(O)C1(O)c2ccccc2-c2ccc(Cl)cc21,c1ccc2c(c1)Cc1ccccc1-2,0,development,402
CMPD_02386,O=C(O)C1(O)c2ccccc2-c2ccccc21,c1ccc2c(c1)Cc1ccccc1-2,0,development,402
CMPD_02387,O=C(O)c1[nH]n(-c2ccc(S(=O)(=O)O)cc2)c(=O)c1/N=N/c1cc(Nc2nc(Cl)nc(Nc3cccc(S(=O)(=O)O)c3)n2)ccc1S(=O)(=O)O,O=c1c(N=Nc2cccc(Nc3ncnc(Nc4ccccc4)n3)c2)c[nH]n1-c1ccccc1,0,locked_test,402
CMPD_02388,O=C(O)c1[nH]n(-c2ccc(S(=O)(=O)O)cc2)c(=O)c1/N=N/c1ccc(S(=O)(=O)CCOS(=O)(=O)O)cc1,O=c1c(N=Nc2ccccc2)c[nH]n1-c1ccccc1,0,locked_test,402
CMPD_02389,O=C(O)c1c(Cl)c(Cl)c(Cl)c(Cl)c1C(=O)Nc1cccc(Cl)c1Cl,O=C(Nc1ccccc1)c1ccccc1,0,development,402
CMPD_02390,O=C(O)c1c(Cl)ccc2cc(Cl)cnc12,c1ccc2ncccc2c1,0,development,402
CMPD_02391,O=C(O)c1c[nH]c2cc(Cl)cc(Cl)c2c1=O,O=c1cc[nH]c2ccccc12,0,development,402
CMPD_02392,O=C(O)C1C2C=CC(C2)C1C(=O)O,C1=CC2CCC1C2,0,development,402
CMPD_02393,O=C(O)C1C2CCC(O2)C1C(=O)O,C1CC2CCC1O2,1,development,402
CMPD_02394,O=C(O)c1cc([N+](=O)[O-])ccc1O,c1ccccc1,0,development,402
CMPD_02395,O=C(O)c1cc(C(=O)NCC(O)CO)cc([N+](=O)[O-])c1,c1ccccc1,0,development,402
CMPD_02396,O=C(O)c1cc(C(=O)O)cc(S(=O)(=O)O)c1,c1ccccc1,0,development,402
CMPD_02397,O=C(O)c1cc(O)cc(C(=O)O)c1,c1ccccc1,0,development,402
CMPD_02398,O=C(O)c1ccc(C(=O)O)cc1,c1ccccc1,0,development,402
CMPD_02399,O=C(O)c1ccc(C(=O)O)o1,c1ccoc1,0,development,402
CMPD_02400,O=C(O)c1ccc(O)cc1,c1ccccc1,0,development,402
CMPD_02401,O=C(O)c1ccc[n+](Cc2ccccc2)c1,c1ccc(C[n+]2ccccc2)cc1,0,development,402
CMPD_02402,O=C(O)c1ccc2c(c1)C(=O)OC2=O,O=C1OC(=O)c2ccccc21,0,development,402
CMPD_02403,O=C(O)c1cccc(C(=O)O)c1,c1ccccc1,0,development,402
CMPD_02404,O=C(O)c1ccccc1,c1ccccc1,0,development,402
CMPD_02405,O=C(O)c1ccccc1C(=O)c1ccc(-c2ccccc2)cc1,O=C(c1ccccc1)c1ccc(-c2ccccc2)cc1,0,development,402
CMPD_02406,O=C(O)c1ccccc1C(=O)Nc1ccc(S(=O)(=O)Nc2nccs2)cc1,O=C(Nc1ccc(S(=O)(=O)Nc2nccs2)cc1)c1ccccc1,0,development,402
CMPD_02407,O=C(O)c1ccccc1C(=O)O,c1ccccc1,0,development,402
CMPD_02408,O=C(O)c1ccccc1O,c1ccccc1,0,development,402
CMPD_02409,O=C(O)c1ccccc1SSc1ccccc1C(=O)O,c1ccc(SSc2ccccc2)cc1,0,locked_test,402
CMPD_02410,O=C(O)c1cccnc1,c1ccncc1,0,locked_test,402
CMPD_02411,O=C(O)c1ccnc(C(=O)O)c1,c1ccncc1,0,locked_test,402
CMPD_02412,O=C(O)c1cn(C2CC2)c2cc(Cl)c(F)cc2c1=O,O=c1ccn(C2CC2)c2ccccc12,0,development,402
CMPD_02413,O=C(O)c1nc(C(Cl)(Cl)Cl)n(-c2ccc(Cl)cc2Cl)n1,c1ccc(-n2cncn2)cc1,0,development,402
CMPD_02414,O=C(O)c1nc(Cl)ccc1Cl,c1ccncc1,0,locked_test,402
CMPD_02415,O=C(O)CBr,ACYCLIC::O=C(O)CBr,1,development,402
CMPD_02416,O=C(O)CC(C(=O)O)C(CC(=O)O)C(=O)O,ACYCLIC::O=C(O)CC(C(=O)O)C(CC(=O)O)C(=O)O,0,development,402
CMPD_02417,O=C(O)CC(O)(CC(=O)O)C(=O)O,ACYCLIC::O=C(O)CC(O)(CC(=O)O)C(=O)O,0,locked_test,402
CMPD_02418,O=C(O)CCC(C(=O)O)N(CC(=O)O)CC(=O)O,ACYCLIC::O=C(O)CCC(C(=O)O)N(CC(=O)O)CC(=O)O,0,development,402
CMPD_02419,O=C(O)CCC(CC(=O)O)(C(=O)O)P(=O)(O)O,ACYCLIC::O=C(O)CCC(CC(=O)O)(C(=O)O)P(=O)(O)O,0,development,402
CMPD_02420,O=C(O)CCCCCCCC=CCC(O)CCCCCCS(=O)(=O)O,ACYCLIC::O=C(O)CCCCCCCC=CCC(O)CCCCCCS(=O)(=O)O,0,development,402
CMPD_02421,O=C(O)CCCCCCCCC(=O)O,ACYCLIC::O=C(O)CCCCCCCCC(=O)O,0,development,402
CMPD_02422,O=C(O)CCCCCCCCCCC(=O)O,ACYCLIC::O=C(O)CCCCCCCCCCC(=O)O,0,development,402
CMPD_02423,O=C(O)CCCCCCCCCCCC(=O)O,ACYCLIC::O=C(O)CCCCCCCCCCCC(=O)O,0,locked_test,402
CMPD_02424,O=C(O)CCCCCCCCCCCCCCCCC(=O)O,ACYCLIC::O=C(O)CCCCCCCCCCCCCCCCC(=O)O,0,development,402
CMPD_02425,O=C(O)CCCCCNc1nc(NCCCCCC(=O)O)nc(NCCCCCC(=O)O)n1,c1ncncn1,0,development,402
CMPD_02426,O=C(O)CCP(=O)(O)c1ccccc1,c1ccccc1,0,development,402
CMPD_02427,O=C(O)CCSCCC(=O)O,ACYCLIC::O=C(O)CCSCCC(=O)O,0,locked_test,402
CMPD_02428,O=C(O)CF,ACYCLIC::O=C(O)CF,1,development,402
CMPD_02429,O=C(O)CN(CC(=O)O)CP(=O)(O)O,ACYCLIC::O=C(O)CN(CC(=O)O)CP(=O)(O)O,0,development,402
CMPD_02430,O=C(O)CN(CCCN(CC(=O)O)CC(=O)O)CC(=O)O,ACYCLIC::O=C(O)CN(CCCN(CC(=O)O)CC(=O)O)CC(=O)O,0,development,402
CMPD_02431,O=C(O)CN(CCN(CC(=O)O)CC(=O)O)CC(=O)O,ACYCLIC::O=C(O)CN(CCN(CC(=O)O)CC(=O)O)CC(=O)O,0,development,402
CMPD_02432,O=C(O)CN(CCN(CC(=O)O)CC(=O)O)CCN(CC(=O)O)CC(=O)O,ACYCLIC::O=C(O)CN(CCN(CC(=O)O)CC(=O)O)CCN(CC(=O)O)CC(=O)O,0,development,402
CMPD_02433,O=C(O)CN(CCN(CC(=O)O)Cc1ccccc1O)Cc1ccccc1O,c1ccc(CNCCNCc2ccccc2)cc1,0,development,402
CMPD_02434,O=C(O)CN(CCO)CCN(CC(=O)O)CC(=O)O,ACYCLIC::O=C(O)CN(CCO)CCN(CC(=O)O)CC(=O)O,0,development,402
CMPD_02435,O=C(O)Cn1c(=O)sc2cccc(Cl)c21,O=c1[nH]c2ccccc2s1,0,development,402
CMPD_02436,O=C(O)CNCP(=O)(O)O,ACYCLIC::O=C(O)CNCP(=O)(O)O,0,development,402
CMPD_02437,O=C(O)COc1cc(Cl)c(Cl)cc1Cl,c1ccccc1,1,development,402
CMPD_02438,O=C(O)COc1ccc(Cl)c2cccnc12,c1ccc2ncccc2c1,0,development,402
CMPD_02439,O=C(O)COc1nc(Cl)c(Cl)cc1Cl,c1ccncc1,0,locked_test,402
CMPD_02440,O=C(O)CS,ACYCLIC::O=C(O)CS,0,development,402
CMPD_02441,O=C(O)CSc1nc2ccccc2s1,c1ccc2scnc2c1,0,development,402
CMPD_02442,O=C(O)O,ACYCLIC::O=C(O)O,0,locked_test,402
CMPD_02443,O=C(OC1CCCCC1)c1ccccc1C(=O)OC1CCCCC1,O=C(OC1CCCCC1)c1ccccc1C(=O)OC1CCCCC1,0,locked_test,402
CMPD_02444,O=C(Oc1ccccc1)n1c(C(F)(F)F)nc2cc(Cl)c(Cl)cc21,O=C(Oc1ccccc1)n1cnc2ccccc21,1,development,402
CMPD_02445,O=C(Oc1ccccc1)Oc1ccccc1,O=C(Oc1ccccc1)Oc1ccccc1,0,development,402
CMPD_02446,O=C(OCC1CCC2OC2C1)C1CCC2OC2C1,O=C(OCC1CCC2OC2C1)C1CCC2OC2C1,0,development,402
CMPD_02447,O=C(OCC1CO1)C1CC=CCC1C(=O)OCC1CO1,O=C(OCC1CO1)C1CC=CCC1C(=O)OCC1CO1,0,development,402
CMPD_02448,O=C(OCC1CO1)c1ccc(C(=O)OCC2CO2)cc1,O=C(OCC1CO1)c1ccc(C(=O)OCC2CO2)cc1,0,locked_test,402
CMPD_02449,O=C(OCCCc1ccccc1)c1ccccc1,O=C(OCCCc1ccccc1)c1ccccc1,0,development,402
CMPD_02450,O=C(OCCCOCCCOC(=O)c1ccccc1)c1ccccc1,O=C(OCCCOCCCOC(=O)c1ccccc1)c1ccccc1,0,development,402
CMPD_02451,O=C(OCCF)C(c1ccccc1)c1ccccc1,c1ccc(Cc2ccccc2)cc1,1,locked_test,402
CMPD_02452,O=C(OCCOC(=O)c1ccccc1)c1ccccc1,O=C(OCCOC(=O)c1ccccc1)c1ccccc1,0,development,402
CMPD_02453,O=C(OCCOCCOC(=O)c1ccccc1)c1ccccc1,O=C(OCCOCCOC(=O)c1ccccc1)c1ccccc1,0,development,402
CMPD_02454,O=C(OCCOCCOCCOC(=O)c1ccccc1)c1ccccc1,O=C(OCCOCCOCCOC(=O)c1ccccc1)c1ccccc1,0,locked_test,402
CMPD_02455,O=C=NC1CCC(CC2CCC(N=C=O)CC2)CC1,C1CCC(CC2CCCCC2)CC1,0,development,402
CMPD_02456,O=C=Nc1ccc(Cl)c(Cl)c1,c1ccccc1,0,development,402
CMPD_02457,O=C=Nc1ccc(Cl)cc1,c1ccccc1,0,development,402
CMPD_02458,O=C=Nc1ccc(OC(F)(F)F)cc1,c1ccccc1,1,development,402
CMPD_02459,O=C=Nc1ccccc1,c1ccccc1,0,development,402
CMPD_02460,O=C=NCCCCCCn1c(=O)n(CCCCCCN=C=O)c(=O)n(CCCCCCN=C=O)c1=O,O=c1[nH]c(=O)[nH]c(=O)[nH]1,0,locked_test,402
CMPD_02461,O=C1/C(=C2/Nc3ccccc3C2=O)Nc2ccccc21,O=C1C(=C2Nc3ccccc3C2=O)Nc2ccccc21,0,development,402
CMPD_02462,O=C1/C(=N\Nc2cc(S(=O)(=O)O)ccc2O)C=Cc2c(O)cccc21,O=C1C(=NNc2ccccc2)C=Cc2ccccc21,0,development,402
CMPD_02463,O=c1[nH]c(=O)[nH]c(=O)[nH]1,O=c1[nH]c(=O)[nH]c(=O)[nH]1,0,locked_test,402
CMPD_02464,O=c1[nH]c(=O)n(Cl)c(=O)n1Cl,O=c1[nH]c(=O)[nH]c(=O)[nH]1,0,locked_test,402
CMPD_02465,O=c1[nH]c2cc(Cl)ccc2n1C1CCNCC1,O=c1[nH]c2ccccc2n1C1CCNCC1,0,development,402
CMPD_02466,O=c1[nH]c2ccccc2n1CCCCl,O=c1[nH]c2ccccc2[nH]1,0,development,402
CMPD_02467,O=c1[nH]nc([N+](=O)[O-])[nH]1,O=c1[nH]cn[nH]1,0,development,402
CMPD_02468,O=C1C(=C(O)C(c2ccccc2)c2ccccc2)C(=O)c2ccccc21,O=C1C(=CC(c2ccccc2)c2ccccc2)C(=O)c2ccccc21,1,locked_test,402
CMPD_02469,O=C1C(=NN=C2C=CC(=NN(O)c3ccc(N=Nc4c(S(=O)(=O)O)cc5ccc(Nc6cccc(S(=O)(=O)O)c6)cc5c4O)c(O)c3)C=C2O)C(S(=O)(=O)O)=Cc2ccc(Nc3cccc(S(=O)(=O)O)c3)cc21,O=C1C(=NN=C2C=CC(=NNc3ccc(N=Nc4ccc5ccc(Nc6ccccc6)cc5c4)cc3)C=C2)C=Cc2ccc(Nc3ccccc3)cc21,0,development,402
CMPD_02470,O=c1c(=NNc2ccc(S(=O)(=O)O)cc2)ccc(=NNc2cc([N+](=O)[O-])cc([N+](=O)[O-])c2O)c1=O,O=c1c(=NNc2ccccc2)ccc(=NNc2ccccc2)c1=O,0,development,402
CMPD_02471,O=C1C(Cl)=C(Cl)C(=O)c2ccccc21,O=C1C=CC(=O)c2ccccc21,0,locked_test,402
CMPD_02472,O=c1c(Cl)c[nH]c(Cl)c1Cl,O=c1cc[nH]cc1,0,development,402
CMPD_02473,O=C1C(N(CO)C(=O)NCO)N(CO)C(=O)N1CO,O=C1CNC(=O)N1,0,development,402
CMPD_02474,O=C1C=Cc2cc(S(=O)(=O)O)ccc2/C1=N\Nc1ccc(S(=O)(=O)O)cc1,O=C1C=Cc2ccccc2C1=NNc1ccccc1,0,development,402
CMPD_02475,O=C1C=Cc2ccccc2/C1=N/Nc1ccc([N+](=O)[O-])cc1[N+](=O)[O-],O=C1C=Cc2ccccc2C1=NNc1ccccc1,0,development,402
CMPD_02476,O=C1C=Cc2ccccc2/C1=N/Nc1ccc([N+](=O)[O-])cc1Cl,O=C1C=Cc2ccccc2C1=NNc1ccccc1,0,development,402
CMPD_02477,O=C1C=Cc2ccccc2/C1=N/Nc1ccc(N=Nc2ccc(S(=O)(=O)O)cc2)cc1,O=C1C=Cc2ccccc2C1=NNc1ccc(N=Nc2ccccc2)cc1,0,locked_test,402
CMPD_02478,O=C1C2(Cl)C3(Cl)C4(Cl)C(Cl)(Cl)C5(Cl)C3(Cl)C1(Cl)C5(Cl)C24Cl,O=C1C2C3C4CC5C3C1C5C42,0,development,402
CMPD_02479,O=C1C2=C(CCCC2)C(=O)N1c1ccc(Cl)cc1,O=C1C2=C(CCCC2)C(=O)N1c1ccccc1,0,development,402
CMPD_02480,O=C1c2c(Br)c(Br)c(Br)c(Br)c2C(=O)N1CCN1C(=O)c2c(Br)c(Br)c(Br)c(Br)c2C1=O,O=C1c2ccccc2C(=O)N1CCN1C(=O)c2ccccc2C1=O,0,development,402
CMPD_02481,O=C1c2c(Cl)c(Cl)c(Cl)c(Cl)c2C(=O)C1c1ccc2cccc(N3C(=O)c4c(Cl)c(Cl)c(Cl)c(Cl)c4C3=O)c2n1,O=C1c2ccccc2C(=O)C1c1ccc2cccc(N3C(=O)c4ccccc4C3=O)c2n1,0,locked_test,402
CMPD_02482,O=c1c2cc(Br)c3cccc4c(=O)c5cc(Br)c6cccc1c6c5-c2c34,O=c1c2ccc3cccc4c(=O)c5ccc6cccc1c6c5-c2c34,0,locked_test,402
CMPD_02483,O=c1c2cc(Cl)ccc2[nH]c2cc3c(=O)c4cc(Cl)ccc4[nH]c3cc12,O=c1c2ccccc2[nH]c2cc3c(=O)c4ccccc4[nH]c3cc12,0,development,402
CMPD_02484,O=c1c2cc3[nH]c4c(Cl)cccc4c(=O)c3cc2[nH]c2c(Cl)cccc12,O=c1c2ccccc2[nH]c2cc3c(=O)c4ccccc4[nH]c3cc12,0,development,402
CMPD_02485,O=C1c2cccc(Sc3ccccc3)c2C(=O)c2c(Sc3ccccc3)cccc21,O=C1c2cccc(Sc3ccccc3)c2C(=O)c2c(Sc3ccccc3)cccc21,0,development,402
CMPD_02486,O=c1c2ccccc2[nH]c2cc3c(=O)c4ccccc4[nH]c3cc12,O=c1c2ccccc2[nH]c2cc3c(=O)c4ccccc4[nH]c3cc12,0,development,402
CMPD_02487,O=C1c2ccccc2C(=O)C1c1nc2ccccc2cc1O,O=C1c2ccccc2C(=O)C1c1ccc2ccccc2n1,0,locked_test,402
CMPD_02488,O=C1c2ccccc2C(=O)c2c(Nc3ccccc3)ccc(O)c21,O=C1c2ccccc2C(=O)c2c(Nc3ccccc3)cccc21,0,development,402
CMPD_02489,O=C1c2ccccc2C(=O)c2c(Nc3nc(Nc4cccc5c4C(=O)c4ccccc4C5=O)nc(-c4ccccc4)n3)cccc21,O=C1c2ccccc2C(=O)c2c(Nc3nc(Nc4cccc5c4C(=O)c4ccccc4C5=O)nc(-c4ccccc4)n3)cccc21,0,development,402
CMPD_02490,O=C1c2ccccc2C(=O)c2c(O)ccc(O)c21,O=C1c2ccccc2C(=O)c2ccccc21,0,development,402
CMPD_02491,O=C1c2ccccc2C(=O)N1SC(Cl)(Cl)Cl,O=C1NC(=O)c2ccccc21,0,development,402
CMPD_02492,O=C1c2ccccc2-c2ccc(Br)c3cccc1c23,O=C1c2ccccc2-c2cccc3cccc1c23,0,development,402
CMPD_02493,O=C1c2ccccc2-c2ccc3c4ccc5c6c(ccc(c7ccc1c2c73)c64)C(=O)c1ccccc1-5,O=C1c2ccccc2-c2ccc3c4ccc5c6c(ccc(c7ccc1c2c73)c64)C(=O)c1ccccc1-5,0,development,402
CMPD_02494,O=C1CC(C(=O)O)CC(=O)C1=C(O)C1CC1,O=C1CCCC(=O)C1=CC1CC1,0,development,402
CMPD_02495,O=C1Cc2cc(CCCl)c(Cl)cc2N1,O=C1Cc2ccccc2N1,0,development,402
CMPD_02496,O=c1ccc(=O)[nH][nH]1,O=c1ccc(=O)[nH][nH]1,0,development,402
CMPD_02497,O=C1CCC(=O)N1c1cc(Cl)cc(Cl)c1,O=C1CCC(=O)N1c1ccccc1,0,development,402
CMPD_02498,O=C1CCC(=O)O1,O=C1CCC(=O)O1,0,locked_test,402
CMPD_02499,O=C1CCC(C(=O)O)N1,O=C1CCCN1,0,development,402
CMPD_02500,O=C1CCc2cccc3c2N1CC3,O=C1CCc2cccc3c2N1CC3,0,development,402
CMPD_02501,O=C1CCCC1,O=C1CCCC1,0,development,402
CMPD_02502,O=C1CCCCC1,O=C1CCCCC1,1,development,402
CMPD_02503,O=C1CCCCCCCCCCCC(=O)OCCO1,O=C1CCCCCCCCCCCC(=O)OCCO1,0,development,402
CMPD_02504,O=C1CCCCCCCCCCCCCCO1,O=C1CCCCCCCCCCCCCCO1,0,development,402
CMPD_02505,O=C1CCCCCCCCCCCN1,O=C1CCCCCCCCCCCN1,0,locked_test,402
CMPD_02506,O=C1CCCCCN1C(=O)NCCCCCCNC(=O)N1CCCCCC1=O,O=C1CCCCCN1C(=O)NCCCCCCNC(=O)N1CCCCCC1=O,0,development,402
CMPD_02507,O=C1CCCCCN1SSN1CCCCCC1=O,O=C1CCCCCN1SSN1CCCCCC1=O,0,development,402
CMPD_02508,O=C1CCCCO1,O=C1CCCCO1,0,development,402
CMPD_02509,O=C1CCCN1,O=C1CCCN1,0,development,402
CMPD_02510,O=C1CCCN1CCO,O=C1CCCN1,0,development,402
CMPD_02511,O=c1n(CC2CO2)c(=O)n(CC2CO2)c(=O)n1CC1CO1,O=c1n(CC2CO2)c(=O)n(CC2CO2)c(=O)n1CC1CO1,0,development,402
CMPD_02512,O=c1n(Cl)c(=O)n(Cl)c(=O)n1Cl,O=c1[nH]c(=O)[nH]c(=O)[nH]1,0,locked_test,402
CMPD_02513,O=C1NC(=O)C(=c2[nH]c(=C3C(=O)NC(=O)NC3=O)c3ccccc23)C(=O)N1,O=C1NC(=O)C(=c2[nH]c(=C3C(=O)NC(=O)NC3=O)c3ccccc23)C(=O)N1,0,development,402
CMPD_02514,O=C1NC(c2ccc(-c3ccccc3)cc2)=C2C(=O)NC(c3ccc(-c4ccccc4)cc3)=C12,O=C1NC(c2ccc(-c3ccccc3)cc2)=C2C(=O)NC(c3ccc(-c4ccccc4)cc3)=C12,0,development,402
CMPD_02515,O=C1NC(c2ccccc2)=C2C(=O)NC(c3ccccc3)=C12,O=C1NC(c2ccccc2)=C2C(=O)NC(c3ccccc3)=C12,0,development,402
CMPD_02516,O=C1Nc2cccnc2N(C(=O)CCl)c2ccccc21,O=C1Nc2cccnc2Nc2ccccc21,0,development,402
CMPD_02517,O=C1NCCN1,O=C1NCCN1,0,development,402
CMPD_02518,O=C1NCCN1CCO,O=C1NCCN1,0,development,402
CMPD_02519,O=C1OC(=O)c2c(Br)c(Br)c(Br)c(Br)c21,O=C1OC(=O)c2ccccc21,0,development,402
CMPD_02520,O=C1OC(=O)c2c(Cl)c(Cl)c(Cl)c(Cl)c21,O=C1OC(=O)c2ccccc21,0,development,402
CMPD_02521,O=C1OC(=O)c2c(Cl)cccc21,O=C1OC(=O)c2ccccc21,0,development,402
CMPD_02522,O=C1OC(=O)c2cc(Cl)ccc21,O=C1OC(=O)c2ccccc21,0,development,402
CMPD_02523,O=C1OC(=O)C2CC=CCC12,O=C1OC(=O)C2CC=CCC12,0,development,402
CMPD_02524,O=c1oc(=O)c2cc3c(=O)oc(=O)c3cc12,O=c1oc(=O)c2cc3c(=O)oc(=O)c3cc12,0,development,402
CMPD_02525,O=C1OC(=O)C2CCCCC12,O=C1OC(=O)C2CCCCC12,0,development,402
CMPD_02526,O=C1OC(C(O)CO)C(=O)C1OP(=O)(O)O,O=C1COC(=O)C1,0,development,402
CMPD_02527,O=c1oc(-c2ccc(-c3nc4ccccc4c(=O)o3)cc2)nc2ccccc12,O=c1oc(-c2ccc(-c3nc4ccccc4c(=O)o3)cc2)nc2ccccc12,0,locked_test,402
CMPD_02528,O=C1OC(CO)C(O)C(O)C1O,O=C1CCCCO1,0,development,402
CMPD_02529,O=C1OC2(c3cc(Br)c(O)c(Br)c3Oc3c2cc(Br)c(O)c3Br)c2c(Cl)c(Cl)c(Cl)c(Cl)c21,O=C1OC2(c3ccccc3Oc3ccccc32)c2ccccc21,0,development,402
CMPD_02530,O=C1Oc2cc3c(cc2=C1c1ccccc1)OC(=O)C=3c1ccc(OCC2CCCO2)cc1,O=C1Oc2cc3c(cc2=C1c1ccccc1)OC(=O)C=3c1ccc(OCC2CCCO2)cc1,0,locked_test,402
CMPD_02531,O=c1oc2ccccc2c(O)c1C1CC(c2ccc(-c3ccc(Br)cc3)cc2)Cc2ccccc21,O=c1oc2ccccc2cc1C1CC(c2ccc(-c3ccccc3)cc2)Cc2ccccc21,1,development,402
CMPD_02532,O=c1oc2ccccc2c(O)c1C1CC(c2ccc(-c3ccccc3)cc2)Cc2ccccc21,O=c1oc2ccccc2cc1C1CC(c2ccc(-c3ccccc3)cc2)Cc2ccccc21,1,development,402
CMPD_02533,O=c1oc2ccccc2c(O)c1C1CC(c2ccc(OCc3ccc(C(F)(F)F)cc3)cc2)Cc2ccccc21,O=c1oc2ccccc2cc1C1CC(c2ccc(OCc3ccccc3)cc2)Cc2ccccc21,1,locked_test,402
CMPD_02534,O=c1oc2ccccc2c(O)c1C1CCCc2ccccc21,O=c1oc2ccccc2cc1C1CCCc2ccccc21,1,development,402
CMPD_02535,O=C1OCC(CO)O1,O=C1OCCO1,0,development,402
CMPD_02536,O=C1OCC(F)O1,O=C1OCCO1,0,development,402
CMPD_02537,O=C1OCc2c(Cl)c(Cl)c(Cl)c(Cl)c21,O=C1OCc2ccccc21,0,development,402
CMPD_02538,O=C1OCCC1O,O=C1CCCO1,0,development,402
CMPD_02539,O=C1OCCO1,O=C1OCCO1,0,development,402
CMPD_02540,O=CC(=O)O,ACYCLIC::O=CC(=O)O,0,development,402
CMPD_02541,O=CC(O)C(O)C(O)C(O)CO,ACYCLIC::O=CC(O)C(O)C(O)C(O)CO,0,locked_test,402
CMPD_02542,O=CC=Cc1ccccc1,c1ccccc1,0,development,402
CMPD_02543,O=CC=O,ACYCLIC::O=CC=O,0,development,402
CMPD_02544,O=Cc1ccc([N+](=O)[O-])cc1,c1ccccc1,0,development,402
CMPD_02545,O=Cc1ccc(B(O)O)cc1,c1ccccc1,0,development,402
CMPD_02546,O=Cc1ccc(Cl)cc1,c1ccccc1,0,development,402
CMPD_02547,O=Cc1ccc2c(c1)OCO2,c1ccc2c(c1)OCO2,0,locked_test,402
CMPD_02548,O=Cc1cccc2c1OC(F)(F)O2,c1ccc2c(c1)OCO2,0,locked_test,402
CMPD_02549,O=Cc1ccccc1O,c1ccccc1,1,development,402
CMPD_02550,O=Cc1ccccn1,c1ccncc1,0,locked_test,402
CMPD_02551,O=Cc1ccco1,c1ccoc1,1,development,402
CMPD_02552,O=CC1CCCSC1,C1CCSCC1,0,development,402
CMPD_02553,O=Cc1ccncc1,c1ccncc1,0,locked_test,402
CMPD_02554,O=CC1CCOC1,C1CCOC1,0,locked_test,402
CMPD_02555,O=CCCl,ACYCLIC::O=CCCl,1,development,402
CMPD_02556,O=CN1CCOCC1,C1COCCN1,0,development,402
CMPD_02557,O=CNC(N1CCN(C(NC=O)C(Cl)(Cl)Cl)CC1)C(Cl)(Cl)Cl,C1CNCCN1,0,development,402
CMPD_02558,O=CNC(N1CCOCC1)C(Cl)(Cl)Cl,C1COCCN1,1,development,402
CMPD_02559,O=CO,ACYCLIC::O=CO,0,development,402
CMPD_02560,O=COCC=Cc1ccccc1,c1ccccc1,0,development,402
CMPD_02561,O=NC1CCCCC1,C1CCCCC1,0,locked_test,402
CMPD_02562,O=NCc1ccc([N+](=O)[O-])cc1,c1ccccc1,0,development,402
CMPD_02563,O=P(N1CC1)(N1CC1)N1CC1,O=P(N1CC1)(N1CC1)N1CC1,1,locked_test,402
CMPD_02564,O=P(O)(O)c1ccccc1,c1ccccc1,0,development,402
CMPD_02565,O=P(O)(O)CN(CCCCCCN(CP(=O)(O)O)CP(=O)(O)O)CCCCCCN(CP(=O)(O)O)CP(=O)(O)O,ACYCLIC::O=P(O)(O)CN(CCCCCCN(CP(=O)(O)O)CP(=O)(O)O)CCCCCCN(CP(=O)(O)O)CP(=O)(O)O,0,development,402
CMPD_02566,O=P(O)(O)CN(CCCCCCN(CP(=O)(O)O)CP(=O)(O)O)CP(=O)(O)O,ACYCLIC::O=P(O)(O)CN(CCCCCCN(CP(=O)(O)O)CP(=O)(O)O)CP(=O)(O)O,0,development,402
CMPD_02567,O=P(O)(O)CN(CCN(CP(=O)(O)O)CP(=O)(O)O)CP(=O)(O)O,ACYCLIC::O=P(O)(O)CN(CCN(CP(=O)(O)O)CP(=O)(O)O)CP(=O)(O)O,0,development,402
CMPD_02568,O=P(O)(O)CN(CP(=O)(O)O)CP(=O)(O)O,ACYCLIC::O=P(O)(O)CN(CP(=O)(O)O)CP(=O)(O)O,0,development,402
CMPD_02569,O=P(OC(CCl)CCl)(OC(CCl)CCl)OC(CCl)CCl,ACYCLIC::O=P(OC(CCl)CCl)(OC(CCl)CCl)OC(CCl)CCl,0,development,402
CMPD_02570,O=P(Oc1ccccc1)(Oc1ccccc1)Oc1cccc(OP(=O)(Oc2ccccc2)Oc2ccccc2)c1,O=P(Oc1ccccc1)(Oc1ccccc1)Oc1cccc(OP(=O)(Oc2ccccc2)Oc2ccccc2)c1,0,locked_test,402
CMPD_02571,O=P(Oc1ccccc1)(Oc1ccccc1)Oc1ccccc1,O=P(Oc1ccccc1)(Oc1ccccc1)Oc1ccccc1,0,development,402
CMPD_02572,O=P(OCc1ccccc1)(OCc1ccccc1)OP(=O)(OCc1ccccc1)OCc1ccccc1,O=P(OCc1ccccc1)(OCc1ccccc1)OP(=O)(OCc1ccccc1)OCc1ccccc1,0,development,402
CMPD_02573,O=P(OCCCl)(OCCCl)OCC(CCl)(CCl)COP(=O)(OCCCl)OCCCl,ACYCLIC::O=P(OCCCl)(OCCCl)OCC(CCl)(CCl)COP(=O)(OCCCl)OCCCl,0,development,402
CMPD_02574,O=S(=O)(c1ccccc1)c1ccccc1,O=S(=O)(c1ccccc1)c1ccccc1,0,development,402
CMPD_02575,O=S(=O)(CCl)c1ccc(Br)cc1,c1ccccc1,0,development,402
CMPD_02576,O=S(=O)(Cl)c1ccccc1Cl,c1ccccc1,0,development,402
CMPD_02577,O=S(=O)(F)C(F)(F)C(F)(F)C(F)(F)C(F)(F)C(F)(F)C(F)(F)C(F)(F)C(F)(F)F,ACYCLIC::O=S(=O)(F)C(F)(F)C(F)(F)C(F)(F)C(F)(F)C(F)(F)C(F)(F)C(F)(F)C(F)(F)F,0,development,402
CMPD_02578,O=S(=O)(F)C(F)(F)C(F)(F)C(F)(F)C(F)(F)F,ACYCLIC::O=S(=O)(F)C(F)(F)C(F)(F)C(F)(F)C(F)(F)F,0,development,402
CMPD_02579,O=S(=O)(F)C(F)(F)C(F)(F)OC(F)=C(F)F,ACYCLIC::O=S(=O)(F)C(F)(F)C(F)(F)OC(F)=C(F)F,0,development,402
CMPD_02580,O=S(=O)(NCl)c1ccccc1,c1ccccc1,0,development,402
CMPD_02581,O=S(=O)(NS(=O)(=O)c1ccccc1)c1ccccc1,O=S(=O)(NS(=O)(=O)c1ccccc1)c1ccccc1,0,development,402
CMPD_02582,O=S(=O)(O)C(F)(F)C(F)(F)C(F)(F)C(F)(F)F,ACYCLIC::O=S(=O)(O)C(F)(F)C(F)(F)C(F)(F)C(F)(F)F,0,locked_test,402
CMPD_02583,O=S(=O)(O)c1cc(Nc2nc(Cl)nc(NCc3ccc(Nc4nc(Cl)nc(Nc5cc(S(=O)(=O)O)cc6cc(S(=O)(=O)O)c(N=Nc7ccc8c(S(=O)(=O)O)cccc8c7S(=O)(=O)O)c(O)c56)n4)cc3)n2)c2c(O)c(N=Nc3ccc4c(S(=O)(=O)O)cccc4c3S(=O)(=O)O)c(S(=O)(=O)O)cc2c1,c1ccc2cc(N=Nc3ccc4cccc(Nc5ncnc(NCc6ccc(Nc7ncnc(Nc8cccc9ccc(N=Nc%10ccc%11ccccc%11c%10)cc89)n7)cc6)n5)c4c3)ccc2c1,0,locked_test,402
CMPD_02584,O=S(=O)(O)c1cc(Nc2nc(Nc3ccccc3)nc(N(CCO)CCO)n2)ccc1C=Cc1ccc(Nc2nc(Nc3ccccc3)nc(N(CCO)CCO)n2)cc1S(=O)(=O)O,C(=Cc1ccc(Nc2ncnc(Nc3ccccc3)n2)cc1)c1ccc(Nc2ncnc(Nc3ccccc3)n2)cc1,0,development,402
CMPD_02585,O=S(=O)(O)c1cc(Nc2nc(Nc3ccccc3)nc(N3CCOCC3)n2)ccc1C=Cc1ccc(Nc2nc(Nc3ccccc3)nc(N3CCOCC3)n2)cc1S(=O)(=O)O,C(=Cc1ccc(Nc2nc(Nc3ccccc3)nc(N3CCOCC3)n2)cc1)c1ccc(Nc2nc(Nc3ccccc3)nc(N3CCOCC3)n2)cc1,0,development,402
CMPD_02586,O=S(=O)(O)c1cc(Nc2nc(Nc3ccccc3)nc(Nc3ccccc3)n2)ccc1C=Cc1ccc(Nc2nc(Nc3ccccc3)nc(Nc3ccccc3)n2)cc1S(=O)(=O)O,C(=Cc1ccc(Nc2nc(Nc3ccccc3)nc(Nc3ccccc3)n2)cc1)c1ccc(Nc2nc(Nc3ccccc3)nc(Nc3ccccc3)n2)cc1,0,development,402
CMPD_02587,O=S(=O)(O)c1cc(Nc2nc(NCCO)nc(Nc3ccccc3)n2)ccc1C=Cc1ccc(Nc2nc(NCCO)nc(Nc3ccccc3)n2)cc1S(=O)(=O)O,C(=Cc1ccc(Nc2ncnc(Nc3ccccc3)n2)cc1)c1ccc(Nc2ncnc(Nc3ccccc3)n2)cc1,0,development,402
CMPD_02588,O=S(=O)(O)c1cc(O)c2c(S(=O)(=O)O)cccc2c1,c1ccc2ccccc2c1,0,development,402
CMPD_02589,O=S(=O)(O)c1ccc(N=Nc2cc(S(=O)(=O)O)c3ccccc3c2O)c2ccccc12,c1ccc2cc(N=Nc3cccc4ccccc34)ccc2c1,0,locked_test,402
CMPD_02590,O=S(=O)(O)c1ccc(Nc2nc(Cl)nc(Cl)n2)cc1,c1ccc(Nc2ncncn2)cc1,0,development,402
CMPD_02591,O=S(=O)(O)c1ccc(Nc2nc(Cl)nc(NCCNc3ccc4c(c3S(=O)(=O)O)Oc3c(Cl)c5c(c(Cl)c3=N4)Oc3c(ccc(NCCNc4nc(Cl)nc(Nc6ccc(S(=O)(=O)O)cc6S(=O)(=O)O)n4)c3S(=O)(=O)O)N=5)n2)c(S(=O)(=O)O)c1,c1ccc(Nc2ncnc(NCCNc3ccc4c(c3)Oc3cc5c(cc3=N4)Oc3cc(NCCNc4ncnc(Nc6ccccc6)n4)ccc3N=5)n2)cc1,0,development,402
CMPD_02592,O=S(=O)(O)c1ccc(S(=O)(=O)O)c(N=Nc2ccc(N=Nc3ccc(N=Nc4c(S(=O)(=O)O)cc5cc(Nc6ccccc6)ccc5c4O)c4ccccc34)c3cc(S(=O)(=O)O)ccc23)c1,c1ccc(N=Nc2ccc(N=Nc3ccc(N=Nc4ccc5cc(Nc6ccccc6)ccc5c4)c4ccccc34)c3ccccc23)cc1,0,development,402
CMPD_02593,O=S(=O)(O)c1ccc(S(=O)(=O)O)c(Nc2nc(Nc3ccc(C=Cc4ccc(Nc5nc(Nc6cc(S(=O)(=O)O)ccc6S(=O)(=O)O)nc(N(CCO)CCO)n5)cc4S(=O)(=O)O)c(S(=O)(=O)O)c3)nc(N(CCO)CCO)n2)c1,C(=Cc1ccc(Nc2ncnc(Nc3ccccc3)n2)cc1)c1ccc(Nc2ncnc(Nc3ccccc3)n2)cc1,0,development,402
CMPD_02594,O=S(=O)(O)c1ccc2c(c1)/C(=N\Nc1ccccc1S(=O)(=O)c1ccccc1)C(c1ccccc1)=N2,O=S(=O)(c1ccccc1)c1ccccc1NN=C1C(c2ccccc2)=Nc2ccccc21,0,development,402
CMPD_02595,O=S(=O)(O)c1ccc2nc(-c3ccccc3)[nH]c2c1,c1ccc(-c2nc3ccccc3[nH]2)cc1,0,development,402
CMPD_02596,O=S(=O)(O)c1cccc(Nc2nc(NCCO)nc(Nc3ccc(C=Cc4ccc(Nc5nc(NCCO)nc(Nc6cccc(S(=O)(=O)O)c6)n5)cc4S(=O)(=O)O)c(S(=O)(=O)O)c3)n2)c1,C(=Cc1ccc(Nc2ncnc(Nc3ccccc3)n2)cc1)c1ccc(Nc2ncnc(Nc3ccccc3)n2)cc1,0,development,402
CMPD_02597,O=S(=O)(O)c1ccccc1C=Cc1ccc(-c2ccc(C=Cc3ccccc3S(=O)(=O)O)cc2)cc1,C(=Cc1ccc(-c2ccc(C=Cc3ccccc3)cc2)cc1)c1ccccc1,0,development,402
CMPD_02598,O=S(=O)(O)c1ccccc1N=C1C=CC(=C(c2ccc(Nc3ccccc3)cc2)c2ccc(Nc3ccccc3)cc2)C=C1,C1=CC(=C(c2ccc(Nc3ccccc3)cc2)c2ccc(Nc3ccccc3)cc2)C=CC1=Nc1ccccc1,0,development,402
CMPD_02599,O=S(=O)(O)c1ccccc1N=C1C=CC(=C(c2ccc(Nc3ccccc3S(=O)(=O)O)cc2)c2ccc(Nc3ccccc3S(=O)(=O)O)cc2)C=C1,C1=CC(=C(c2ccc(Nc3ccccc3)cc2)c2ccc(Nc3ccccc3)cc2)C=CC1=Nc1ccccc1,0,development,402
CMPD_02600,O=S(=O)(O)CCC[n+]1ccccc1,c1cc[nH+]cc1,0,development,402
CMPD_02601,O=S(=O)(O)CCCNC1CCCCC1,C1CCCCC1,0,locked_test,402
CMPD_02602,O=S(=O)(O)CCCS,ACYCLIC::O=S(=O)(O)CCCS,0,development,402
CMPD_02603,O=S(=O)(O)CCCSSCCCS(=O)(=O)O,ACYCLIC::O=S(=O)(O)CCCSSCCCS(=O)(=O)O,0,locked_test,402
CMPD_02604,O=S(=O)(O)CCN1CCN(CCO)CC1,C1CNCCN1,0,development,402
CMPD_02605,O=S(=O)(O)OCCS(=O)(=O)c1ccc(N=Nc2c(S(=O)(=O)O)cc3cc(S(=O)(=O)O)cc(Nc4nc(Cl)nc(Nc5ccc(S(=O)(=O)CCOS(=O)(=O)O)cc5)n4)c3c2O)cc1,c1ccc(N=Nc2ccc3cccc(Nc4ncnc(Nc5ccccc5)n4)c3c2)cc1,0,development,402
CMPD_02606,O=S(=O)(O)OCCS(=O)(=O)c1ccc(N=Nc2c(S(=O)(=O)O)cc3cc(S(=O)(=O)O)cc(Nc4nc(Cl)nc(Nc5cccc(S(=O)(=O)O)c5)n4)c3c2O)cc1,c1ccc(N=Nc2ccc3cccc(Nc4ncnc(Nc5ccccc5)n4)c3c2)cc1,0,development,402
CMPD_02607,O=S(=O)(Oc1ccc(Cl)cc1)c1ccc(Cl)cc1,O=S(=O)(Oc1ccccc1)c1ccccc1,0,development,402
CMPD_02608,O=S(=O)(Oc1ccc(Cl)cc1)c1ccccc1,O=S(=O)(Oc1ccccc1)c1ccccc1,0,development,402
CMPD_02609,O=S(O)CO,ACYCLIC::O=S(O)CO,0,development,402
CMPD_02610,O=S1(=O)CCCC1,O=S1(=O)CCCC1,0,locked_test,402
CMPD_02611,O=S1(=O)CCCO1,O=S1(=O)CCCO1,1,development,402
CMPD_02612,O=S1(=O)CS(=O)(=O)OCO1,O=S1(=O)CS(=O)(=O)OCO1,0,development,402
CMPD_02613,O=S1OCC2C(CO1)C1(Cl)C(Cl)=C(Cl)C2(Cl)C1(Cl)Cl,O=S1OCC2C3C=CC(C3)C2CO1,1,development,402
CMPD_02614,OB(O)c1ccc2cc(O)ccc2c1,c1ccc2ccccc2c1,0,development,402
CMPD_02615,O=C(O)C(Cl)Cl,ACYCLIC::O=C(O)C(Cl)Cl,1,development,402
CMPD_02616,O=C(O)CCl,ACYCLIC::O=C(O)CCl,1,development,402
CMPD_02617,OC(c1ccc(Cl)cc1)(c1ccc(Cl)cc1)C(Cl)(Cl)Cl,c1ccc(Cc2ccccc2)cc1,1,locked_test,402
CMPD_02618,OC(c1ccc(Cl)cc1)(c1cncnc1)c1ccccc1Cl,c1ccc(C(c2ccccc2)c2cncnc2)cc1,0,development,402
CMPD_02619,OC(Cc1ccccc1Cl)(Cn1nc[nH]c1=S)C1(Cl)CC1,S=c1[nH]cnn1CC(Cc1ccccc1)C1CC1,0,development,402
CMPD_02620,OC(CCl)CCl,ACYCLIC::OC(CCl)CCl,1,development,402
CMPD_02621,OC(O)C(Cl)(Cl)Cl,ACYCLIC::OC(O)C(Cl)(Cl)Cl,0,locked_test,402
CMPD_02622,OC[P+](CO)(CO)CO,ACYCLIC::OC[P+](CO)(CO)CO,0,development,402
CMPD_02623,OC12COC(c3ccccc3)OC1C1OC(c3ccccc3)OCC1O2,c1ccc(C2OCC3OC4COC(c5ccccc5)OC4C3O2)cc1,0,development,402
CMPD_02624,Oc1c(Br)cc(Br)cc1Br,c1ccccc1,0,development,402
CMPD_02625,Oc1c(Cl)c(Cl)c(Cl)c(Cl)c1Cl,c1ccccc1,1,development,402
CMPD_02626,Oc1c(Cl)c(Cl)cc(Cl)c1Cl,c1ccccc1,1,development,402
CMPD_02627,Oc1c(Cl)cc(Cl)c(Cl)c1Cc1c(O)c(Cl)cc(Cl)c1Cl,c1ccc(Cc2ccccc2)cc1,1,locked_test,402
CMPD_02628,Oc1c(Cl)cc(Cl)c(Cl)c1Cl,c1ccccc1,1,development,402
CMPD_02629,Oc1c(I)cc(Cl)c2cccnc12,c1ccc2ncccc2c1,0,development,402
CMPD_02630,Oc1c(I)cc(I)c2cccnc12,c1ccc2ncccc2c1,0,development,402
CMPD_02631,Oc1cc(Cl)cc(Br)c1,c1ccccc1,0,development,402
CMPD_02632,Oc1cc(Cl)ccc1Oc1ccc(Cl)cc1,c1ccc(Oc2ccccc2)cc1,0,development,402
CMPD_02633,Oc1cc(Cl)ccc1Oc1ccc(Cl)cc1Cl,c1ccc(Oc2ccccc2)cc1,0,development,402
CMPD_02634,Oc1ccc(C(c2ccc(O)cc2)(C(F)(F)F)C(F)(F)F)cc1,c1ccc(Cc2ccccc2)cc1,0,locked_test,402
CMPD_02635,Oc1ccc(-c2ccc(O)cc2)cc1,c1ccc(-c2ccccc2)cc1,0,locked_test,402
CMPD_02636,O=[N+]([O-])c1ccc(O)c([N+](=O)[O-])c1,c1ccccc1,1,development,402
CMPD_02637,Oc1ccc(Cl)cc1,c1ccccc1,1,development,402
CMPD_02638,Oc1ccc(Cl)cc1Cl,c1ccccc1,1,development,402
CMPD_02639,Oc1ccc(O)cc1,c1ccccc1,0,development,402
CMPD_02640,Oc1cccc(Oc2ccccc2)c1,c1ccc(Oc2ccccc2)cc1,0,development,402
CMPD_02641,Oc1cccc2cccnc12,c1ccc2ncccc2c1,0,development,402
CMPD_02642,Oc1ccccc1,c1ccccc1,1,development,402
CMPD_02643,Oc1ccccc1C=NCCN(CCN=Cc1ccccc1O)CCN=Cc1ccccc1O,C(=NCCN(CCN=Cc1ccccc1)CCN=Cc1ccccc1)c1ccccc1,0,development,402
CMPD_02644,Oc1ccccc1-c1ccccc1,c1ccc(-c2ccccc2)cc1,0,locked_test,402
CMPD_02645,Oc1ccccc1Cl,c1ccccc1,1,development,402
CMPD_02646,Oc1ccccc1O,c1ccccc1,1,development,402
CMPD_02647,OC1CCOC1,C1CCOC1,0,locked_test,402
CMPD_02648,OCC#CCO,ACYCLIC::OCC#CCO,1,development,402
CMPD_02649,OCC(Br)CBr,ACYCLIC::OCC(Br)CBr,1,locked_test,402
CMPD_02650,OCC(CBr)(CBr)CBr,ACYCLIC::OCC(CBr)(CBr)CBr,0,development,402
CMPD_02651,OCC(CO)(CBr)CBr,ACYCLIC::OCC(CO)(CBr)CBr,0,development,402
CMPD_02652,OCC(CO)(CO)CO,ACYCLIC::OCC(CO)(CO)CO,0,development,402
CMPD_02653,OCC(F)(F)F,ACYCLIC::OCC(F)(F)F,0,development,402
CMPD_02654,OCC(O)CCl,ACYCLIC::OCC(O)CCl,1,locked_test,402
CMPD_02655,OCC=Cc1ccccc1,c1ccccc1,0,development,402
CMPD_02656,OCC1=CC(NC2CC(CO)C(OC3OC(CO)C(O)C(O)C3O)C(O)C2O)C(O)C(O)C1O,C1=CC(NC2CCC(OC3CCCCO3)CC2)CCC1,0,development,402
CMPD_02657,OCC1CC2CC1C1CCC(CO)C21,C1CC2C3CCC(C3)C2C1,0,development,402
CMPD_02658,OCc1cccc2ccccc12,c1ccc2ccccc2c1,0,development,402
CMPD_02659,OCc1ccco1,c1ccoc1,0,development,402
CMPD_02660,OCC1CN2CCN1CC2,C1CN2CCN1CC2,0,development,402
CMPD_02661,OCc1cncs1,c1cscn1,0,development,402
CMPD_02662,OCC1OC2OC3C(CO)OC(OC4C(CO)OC(OC5C(CO)OC(OC6C(CO)OC(OC7C(CO)OC(OC1C(O)C2O)C(O)C7O)C(O)C6O)C(O)C5O)C(O)C4O)C(O)C3O,C1CC2OCC1OC1CCC(CO1)OC1CCC(CO1)OC1CCC(CO1)OC1CCC(CO1)OC1CCC(CO1)O2,0,development,402
CMPD_02663,OCC1OC2OC3C(CO)OC(OC4C(CO)OC(OC5C(CO)OC(OC6C(CO)OC(OC7C(CO)OC(OC8C(CO)OC(OC1C(O)C2O)C(O)C8O)C(O)C7O)C(O)C6O)C(O)C5O)C(O)C4O)C(O)C3O,C1CC2OCC1OC1CCC(CO1)OC1CCC(CO1)OC1CCC(CO1)OC1CCC(CO1)OC1CCC(CO1)OC1CCC(CO1)O2,0,development,402
CMPD_02664,OCC1OC2OC3C(CO)OC(OC4C(CO)OC(OC5C(CO)OC(OC6C(CO)OC(OC7C(CO)OC(OC8C(CO)OC(OC9C(CO)OC(OC1C(O)C2O)C(O)C9O)C(O)C8O)C(O)C7O)C(O)C6O)C(O)C5O)C(O)C4O)C(O)C3O,C1CC2OCC1OC1CCC(CO1)OC1CCC(CO1)OC1CCC(CO1)OC1CCC(CO1)OC1CCC(CO1)OC1CCC(CO1)OC1CCC(CO1)O2,0,development,402
CMPD_02665,OCCC(F)(F)C(F)(F)C(F)(F)C(F)(F)C(F)(F)C(F)(F)F,ACYCLIC::OCCC(F)(F)C(F)(F)C(F)(F)C(F)(F)C(F)(F)C(F)(F)F,0,development,402
CMPD_02666,OCCc1ccccc1,c1ccccc1,0,development,402
CMPD_02667,OCCc1ccccn1,c1ccncc1,0,locked_test,402
CMPD_02668,OCCCCC(O)CO,ACYCLIC::OCCCCC(O)CO,0,locked_test,402
CMPD_02669,OCCCCCCCCCCO,ACYCLIC::OCCCCCCCCCCO,0,development,402
CMPD_02670,OCCCCCCO,ACYCLIC::OCCCCCCO,0,development,402
CMPD_02671,OCCCCCO,ACYCLIC::OCCCCCO,0,locked_test,402
CMPD_02672,OCCCl,ACYCLIC::OCCCl,1,development,402
CMPD_02673,OCCCO,ACYCLIC::OCCCO,0,development,402
CMPD_02674,OCCCOCC(OCCCO)C(OCCCO)C(OCCCO)C(COCCCO)OCCCO,ACYCLIC::OCCCOCC(OCCCO)C(OCCCO)C(OCCCO)C(COCCCO)OCCCO,0,development,402
CMPD_02675,OCCCOCCN(CCOCCCO)CCOCCCO,ACYCLIC::OCCCOCCN(CCOCCCO)CCOCCCO,0,development,402
CMPD_02676,OCCN1CCOCC1,C1COCCN1,0,development,402
CMPD_02677,OCCN1CNC(=S)NC1,S=C1NCNCN1,0,locked_test,402
CMPD_02678,OCCO,ACYCLIC::OCCO,0,locked_test,402
CMPD_02679,OCCOc1ccc(OCCO)cc1,c1ccccc1,0,development,402
CMPD_02680,OCCOc1ccc2ccccc2c1,c1ccc2ccccc2c1,0,development,402
CMPD_02681,OCCOc1ccccc1,c1ccccc1,0,development,402
CMPD_02682,OCCOCC#CCOCCO,ACYCLIC::OCCOCC#CCOCCO,0,development,402
CMPD_02683,OCCOCC(COCCO)OCCO,ACYCLIC::OCCOCC(COCCO)OCCO,0,development,402
CMPD_02684,OCCOCCOc1ccccc1,c1ccccc1,0,development,402
CMPD_02685,OCCS,ACYCLIC::OCCS,1,development,402
CMPD_02686,OCOCCOCO,ACYCLIC::OCOCCOCO,0,locked_test,402
CMPD_02687,On1ccccc1=S,S=c1cccc[nH]1,0,development,402
CMPD_02688,S=C([S-])NCCNC1=[SH][Zn+2]<-[SH-]1,ACYCLIC::S=C([S-])NCCNC1=[SH][Zn+2]<-[SH-]1,0,development,402
CMPD_02689,S=C(Nc1ccccc1)Nc1ccccc1,S=C(Nc1ccccc1)Nc1ccccc1,0,development,402
CMPD_02690,S=C(S)N(Cc1ccccc1)Cc1ccccc1,c1ccc(CNCc2ccccc2)cc1,0,development,402
CMPD_02691,S=C(SN1CCOCC1)N1CCOCC1,S=C(SN1CCOCC1)N1CCOCC1,0,development,402
CMPD_02692,S=C(SSSSSSC(=S)N1CCCCC1)N1CCCCC1,S=C(SSSSSSC(=S)N1CCCCC1)N1CCCCC1,0,locked_test,402
CMPD_02693,S=c1[nH]c(=S)[nH]c(=S)[nH]1,S=c1[nH]c(=S)[nH]c(=S)[nH]1,0,development,402
CMPD_02694,S=c1[nH]c2ccccc2s1,S=c1[nH]c2ccccc2s1,0,development,402
CMPD_02695,S=C1NCCN1,S=C1NCCN1,0,development,402
CMPD_02696,S=P(Oc1ccccc1)(Oc1ccccc1)Oc1ccccc1,S=P(Oc1ccccc1)(Oc1ccccc1)Oc1ccccc1,0,development,402
CMPD_02697,Sc1ccccc1,c1ccccc1,1,development,402
CMPD_02698,SCc1ccccc1,c1ccccc1,1,development,402
